mean_fit_time,std_fit_time,mean_score_time,std_score_time,param_C,param_cache_size,param_class_weight,param_gamma,param_kernel,params,split0_test_score,split1_test_score,split2_test_score,split3_test_score,split4_test_score,mean_test_score,std_test_score,rank_test_score
0.004910469055175781,0.0013996355243824166,0.0022019386291503907,0.0004002354665798024,1000.0,2000,"{1: 2, 0: 1}",3.593813663804626,rbf,"{'C': np.float64(1000.0), 'cache_size': 2000, 'class_weight': {1: 2, 0: 1}, 'gamma': np.float64(3.593813663804626), 'kernel': 'rbf'}",0.69375,0.9,0.86875,0.8231292517006802,0.6785714285714286,0.7928401360544217,0.09059709375561795,1
0.0030060291290283205,0.0008347090418850551,0.003105354309082031,0.001958967362333161,129.15496650148827,2000,"{1: 3, 0: 1}",10.0,rbf,"{'C': np.float64(129.15496650148827), 'cache_size': 2000, 'class_weight': {1: 3, 0: 1}, 'gamma': np.float64(10.0), 'kernel': 'rbf'}",0.71875,0.875,0.79375,0.8503401360544217,0.6785714285714286,0.78328231292517,0.0750296567385213,2
0.0036201953887939455,0.001764243301642127,0.004605340957641602,0.002060125811365928,129.15496650148827,2000,"{1: 3.5, 0: 1}",10.0,rbf,"{'C': np.float64(129.15496650148827), 'cache_size': 2000, 'class_weight': {1: 3.5, 0: 1}, 'gamma': np.float64(10.0), 'kernel': 'rbf'}",0.74375,0.875,0.7875,0.8503401360544217,0.65,0.7813180272108843,0.08029241715319248,3
0.004410076141357422,0.001165402846648125,0.0024062156677246093,0.00037522553821158465,1000.0,2000,"{1: 3.5, 0: 1}",3.593813663804626,rbf,"{'C': np.float64(1000.0), 'cache_size': 2000, 'class_weight': {1: 3.5, 0: 1}, 'gamma': np.float64(3.593813663804626), 'kernel': 'rbf'}",0.70625,0.88125,0.7875,0.8503401360544217,0.6714285714285715,0.7793537414965985,0.08059810989338305,4
0.00762643814086914,0.004817769717063421,0.008821821212768555,0.005330467638305856,129.15496650148827,2000,"{1: 2, 0: 1}",10.0,rbf,"{'C': np.float64(129.15496650148827), 'cache_size': 2000, 'class_weight': {1: 2, 0: 1}, 'gamma': np.float64(10.0), 'kernel': 'rbf'}",0.6625,0.89375,0.85625,0.8231292517006802,0.6499999999999999,0.7771258503401359,0.10127013742552557,5
0.0032068729400634766,0.000511934971305348,0.00230560302734375,0.0004084703159665051,359.38136638046257,2000,"{1: 2, 0: 1}",10.0,rbf,"{'C': np.float64(359.38136638046257), 'cache_size': 2000, 'class_weight': {1: 2, 0: 1}, 'gamma': np.float64(10.0), 'kernel': 'rbf'}",0.7,0.8875,0.775,0.8435374149659863,0.6714285714285715,0.7754931972789116,0.08210292546403775,6
0.005110788345336914,0.0015373365709850993,0.00410304069519043,0.0015630082317501898,1000.0,2000,"{1: 3, 0: 1}",3.593813663804626,rbf,"{'C': np.float64(1000.0), 'cache_size': 2000, 'class_weight': {1: 3, 0: 1}, 'gamma': np.float64(3.593813663804626), 'kernel': 'rbf'}",0.7,0.9,0.8125,0.8503401360544217,0.6142857142857142,0.7754251700680272,0.10407743644557944,7
0.0024056434631347656,0.0005911259878584308,0.005217123031616211,0.004716531735976584,129.15496650148827,2000,balanced,10.0,rbf,"{'C': np.float64(129.15496650148827), 'cache_size': 2000, 'class_weight': 'balanced', 'gamma': np.float64(10.0), 'kernel': 'rbf'}",0.6625000000000001,0.8875,0.83125,0.8299319727891157,0.6642857142857144,0.7750935374149661,0.09354324502548392,8
0.004104089736938476,0.000861076303111123,0.0022056102752685547,0.00039895640267232393,359.38136638046257,2000,"{1: 3.5, 0: 1}",10.0,rbf,"{'C': np.float64(359.38136638046257), 'cache_size': 2000, 'class_weight': {1: 3.5, 0: 1}, 'gamma': np.float64(10.0), 'kernel': 'rbf'}",0.79375,0.8750000000000001,0.6937500000000001,0.8231292517006802,0.6857142857142857,0.7742687074829933,0.07380896246534087,9
0.0041062355041503905,0.0010244403109995195,0.0024027347564697264,0.0008608148860900603,359.38136638046257,2000,balanced,10.0,rbf,"{'C': np.float64(359.38136638046257), 'cache_size': 2000, 'class_weight': 'balanced', 'gamma': np.float64(10.0), 'kernel': 'rbf'}",0.7375,0.8687499999999999,0.70625,0.8503401360544217,0.7,0.7725680272108842,0.07237877954547695,10
0.008618402481079101,0.00510339296260663,0.0031023025512695312,0.00048808453833113337,1000.0,2000,balanced,3.593813663804626,rbf,"{'C': np.float64(1000.0), 'cache_size': 2000, 'class_weight': 'balanced', 'gamma': np.float64(3.593813663804626), 'kernel': 'rbf'}",0.65,0.89375,0.85625,0.8299319727891157,0.6285714285714286,0.7717006802721089,0.11021120234511747,11
0.0036064624786376954,0.000734407488875574,0.002505779266357422,0.0006305991586670243,359.38136638046257,2000,"{1: 3, 0: 1}",10.0,rbf,"{'C': np.float64(359.38136638046257), 'cache_size': 2000, 'class_weight': {1: 3, 0: 1}, 'gamma': np.float64(10.0), 'kernel': 'rbf'}",0.7625,0.8624999999999999,0.64375,0.8571428571428571,0.7,0.7651785714285714,0.08594092061837999,12
0.0024021148681640627,0.0010679576685183499,0.002802133560180664,0.0004007840284131757,46.41588833612777,2000,"{1: 3, 0: 1}",10.0,rbf,"{'C': np.float64(46.41588833612777), 'cache_size': 2000, 'class_weight': {1: 3, 0: 1}, 'gamma': np.float64(10.0), 'kernel': 'rbf'}",0.6062500000000001,0.9,0.85,0.8367346938775511,0.6142857142857143,0.761454081632653,0.1252592168574703,13
0.0024004459381103517,0.0010202817539583082,0.002708292007446289,0.0005159632461466311,359.38136638046257,2000,"{1: 3.5, 0: 1}",3.593813663804626,rbf,"{'C': np.float64(359.38136638046257), 'cache_size': 2000, 'class_weight': {1: 3.5, 0: 1}, 'gamma': np.float64(3.593813663804626), 'kernel': 'rbf'}",0.6749999999999999,0.875,0.7875,0.8299319727891157,0.6214285714285714,0.7577721088435374,0.09515666465306456,14
0.0025060176849365234,0.0004426417211129255,0.0025022029876708984,0.0006330521252467338,359.38136638046257,2000,"{1: 2, 0: 1}",3.593813663804626,rbf,"{'C': np.float64(359.38136638046257), 'cache_size': 2000, 'class_weight': {1: 2, 0: 1}, 'gamma': np.float64(3.593813663804626), 'kernel': 'rbf'}",0.63125,0.86875,0.925,0.8027210884353742,0.557142857142857,0.7569727891156461,0.14039830253715652,15
0.0024061679840087892,0.00038055648564987887,0.0038062572479248048,0.002388071487212244,46.41588833612777,2000,balanced,10.0,rbf,"{'C': np.float64(46.41588833612777), 'cache_size': 2000, 'class_weight': 'balanced', 'gamma': np.float64(10.0), 'kernel': 'rbf'}",0.6249999999999999,0.90625,0.8875,0.8027210884353742,0.557142857142857,0.7557227891156463,0.14053821661065732,16
0.0017046451568603516,0.0004024083671326504,0.006817245483398437,0.008646815160797051,16.68100537200059,2000,"{1: 2, 0: 1}",10.0,rbf,"{'C': np.float64(16.68100537200059), 'cache_size': 2000, 'class_weight': {1: 2, 0: 1}, 'gamma': np.float64(10.0), 'kernel': 'rbf'}",0.65,0.8624999999999999,0.9125,0.7755102040816326,0.5642857142857143,0.7529591836734694,0.12973764495364268,17
0.0019025325775146485,0.00019917993240033138,0.0027063846588134765,0.0008758844523547552,46.41588833612777,2000,"{1: 2, 0: 1}",10.0,rbf,"{'C': np.float64(46.41588833612777), 'cache_size': 2000, 'class_weight': {1: 2, 0: 1}, 'gamma': np.float64(10.0), 'kernel': 'rbf'}",0.6312500000000001,0.86875,0.9125,0.8027210884353742,0.5428571428571428,0.7516156462585034,0.1416220320903168,18
0.002805614471435547,0.00023903269830237157,0.0023031234741210938,0.0006032004375214589,359.38136638046257,2000,"{1: 3, 0: 1}",3.593813663804626,rbf,"{'C': np.float64(359.38136638046257), 'cache_size': 2000, 'class_weight': {1: 3, 0: 1}, 'gamma': np.float64(3.593813663804626), 'kernel': 'rbf'}",0.6187499999999999,0.88125,0.8624999999999999,0.8231292517006802,0.5499999999999999,0.7471258503401359,0.13595290270749277,19
0.0021062374114990236,0.00021026309539597433,0.002202558517456055,0.0002466064406519962,46.41588833612777,2000,"{1: 3.5, 0: 1}",10.0,rbf,"{'C': np.float64(46.41588833612777), 'cache_size': 2000, 'class_weight': {1: 3.5, 0: 1}, 'gamma': np.float64(10.0), 'kernel': 'rbf'}",0.6749999999999999,0.8875,0.725,0.8299319727891157,0.6142857142857142,0.7463435374149661,0.09989683581347304,20
0.002806997299194336,0.0005121713354535612,0.002102041244506836,0.0004894655875526698,359.38136638046257,2000,balanced,3.593813663804626,rbf,"{'C': np.float64(359.38136638046257), 'cache_size': 2000, 'class_weight': 'balanced', 'gamma': np.float64(3.593813663804626), 'kernel': 'rbf'}",0.60625,0.90625,0.875,0.7891156462585034,0.5499999999999999,0.7453231292517006,0.14291521485289027,21
0.0016052722930908203,0.000589347733971898,0.0026049137115478514,0.0008066747855630341,16.68100537200059,2000,"{1: 3, 0: 1}",10.0,rbf,"{'C': np.float64(16.68100537200059), 'cache_size': 2000, 'class_weight': {1: 3, 0: 1}, 'gamma': np.float64(10.0), 'kernel': 'rbf'}",0.6187499999999999,0.90625,0.8125,0.7891156462585034,0.5857142857142857,0.7424659863945579,0.12147666269333612,22
0.0017017364501953126,0.0007479097358452769,0.0026076316833496095,0.000371265007173645,129.15496650148827,2000,"{1: 2, 0: 1}",3.593813663804626,rbf,"{'C': np.float64(129.15496650148827), 'cache_size': 2000, 'class_weight': {1: 2, 0: 1}, 'gamma': np.float64(3.593813663804626), 'kernel': 'rbf'}",0.6125,0.8624999999999999,0.90625,0.7755102040816326,0.55,0.7413520408163266,0.13874681763707164,23
0.0029030323028564455,0.0001982774338159069,0.0026061534881591797,0.0009707103690810384,129.15496650148827,2000,balanced,3.593813663804626,rbf,"{'C': np.float64(129.15496650148827), 'cache_size': 2000, 'class_weight': 'balanced', 'gamma': np.float64(3.593813663804626), 'kernel': 'rbf'}",0.61875,0.8624999999999999,0.8624999999999999,0.7755102040816326,0.5857142857142857,0.7409948979591837,0.11813057996710782,24
0.0022023677825927734,0.0010300409172181175,0.003307199478149414,0.0013300154960674943,129.15496650148827,2000,"{1: 3, 0: 1}",3.593813663804626,rbf,"{'C': np.float64(129.15496650148827), 'cache_size': 2000, 'class_weight': {1: 3, 0: 1}, 'gamma': np.float64(3.593813663804626), 'kernel': 'rbf'}",0.6187499999999999,0.89375,0.825,0.8027210884353742,0.5571428571428572,0.7394727891156462,0.1287904537392525,25
0.0015019416809082032,0.0004484108182416256,0.002105236053466797,0.0001999454453622642,5.994842503189409,2000,"{1: 2, 0: 1}",10.0,rbf,"{'C': np.float64(5.994842503189409), 'cache_size': 2000, 'class_weight': {1: 2, 0: 1}, 'gamma': np.float64(10.0), 'kernel': 'rbf'}",0.60625,0.8750000000000001,0.86875,0.7687074829931972,0.5785714285714285,0.7394557823129251,0.12615264356232853,26
0.002505207061767578,0.0004477377413507917,0.003006744384765625,0.0008336628655052918,1000.0,2000,"{1: 2, 0: 1}",1.2915496650148828,rbf,"{'C': np.float64(1000.0), 'cache_size': 2000, 'class_weight': {1: 2, 0: 1}, 'gamma': np.float64(1.2915496650148828), 'kernel': 'rbf'}",0.6125,0.8687499999999999,0.8937499999999999,0.7687074829931972,0.5499999999999999,0.7387414965986394,0.1366660714484385,27
0.0022017955780029297,0.00039935574600045564,0.0029067039489746095,0.0003790275541376887,16.68100537200059,2000,balanced,10.0,rbf,"{'C': np.float64(16.68100537200059), 'cache_size': 2000, 'class_weight': 'balanced', 'gamma': np.float64(10.0), 'kernel': 'rbf'}",0.625,0.8687499999999999,0.8375,0.782312925170068,0.5785714285714285,0.7384268707482992,0.11588356754234345,28
0.0035091400146484374,0.0012667198502439403,0.005309438705444336,0.0027326170583113173,1000.0,2000,"{1: 3, 0: 1}",1.2915496650148828,rbf,"{'C': np.float64(1000.0), 'cache_size': 2000, 'class_weight': {1: 3, 0: 1}, 'gamma': np.float64(1.2915496650148828), 'kernel': 'rbf'}",0.6187499999999999,0.88125,0.8187500000000001,0.8027210884353743,0.5642857142857143,0.7371513605442177,0.12298256697992159,29
0.003421449661254883,0.000738251749684291,0.0025020599365234374,0.0007745123683249942,1000.0,2000,"{1: 3.5, 0: 1}",1.2915496650148828,rbf,"{'C': np.float64(1000.0), 'cache_size': 2000, 'class_weight': {1: 3.5, 0: 1}, 'gamma': np.float64(1.2915496650148828), 'kernel': 'rbf'}",0.6187499999999999,0.8875000000000001,0.7875000000000001,0.8095238095238095,0.5714285714285714,0.7349404761904761,0.11986321805743375,30
0.0021045684814453127,0.00048825962886773756,0.0024034976959228516,0.000375439274033116,129.15496650148827,2000,"{1: 3.5, 0: 1}",3.593813663804626,rbf,"{'C': np.float64(129.15496650148827), 'cache_size': 2000, 'class_weight': {1: 3.5, 0: 1}, 'gamma': np.float64(3.593813663804626), 'kernel': 'rbf'}",0.6187499999999999,0.90625,0.76875,0.8095238095238095,0.5714285714285714,0.7349404761904761,0.12352253253185796,30
0.002001953125,0.0003164367117271481,0.003006172180175781,0.0006327786008876947,46.41588833612777,2000,"{1: 2, 0: 1}",3.593813663804626,rbf,"{'C': np.float64(46.41588833612777), 'cache_size': 2000, 'class_weight': {1: 2, 0: 1}, 'gamma': np.float64(3.593813663804626), 'kernel': 'rbf'}",0.61875,0.8750000000000001,0.825,0.7687074829931972,0.5714285714285714,0.7317772108843537,0.11751930675954061,32
0.004906702041625977,0.0015664882538788455,0.004009103775024414,0.0012656717855850106,1000.0,2000,balanced,1.2915496650148828,rbf,"{'C': np.float64(1000.0), 'cache_size': 2000, 'class_weight': 'balanced', 'gamma': np.float64(1.2915496650148828), 'kernel': 'rbf'}",0.60625,0.8562500000000001,0.84375,0.7687074829931972,0.5785714285714285,0.730705782312925,0.11714826361598406,33
0.002201271057128906,0.00039949545173685645,0.002405738830566406,0.000592043070291857,16.68100537200059,2000,"{1: 3.5, 0: 1}",10.0,rbf,"{'C': np.float64(16.68100537200059), 'cache_size': 2000, 'class_weight': {1: 3.5, 0: 1}, 'gamma': np.float64(10.0), 'kernel': 'rbf'}",0.6124999999999999,0.91875,0.7125,0.8231292517006802,0.5714285714285715,0.7276615646258503,0.12925144222136706,34
0.00170135498046875,0.0003999490247532613,0.0021053314208984374,0.00020095026739706004,46.41588833612777,2000,"{1: 3, 0: 1}",3.593813663804626,rbf,"{'C': np.float64(46.41588833612777), 'cache_size': 2000, 'class_weight': {1: 3, 0: 1}, 'gamma': np.float64(3.593813663804626), 'kernel': 'rbf'}",0.625,0.8812499999999999,0.76875,0.7687074829931972,0.5928571428571429,0.727312925170068,0.1055210459095876,35
0.0023031234741210938,0.0006787715060076221,0.002602291107177734,0.0004902341094208659,5.994842503189409,2000,balanced,10.0,rbf,"{'C': np.float64(5.994842503189409), 'cache_size': 2000, 'class_weight': 'balanced', 'gamma': np.float64(10.0), 'kernel': 'rbf'}",0.625,0.88125,0.78125,0.7687074829931972,0.5785714285714285,0.7269557823129251,0.1103727051203649,36
0.0021015167236328124,0.000799556582701298,0.002713727951049805,0.0006174196715769652,359.38136638046257,2000,"{1: 2, 0: 1}",1.2915496650148828,rbf,"{'C': np.float64(359.38136638046257), 'cache_size': 2000, 'class_weight': {1: 2, 0: 1}, 'gamma': np.float64(1.2915496650148828), 'kernel': 'rbf'}",0.6062500000000001,0.8750000000000001,0.8125,0.7687074829931972,0.5714285714285714,0.7267772108843538,0.1180987280629497,37
0.0024005889892578123,0.0004896293271745084,0.002205944061279297,0.00025128773533167326,46.41588833612777,2000,balanced,3.593813663804626,rbf,"{'C': np.float64(46.41588833612777), 'cache_size': 2000, 'class_weight': 'balanced', 'gamma': np.float64(3.593813663804626), 'kernel': 'rbf'}",0.6124999999999999,0.8687499999999999,0.7875000000000001,0.7687074829931972,0.5857142857142856,0.7246343537414965,0.10820050673425748,38
0.002506065368652344,0.000632678089479433,0.0016003131866455078,0.0004901156389733479,1000.0,2000,"{1: 2, 0: 1}",3.593813663804626,poly,"{'C': np.float64(1000.0), 'cache_size': 2000, 'class_weight': {1: 2, 0: 1}, 'gamma': np.float64(3.593813663804626), 'kernel': 'poly'}",0.56875,0.8687499999999999,0.825,0.7755102040816326,0.5714285714285714,0.7218877551020408,0.12740891573850957,39
0.0018013954162597657,0.00040061682070178666,0.002910757064819336,0.0005917538489947711,46.41588833612777,2000,"{1: 2, 0: 1}",10.0,poly,"{'C': np.float64(46.41588833612777), 'cache_size': 2000, 'class_weight': {1: 2, 0: 1}, 'gamma': np.float64(10.0), 'kernel': 'poly'}",0.56875,0.8687499999999999,0.825,0.7755102040816326,0.5714285714285714,0.7218877551020408,0.12740891573850957,39
0.002308940887451172,0.0003990483089627025,0.002604246139526367,0.0009699993129213099,359.38136638046257,2000,balanced,1.2915496650148828,rbf,"{'C': np.float64(359.38136638046257), 'cache_size': 2000, 'class_weight': 'balanced', 'gamma': np.float64(1.2915496650148828), 'kernel': 'rbf'}",0.6,0.875,0.78125,0.7619047619047619,0.5857142857142856,0.7207738095238095,0.11132136427983948,41
0.002005147933959961,6.9320381251240005e-06,0.002101278305053711,0.0007997049130126485,359.38136638046257,2000,"{1: 3, 0: 1}",1.2915496650148828,rbf,"{'C': np.float64(359.38136638046257), 'cache_size': 2000, 'class_weight': {1: 3, 0: 1}, 'gamma': np.float64(1.2915496650148828), 'kernel': 'rbf'}",0.61875,0.8625,0.75625,0.7687074829931972,0.5928571428571429,0.719812925170068,0.10040859030682744,42
0.0020017623901367188,1.8590534867875983e-06,0.0028131484985351564,0.0013873910867138307,129.15496650148827,2000,"{1: 3, 0: 1}",1.2915496650148828,rbf,"{'C': np.float64(129.15496650148827), 'cache_size': 2000, 'class_weight': {1: 3, 0: 1}, 'gamma': np.float64(1.2915496650148828), 'kernel': 'rbf'}",0.6249999999999999,0.875,0.7375,0.7755102040816326,0.5857142857142856,0.7197448979591836,0.10437428843652338,43
0.002201747894287109,0.0007491707762932851,0.0022063255310058594,0.00025189646702813767,46.41588833612777,2000,balanced,10.0,poly,"{'C': np.float64(46.41588833612777), 'cache_size': 2000, 'class_weight': 'balanced', 'gamma': np.float64(10.0), 'kernel': 'poly'}",0.575,0.8625,0.81875,0.7755102040816326,0.5642857142857143,0.7192091836734693,0.12522620099674286,44
0.002909088134765625,0.0008088774620766316,0.0031043529510498048,0.0011574368990533313,1000.0,2000,balanced,3.593813663804626,poly,"{'C': np.float64(1000.0), 'cache_size': 2000, 'class_weight': 'balanced', 'gamma': np.float64(3.593813663804626), 'kernel': 'poly'}",0.575,0.8625,0.81875,0.7755102040816326,0.5642857142857143,0.7192091836734693,0.12522620099674286,44
0.0024123191833496094,0.0014106634228120518,0.0026070117950439454,0.0005881791391204291,2.1544346900318834,2000,"{1: 2, 0: 1}",10.0,poly,"{'C': np.float64(2.1544346900318834), 'cache_size': 2000, 'class_weight': {1: 2, 0: 1}, 'gamma': np.float64(10.0), 'kernel': 'poly'}",0.5625,0.88125,0.81875,0.7755102040816326,0.5571428571428572,0.7190306122448981,0.13428217169354806,46
0.0016035079956054688,0.00048680549527181584,0.0028028964996337892,0.0009288131482122447,1000.0,2000,"{1: 2, 0: 1}",1.2915496650148828,poly,"{'C': np.float64(1000.0), 'cache_size': 2000, 'class_weight': {1: 2, 0: 1}, 'gamma': np.float64(1.2915496650148828), 'kernel': 'poly'}",0.5625,0.88125,0.81875,0.7755102040816326,0.5571428571428572,0.7190306122448981,0.13428217169354806,46
0.0020026206970214845,0.0005498175106995608,0.0031058788299560547,0.0009191933017920222,46.41588833612777,2000,"{1: 2, 0: 1}",3.593813663804626,poly,"{'C': np.float64(46.41588833612777), 'cache_size': 2000, 'class_weight': {1: 2, 0: 1}, 'gamma': np.float64(3.593813663804626), 'kernel': 'poly'}",0.5625,0.88125,0.81875,0.7755102040816326,0.5571428571428572,0.7190306122448981,0.13428217169354806,46
0.0032073020935058593,0.002343549811424175,0.0033079147338867187,0.0016405473360038096,5.994842503189409,2000,"{1: 3, 0: 1}",10.0,rbf,"{'C': np.float64(5.994842503189409), 'cache_size': 2000, 'class_weight': {1: 3, 0: 1}, 'gamma': np.float64(10.0), 'kernel': 'rbf'}",0.6062500000000001,0.90625,0.73125,0.7755102040816326,0.5714285714285714,0.7181377551020409,0.12074121074814491,49
0.003609323501586914,0.0007340764502410008,0.0028037548065185545,0.0005110017658080578,359.38136638046257,2000,"{1: 2, 0: 1}",10.0,poly,"{'C': np.float64(359.38136638046257), 'cache_size': 2000, 'class_weight': {1: 2, 0: 1}, 'gamma': np.float64(10.0), 'kernel': 'poly'}",0.5375000000000001,0.78125,0.76875,0.8231292517006803,0.6785714285714286,0.717840136054422,0.10174774594617558,50
0.0022016525268554687,0.00039954223899126283,0.0026151180267333985,0.0003713607543177271,1000.0,2000,"{1: 2, 0: 1}",0.46415888336127775,rbf,"{'C': np.float64(1000.0), 'cache_size': 2000, 'class_weight': {1: 2, 0: 1}, 'gamma': np.float64(0.46415888336127775), 'kernel': 'rbf'}",0.5875,0.88125,0.775,0.7619047619047619,0.5785714285714286,0.7168452380952381,0.11686838731944803,51
0.0023056507110595704,0.0010729789543168808,0.004006576538085937,0.0018231798088053552,2.1544346900318834,2000,"{1: 2, 0: 1}",10.0,rbf,"{'C': np.float64(2.1544346900318834), 'cache_size': 2000, 'class_weight': {1: 2, 0: 1}, 'gamma': np.float64(10.0), 'kernel': 'rbf'}",0.575,0.8875,0.78125,0.7755102040816326,0.5571428571428572,0.7152806122448979,0.12831623524157906,52
0.0022051334381103516,0.001698892997375886,0.0022019386291503907,0.00040011719913953355,359.38136638046257,2000,"{1: 3, 0: 1}",3.593813663804626,poly,"{'C': np.float64(359.38136638046257), 'cache_size': 2000, 'class_weight': {1: 3, 0: 1}, 'gamma': np.float64(3.593813663804626), 'kernel': 'poly'}",0.56875,0.8687500000000001,0.80625,0.7755102040816326,0.5571428571428572,0.7152806122448979,0.12801144959171532,52
0.001709890365600586,0.0005117020705442101,0.0029059886932373048,0.0011116683300161963,16.68100537200059,2000,"{1: 3, 0: 1}",10.0,poly,"{'C': np.float64(16.68100537200059), 'cache_size': 2000, 'class_weight': {1: 3, 0: 1}, 'gamma': np.float64(10.0), 'kernel': 'poly'}",0.56875,0.8687500000000001,0.80625,0.7755102040816326,0.5571428571428572,0.7152806122448979,0.12801144959171532,52
0.0017045021057128906,0.0006054290327465554,0.0020027637481689455,0.00031681677285798316,129.15496650148827,2000,"{1: 2, 0: 1}",1.2915496650148828,rbf,"{'C': np.float64(129.15496650148827), 'cache_size': 2000, 'class_weight': {1: 2, 0: 1}, 'gamma': np.float64(1.2915496650148828), 'kernel': 'rbf'}",0.58125,0.88125,0.7875000000000001,0.7619047619047619,0.5642857142857144,0.7152380952380952,0.12304384922538607,55
0.002202463150024414,0.0005100080343553646,0.003908491134643555,0.001570085155271155,1000.0,2000,"{1: 3, 0: 1}",0.46415888336127775,rbf,"{'C': np.float64(1000.0), 'cache_size': 2000, 'class_weight': {1: 3, 0: 1}, 'gamma': np.float64(0.46415888336127775), 'kernel': 'rbf'}",0.60625,0.875,0.74375,0.782312925170068,0.5642857142857143,0.7143197278911565,0.114452293085467,56
0.0036017894744873047,0.0012015511566599738,0.004008817672729492,0.0011871254459151668,2.1544346900318834,2000,"{1: 3, 0: 1}",10.0,rbf,"{'C': np.float64(2.1544346900318834), 'cache_size': 2000, 'class_weight': {1: 3, 0: 1}, 'gamma': np.float64(10.0), 'kernel': 'rbf'}",0.6375000000000001,0.925,0.61875,0.7959183673469388,0.5928571428571427,0.7140051020408162,0.1271471770157471,57
0.0018033981323242188,0.000510644621069313,0.002314043045043945,0.00039188879760586776,129.15496650148827,2000,"{1: 2, 0: 1}",3.593813663804626,poly,"{'C': np.float64(129.15496650148827), 'cache_size': 2000, 'class_weight': {1: 2, 0: 1}, 'gamma': np.float64(3.593813663804626), 'kernel': 'poly'}",0.55625,0.8687500000000001,0.81875,0.7619047619047619,0.5642857142857143,0.7139880952380953,0.13001109210484615,58
0.0017052650451660155,0.000988512142277777,0.002301931381225586,0.000399950104914415,5.994842503189409,2000,"{1: 2, 0: 1}",10.0,poly,"{'C': np.float64(5.994842503189409), 'cache_size': 2000, 'class_weight': {1: 2, 0: 1}, 'gamma': np.float64(10.0), 'kernel': 'poly'}",0.55625,0.8687500000000001,0.81875,0.7619047619047619,0.5642857142857143,0.7139880952380953,0.13001109210484615,58
0.006717491149902344,0.0017165679355966256,0.0028008460998535157,0.0007479841391274826,1000.0,2000,"{1: 2, 0: 1}",10.0,poly,"{'C': np.float64(1000.0), 'cache_size': 2000, 'class_weight': {1: 2, 0: 1}, 'gamma': np.float64(10.0), 'kernel': 'poly'}",0.525,0.8437499999999999,0.7125,0.8163265306122449,0.6642857142857144,0.7123724489795918,0.11444413218649536,60
0.0019025325775146485,0.0004917267312505104,0.0034090518951416016,0.000978866860507155,16.68100537200059,2000,"{1: 3, 0: 1}",3.593813663804626,rbf,"{'C': np.float64(16.68100537200059), 'cache_size': 2000, 'class_weight': {1: 3, 0: 1}, 'gamma': np.float64(3.593813663804626), 'kernel': 'rbf'}",0.61875,0.875,0.6875,0.7755102040816326,0.5999999999999999,0.7113520408163264,0.10241119007898708,61
0.0018006324768066405,0.00040023336460514366,0.0023087978363037108,0.0006810301475401708,16.68100537200059,2000,"{1: 2, 0: 1}",3.593813663804626,rbf,"{'C': np.float64(16.68100537200059), 'cache_size': 2000, 'class_weight': {1: 2, 0: 1}, 'gamma': np.float64(3.593813663804626), 'kernel': 'rbf'}",0.5625,0.88125,0.79375,0.7687074829931972,0.55,0.7112414965986394,0.13201192142407014,62
0.005208778381347656,0.0009322292590446337,0.002305269241333008,0.0004018163882195149,1000.0,2000,balanced,10.0,rbf,"{'C': np.float64(1000.0), 'cache_size': 2000, 'class_weight': 'balanced', 'gamma': np.float64(10.0), 'kernel': 'rbf'}",0.73125,0.8625,0.42500000000000004,0.8571428571428571,0.6785714285714286,0.7108928571428571,0.15972952265678145,63
0.0019014358520507812,0.00019886661612754405,0.0024180889129638674,0.0007340558645562942,46.41588833612777,2000,"{1: 3.5, 0: 1}",3.593813663804626,rbf,"{'C': np.float64(46.41588833612777), 'cache_size': 2000, 'class_weight': {1: 3.5, 0: 1}, 'gamma': np.float64(3.593813663804626), 'kernel': 'rbf'}",0.6375,0.8937499999999999,0.66875,0.7755102040816326,0.5785714285714285,0.7108163265306123,0.11160967635608425,64
0.0028007030487060547,0.0007482645160051497,0.0032142162322998046,0.0012537031871553048,1000.0,2000,"{1: 3.5, 0: 1}",0.46415888336127775,rbf,"{'C': np.float64(1000.0), 'cache_size': 2000, 'class_weight': {1: 3.5, 0: 1}, 'gamma': np.float64(0.46415888336127775), 'kernel': 'rbf'}",0.6687500000000001,0.875,0.6625,0.7755102040816326,0.5714285714285714,0.7106377551020409,0.10456998278405978,65
0.0022124767303466795,0.00039492848108088824,0.0028025150299072266,0.0005095781504542207,359.38136638046257,2000,"{1: 3.5, 0: 1}",1.2915496650148828,rbf,"{'C': np.float64(359.38136638046257), 'cache_size': 2000, 'class_weight': {1: 3.5, 0: 1}, 'gamma': np.float64(1.2915496650148828), 'kernel': 'rbf'}",0.63125,0.875,0.7,0.7755102040816326,0.5714285714285714,0.7106377551020409,0.10678778628409974,65
0.0020014762878417967,0.000632939342833241,0.0025063514709472655,0.0005556080008160762,16.68100537200059,2000,balanced,3.593813663804626,rbf,"{'C': np.float64(16.68100537200059), 'cache_size': 2000, 'class_weight': 'balanced', 'gamma': np.float64(3.593813663804626), 'kernel': 'rbf'}",0.63125,0.8687499999999999,0.7125,0.782312925170068,0.5571428571428572,0.710391156462585,0.10954731877340468,67
0.0019044876098632812,0.00020035895077793965,0.00230259895324707,0.0003990314371286211,16.68100537200059,2000,balanced,10.0,poly,"{'C': np.float64(16.68100537200059), 'cache_size': 2000, 'class_weight': 'balanced', 'gamma': np.float64(10.0), 'kernel': 'poly'}",0.55,0.8687500000000001,0.79375,0.7687074829931972,0.5642857142857143,0.7090986394557823,0.12844515122531305,68
0.0030069828033447267,0.000705622837243049,0.0021049976348876953,0.00020706770950933555,359.38136638046257,2000,balanced,3.593813663804626,poly,"{'C': np.float64(359.38136638046257), 'cache_size': 2000, 'class_weight': 'balanced', 'gamma': np.float64(3.593813663804626), 'kernel': 'poly'}",0.55,0.8687500000000001,0.79375,0.7687074829931972,0.5642857142857143,0.7090986394557823,0.12844515122531305,68
0.0018138408660888672,0.0004076582183051797,0.0020024776458740234,0.00031674351059183815,359.38136638046257,2000,"{1: 3.5, 0: 1}",3.593813663804626,poly,"{'C': np.float64(359.38136638046257), 'cache_size': 2000, 'class_weight': {1: 3.5, 0: 1}, 'gamma': np.float64(3.593813663804626), 'kernel': 'poly'}",0.5625,0.8625,0.79375,0.782312925170068,0.5428571428571428,0.7087840136054421,0.13052590794625463,70
0.0017049789428710937,0.0004023002336971405,0.0028165340423583984,0.0008151067353489665,16.68100537200059,2000,"{1: 3.5, 0: 1}",10.0,poly,"{'C': np.float64(16.68100537200059), 'cache_size': 2000, 'class_weight': {1: 3.5, 0: 1}, 'gamma': np.float64(10.0), 'kernel': 'poly'}",0.5625,0.8625,0.79375,0.782312925170068,0.5428571428571428,0.7087840136054421,0.13052590794625463,70
0.0020026206970214845,0.0007075972081944682,0.0031064033508300783,0.002200828539704751,359.38136638046257,2000,"{1: 2, 0: 1}",3.593813663804626,poly,"{'C': np.float64(359.38136638046257), 'cache_size': 2000, 'class_weight': {1: 2, 0: 1}, 'gamma': np.float64(3.593813663804626), 'kernel': 'poly'}",0.55,0.8749999999999999,0.80625,0.7551020408163265,0.557142857142857,0.7086989795918367,0.13227252128672398,72
0.001905202865600586,0.0004952308461182107,0.001901865005493164,0.0004913438920183816,16.68100537200059,2000,"{1: 2, 0: 1}",10.0,poly,"{'C': np.float64(16.68100537200059), 'cache_size': 2000, 'class_weight': {1: 2, 0: 1}, 'gamma': np.float64(10.0), 'kernel': 'poly'}",0.55,0.8749999999999999,0.80625,0.7551020408163265,0.557142857142857,0.7086989795918367,0.13227252128672398,72
0.0044057369232177734,0.00241334518771948,0.0026062488555908202,0.0005901438964013879,5.994842503189409,2000,"{1: 3.5, 0: 1}",10.0,rbf,"{'C': np.float64(5.994842503189409), 'cache_size': 2000, 'class_weight': {1: 3.5, 0: 1}, 'gamma': np.float64(10.0), 'kernel': 'rbf'}",0.6312500000000001,0.9125,0.65,0.7755102040816326,0.5714285714285714,0.7081377551020408,0.12188855596391632,74
0.003507661819458008,0.0025197250512434947,0.002002382278442383,1.489686904126483e-06,129.15496650148827,2000,balanced,1.2915496650148828,rbf,"{'C': np.float64(129.15496650148827), 'cache_size': 2000, 'class_weight': 'balanced', 'gamma': np.float64(1.2915496650148828), 'kernel': 'rbf'}",0.58125,0.875,0.7375,0.7891156462585034,0.5571428571428572,0.7080017006802721,0.12178870071110331,75
0.0024018287658691406,0.0010205824129893742,0.002605628967285156,0.0005898893760905053,0.774263682681127,2000,"{1: 3, 0: 1}",10.0,rbf,"{'C': np.float64(0.774263682681127), 'cache_size': 2000, 'class_weight': {1: 3, 0: 1}, 'gamma': np.float64(10.0), 'kernel': 'rbf'}",0.64375,0.90625,0.56875,0.7414965986394557,0.6714285714285714,0.7063350340136053,0.11425175574098512,76
0.002419137954711914,0.0008734787169950252,0.003407192230224609,0.0008618002161762477,46.41588833612777,2000,"{1: 3, 0: 1}",10.0,poly,"{'C': np.float64(46.41588833612777), 'cache_size': 2000, 'class_weight': {1: 3, 0: 1}, 'gamma': np.float64(10.0), 'kernel': 'poly'}",0.575,0.85625,0.8125,0.7278911564625851,0.5571428571428572,0.7057568027210884,0.12142132307488569,77
0.0037032127380371093,0.001777521113990852,0.0031025886535644533,0.0019591858425982004,1000.0,2000,"{1: 3, 0: 1}",3.593813663804626,poly,"{'C': np.float64(1000.0), 'cache_size': 2000, 'class_weight': {1: 3, 0: 1}, 'gamma': np.float64(3.593813663804626), 'kernel': 'poly'}",0.575,0.85625,0.8125,0.7278911564625851,0.5571428571428572,0.7057568027210884,0.12142132307488569,77
0.0025043487548828125,0.0005486889780888528,0.00390625,0.001560457632482735,129.15496650148827,2000,"{1: 3.5, 0: 1}",1.2915496650148828,rbf,"{'C': np.float64(129.15496650148827), 'cache_size': 2000, 'class_weight': {1: 3.5, 0: 1}, 'gamma': np.float64(1.2915496650148828), 'kernel': 'rbf'}",0.65625,0.875,0.64375,0.782312925170068,0.5714285714285714,0.7057482993197277,0.10848404506618037,79
0.004915809631347657,0.0017751507244747574,0.003302145004272461,0.0010770002690083215,359.38136638046257,2000,"{1: 3.5, 0: 1}",10.0,poly,"{'C': np.float64(359.38136638046257), 'cache_size': 2000, 'class_weight': {1: 3.5, 0: 1}, 'gamma': np.float64(10.0), 'kernel': 'poly'}",0.575,0.7625,0.69375,0.8163265306122449,0.6785714285714286,0.7052295918367347,0.08176137809975653,80
0.005108499526977539,0.0018845273439893316,0.0027050018310546876,0.00039816412665476394,129.15496650148827,2000,"{1: 2, 0: 1}",10.0,poly,"{'C': np.float64(129.15496650148827), 'cache_size': 2000, 'class_weight': {1: 2, 0: 1}, 'gamma': np.float64(10.0), 'kernel': 'poly'}",0.5687500000000001,0.85625,0.78125,0.7551020408163265,0.5642857142857143,0.705127551020408,0.11795366111463298,81
0.0023019790649414064,0.0004015810441096844,0.0029068470001220705,0.0008030517403165351,2.1544346900318834,2000,"{1: 3.5, 0: 1}",10.0,rbf,"{'C': np.float64(2.1544346900318834), 'cache_size': 2000, 'class_weight': {1: 3.5, 0: 1}, 'gamma': np.float64(10.0), 'kernel': 'rbf'}",0.6625,0.90625,0.56875,0.7687074829931972,0.6142857142857142,0.7040986394557824,0.120959115214876,82
0.0019012928009033204,0.0004911789047135479,0.002102041244506836,0.0004902440857931762,16.68100537200059,2000,"{1: 3.5, 0: 1}",3.593813663804626,rbf,"{'C': np.float64(16.68100537200059), 'cache_size': 2000, 'class_weight': {1: 3.5, 0: 1}, 'gamma': np.float64(3.593813663804626), 'kernel': 'rbf'}",0.65,0.8875,0.5875,0.7823129251700679,0.607142857142857,0.7028911564625849,0.11460241943448601,83
0.001105022430419922,0.00019959120747943228,0.004207038879394531,0.004156838327881097,16.68100537200059,2000,"{1: 2, 0: 1}",0.46415888336127775,poly,"{'C': np.float64(16.68100537200059), 'cache_size': 2000, 'class_weight': {1: 2, 0: 1}, 'gamma': np.float64(0.46415888336127775), 'kernel': 'poly'}",0.7125,0.8250000000000001,0.66875,0.7346938775510204,0.5642857142857143,0.7010459183673469,0.08529287808522847,84
0.0021021366119384766,0.00048813375279275323,0.002105093002319336,0.00020785465730120068,0.774263682681127,2000,"{1: 2, 0: 1}",1.2915496650148828,poly,"{'C': np.float64(0.774263682681127), 'cache_size': 2000, 'class_weight': {1: 2, 0: 1}, 'gamma': np.float64(1.2915496650148828), 'kernel': 'poly'}",0.7125,0.8250000000000001,0.66875,0.7346938775510204,0.5642857142857143,0.7010459183673469,0.08529287808522847,84
0.0020014762878417967,0.0010955840411417804,0.002806234359741211,0.000929568050155246,359.38136638046257,2000,"{1: 2, 0: 1}",0.1668100537200059,poly,"{'C': np.float64(359.38136638046257), 'cache_size': 2000, 'class_weight': {1: 2, 0: 1}, 'gamma': np.float64(0.1668100537200059), 'kernel': 'poly'}",0.7125,0.8250000000000001,0.66875,0.7346938775510204,0.5642857142857143,0.7010459183673469,0.08529287808522847,84
0.002509450912475586,0.0005555059489500481,0.0029062271118164063,0.0008057647942612676,1000.0,2000,"{1: 3.5, 0: 1}",3.593813663804626,poly,"{'C': np.float64(1000.0), 'cache_size': 2000, 'class_weight': {1: 3.5, 0: 1}, 'gamma': np.float64(3.593813663804626), 'kernel': 'poly'}",0.59375,0.8374999999999999,0.7875,0.7278911564625851,0.5571428571428572,0.7007568027210885,0.10865981651220774,87
0.002307701110839844,0.0006871268519108804,0.002602243423461914,0.0004894163908716395,0.774263682681127,2000,"{1: 3.5, 0: 1}",10.0,rbf,"{'C': np.float64(0.774263682681127), 'cache_size': 2000, 'class_weight': {1: 3.5, 0: 1}, 'gamma': np.float64(10.0), 'kernel': 'rbf'}",0.65625,0.88125,0.54375,0.7006802721088435,0.7214285714285714,0.700671768707483,0.10921270766502375,88
0.0039051055908203127,0.000733970306668583,0.002415037155151367,0.0004783657036255251,129.15496650148827,2000,"{1: 3, 0: 1}",10.0,poly,"{'C': np.float64(129.15496650148827), 'cache_size': 2000, 'class_weight': {1: 3, 0: 1}, 'gamma': np.float64(10.0), 'kernel': 'poly'}",0.5625,0.775,0.7687499999999999,0.8299319727891157,0.5642857142857143,0.7000935374149659,0.11362962083327593,89
0.002401399612426758,0.0004901359581791791,0.0020059585571289063,0.0005525398094730045,129.15496650148827,2000,"{1: 3.5, 0: 1}",10.0,poly,"{'C': np.float64(129.15496650148827), 'cache_size': 2000, 'class_weight': {1: 3.5, 0: 1}, 'gamma': np.float64(10.0), 'kernel': 'poly'}",0.575,0.775,0.7625,0.8231292517006802,0.5642857142857143,0.6999829931972789,0.10838397346946785,90
0.00210719108581543,0.0005878564716170337,0.0036057472229003907,0.0013550664833084885,46.41588833612777,2000,"{1: 3.5, 0: 1}",10.0,poly,"{'C': np.float64(46.41588833612777), 'cache_size': 2000, 'class_weight': {1: 3.5, 0: 1}, 'gamma': np.float64(10.0), 'kernel': 'poly'}",0.59375,0.8312499999999999,0.7875,0.7278911564625851,0.5571428571428572,0.6995068027210884,0.10710437774091856,91
0.0036048412322998045,0.001358379692258899,0.002404451370239258,0.00020194349207961493,2.1544346900318834,2000,balanced,10.0,rbf,"{'C': np.float64(2.1544346900318834), 'cache_size': 2000, 'class_weight': 'balanced', 'gamma': np.float64(10.0), 'kernel': 'rbf'}",0.5875,0.9062499999999999,0.65,0.7959183673469388,0.5571428571428572,0.6993622448979592,0.13213763680492963,92
0.005008411407470703,0.0017097887379825616,0.002101898193359375,0.00020277513468142021,1000.0,2000,"{1: 2, 0: 1}",10.0,rbf,"{'C': np.float64(1000.0), 'cache_size': 2000, 'class_weight': {1: 2, 0: 1}, 'gamma': np.float64(10.0), 'kernel': 'rbf'}",0.7437499999999999,0.875,0.3625,0.8435374149659863,0.6714285714285714,0.6992431972789115,0.18322759878028025,93
0.0020061492919921874,0.0009573477402416105,0.002102375030517578,0.00020087412617154628,0.774263682681127,2000,"{1: 2, 0: 1}",0.001,poly,"{'C': np.float64(0.774263682681127), 'cache_size': 2000, 'class_weight': {1: 2, 0: 1}, 'gamma': np.float64(0.001), 'kernel': 'poly'}",0.7125,0.81875,0.6375,0.7448979591836734,0.5785714285714285,0.6984438775510204,0.08356156965096025,94
0.0040036201477050785,0.0015167353423216343,0.002410602569580078,0.0003764666478008524,359.38136638046257,2000,"{1: 3, 0: 1}",10.0,poly,"{'C': np.float64(359.38136638046257), 'cache_size': 2000, 'class_weight': {1: 3, 0: 1}, 'gamma': np.float64(10.0), 'kernel': 'poly'}",0.50625,0.7625,0.71875,0.8231292517006803,0.6785714285714285,0.6978401360544217,0.10713873831301339,95
0.0013024330139160157,0.0004000485692477503,0.002346181869506836,0.000378400934176276,0.774263682681127,2000,"{1: 2, 0: 1}",10.0,rbf,"{'C': np.float64(0.774263682681127), 'cache_size': 2000, 'class_weight': {1: 2, 0: 1}, 'gamma': np.float64(10.0), 'kernel': 'rbf'}",0.54375,0.88125,0.7875,0.782312925170068,0.4928571428571429,0.6975340136054422,0.15137704612712496,96
0.0024043560028076173,0.000736223625899419,0.006209468841552735,0.004923511298145022,1000.0,2000,balanced,0.46415888336127775,rbf,"{'C': np.float64(1000.0), 'cache_size': 2000, 'class_weight': 'balanced', 'gamma': np.float64(0.46415888336127775), 'kernel': 'rbf'}",0.575,0.875,0.74375,0.7891156462585034,0.5,0.6965731292517007,0.13859793915671545,97
0.003907918930053711,0.004577505323391877,0.002105236053466797,0.00020802290868238642,0.1,2000,"{1: 2, 0: 1}",0.0027825594022071257,poly,"{'C': np.float64(0.1), 'cache_size': 2000, 'class_weight': {1: 2, 0: 1}, 'gamma': np.float64(0.0027825594022071257), 'kernel': 'poly'}",0.7125,0.8125,0.6375,0.7414965986394558,0.5785714285714285,0.6965136054421768,0.08139390753952495,98
0.0017013072967529297,0.0007483423538336565,0.0027095794677734373,0.0008063489115762961,1000.0,2000,"{1: 2, 0: 1}",0.007742636826811269,poly,"{'C': np.float64(1000.0), 'cache_size': 2000, 'class_weight': {1: 2, 0: 1}, 'gamma': np.float64(0.007742636826811269), 'kernel': 'poly'}",0.7125,0.8125,0.6375,0.7414965986394557,0.5785714285714285,0.6965136054421768,0.08139390753952495,98
0.002209758758544922,0.0012953312831849662,0.0030043601989746095,0.0013067641490274965,359.38136638046257,2000,"{1: 2, 0: 1}",0.001,poly,"{'C': np.float64(359.38136638046257), 'cache_size': 2000, 'class_weight': {1: 2, 0: 1}, 'gamma': np.float64(0.001), 'kernel': 'poly'}",0.7125,0.8125,0.6375,0.7414965986394557,0.5785714285714285,0.6965136054421768,0.08139390753952495,98
0.00170135498046875,0.00039959465970419955,0.002210664749145508,0.0002564371717642874,5.994842503189409,2000,"{1: 2, 0: 1}",0.021544346900318832,poly,"{'C': np.float64(5.994842503189409), 'cache_size': 2000, 'class_weight': {1: 2, 0: 1}, 'gamma': np.float64(0.021544346900318832), 'kernel': 'poly'}",0.7125,0.8125,0.6375,0.7414965986394557,0.5785714285714285,0.6965136054421768,0.08139390753952495,98
0.0017022132873535157,0.0003995824428556534,0.0019011974334716796,0.00019886524410564783,16.68100537200059,2000,"{1: 2, 0: 1}",0.007742636826811269,poly,"{'C': np.float64(16.68100537200059), 'cache_size': 2000, 'class_weight': {1: 2, 0: 1}, 'gamma': np.float64(0.007742636826811269), 'kernel': 'poly'}",0.7125,0.8125,0.6375,0.7414965986394557,0.5785714285714285,0.6965136054421768,0.08139390753952495,98
0.0016027927398681641,0.0007343039198640129,0.0025067806243896486,0.000631286898209473,1000.0,2000,"{1: 2, 0: 1}",0.021544346900318832,poly,"{'C': np.float64(1000.0), 'cache_size': 2000, 'class_weight': {1: 2, 0: 1}, 'gamma': np.float64(0.021544346900318832), 'kernel': 'poly'}",0.7125,0.8125,0.6375,0.7414965986394557,0.5785714285714285,0.6965136054421768,0.08139390753952495,98
0.0022016525268554687,0.0011217756108038055,0.002605438232421875,0.000485831617528016,16.68100537200059,2000,"{1: 2, 0: 1}",0.05994842503189409,poly,"{'C': np.float64(16.68100537200059), 'cache_size': 2000, 'class_weight': {1: 2, 0: 1}, 'gamma': np.float64(0.05994842503189409), 'kernel': 'poly'}",0.7125,0.8125,0.6375,0.7414965986394557,0.5785714285714285,0.6965136054421768,0.08139390753952495,98
0.0019016742706298828,0.0001987469859824728,0.00230555534362793,0.0006026544940354698,0.774263682681127,2000,"{1: 2, 0: 1}",0.007742636826811269,poly,"{'C': np.float64(0.774263682681127), 'cache_size': 2000, 'class_weight': {1: 2, 0: 1}, 'gamma': np.float64(0.007742636826811269), 'kernel': 'poly'}",0.7125,0.8125,0.6375,0.7414965986394557,0.5785714285714285,0.6965136054421768,0.08139390753952495,98
0.001709127426147461,0.0006010498729976294,0.0022064208984375,0.00025142301683506646,5.994842503189409,2000,"{1: 2, 0: 1}",0.007742636826811269,poly,"{'C': np.float64(5.994842503189409), 'cache_size': 2000, 'class_weight': {1: 2, 0: 1}, 'gamma': np.float64(0.007742636826811269), 'kernel': 'poly'}",0.7125,0.8125,0.6375,0.7414965986394557,0.5785714285714285,0.6965136054421768,0.08139390753952495,98
0.00941624641418457,0.012124714133547078,0.002212190628051758,0.00039471722238921663,5.994842503189409,2000,"{1: 2, 0: 1}",0.05994842503189409,poly,"{'C': np.float64(5.994842503189409), 'cache_size': 2000, 'class_weight': {1: 2, 0: 1}, 'gamma': np.float64(0.05994842503189409), 'kernel': 'poly'}",0.7125,0.8125,0.6375,0.7414965986394557,0.5785714285714285,0.6965136054421768,0.08139390753952495,98
0.0015014171600341796,0.00044734341715679457,0.0022064208984375,0.0005075800769925496,0.774263682681127,2000,"{1: 2, 0: 1}",0.0027825594022071257,poly,"{'C': np.float64(0.774263682681127), 'cache_size': 2000, 'class_weight': {1: 2, 0: 1}, 'gamma': np.float64(0.0027825594022071257), 'kernel': 'poly'}",0.7125,0.8125,0.6375,0.7414965986394557,0.5785714285714285,0.6965136054421768,0.08139390753952495,98
0.0017026424407958984,0.0007491361643012492,0.002304410934448242,0.00039842318720499084,359.38136638046257,2000,"{1: 2, 0: 1}",0.05994842503189409,poly,"{'C': np.float64(359.38136638046257), 'cache_size': 2000, 'class_weight': {1: 2, 0: 1}, 'gamma': np.float64(0.05994842503189409), 'kernel': 'poly'}",0.7125,0.8125,0.6375,0.7414965986394557,0.5785714285714285,0.6965136054421768,0.08139390753952495,98
0.004315757751464843,0.0018094376706216516,0.0026032447814941405,0.0005838660306076911,5.994842503189409,2000,"{1: 2, 0: 1}",0.1668100537200059,poly,"{'C': np.float64(5.994842503189409), 'cache_size': 2000, 'class_weight': {1: 2, 0: 1}, 'gamma': np.float64(0.1668100537200059), 'kernel': 'poly'}",0.7125,0.8125,0.6375,0.7414965986394557,0.5785714285714285,0.6965136054421768,0.08139390753952495,98
0.0014007091522216797,0.0004906608712935861,0.002606105804443359,0.0009724102346140691,359.38136638046257,2000,"{1: 2, 0: 1}",0.021544346900318832,poly,"{'C': np.float64(359.38136638046257), 'cache_size': 2000, 'class_weight': {1: 2, 0: 1}, 'gamma': np.float64(0.021544346900318832), 'kernel': 'poly'}",0.7125,0.8125,0.6375,0.7414965986394557,0.5785714285714285,0.6965136054421768,0.08139390753952495,98
0.0018054962158203125,0.0006837531173034123,0.0026044845581054688,0.000797890407130695,359.38136638046257,2000,"{1: 2, 0: 1}",0.007742636826811269,poly,"{'C': np.float64(359.38136638046257), 'cache_size': 2000, 'class_weight': {1: 2, 0: 1}, 'gamma': np.float64(0.007742636826811269), 'kernel': 'poly'}",0.7125,0.8125,0.6375,0.7414965986394557,0.5785714285714285,0.6965136054421768,0.08139390753952495,98
0.001301717758178711,0.00040171232355865673,0.002304744720458984,0.00039806277430810155,16.68100537200059,2000,"{1: 2, 0: 1}",0.1668100537200059,poly,"{'C': np.float64(16.68100537200059), 'cache_size': 2000, 'class_weight': {1: 2, 0: 1}, 'gamma': np.float64(0.1668100537200059), 'kernel': 'poly'}",0.7125,0.8125,0.6375,0.7414965986394557,0.5785714285714285,0.6965136054421768,0.08139390753952495,98
0.006012868881225586,0.008514113961492232,0.002109813690185547,0.0001976785016564372,16.68100537200059,2000,"{1: 2, 0: 1}",0.001,poly,"{'C': np.float64(16.68100537200059), 'cache_size': 2000, 'class_weight': {1: 2, 0: 1}, 'gamma': np.float64(0.001), 'kernel': 'poly'}",0.7125,0.8125,0.6375,0.7414965986394557,0.5785714285714285,0.6965136054421768,0.08139390753952495,98
0.0035054683685302734,0.0035298086411790263,0.0026064395904541017,0.000736971819102644,359.38136638046257,2000,"{1: 2, 0: 1}",0.0027825594022071257,poly,"{'C': np.float64(359.38136638046257), 'cache_size': 2000, 'class_weight': {1: 2, 0: 1}, 'gamma': np.float64(0.0027825594022071257), 'kernel': 'poly'}",0.7125,0.8125,0.6375,0.7414965986394557,0.5785714285714285,0.6965136054421768,0.08139390753952495,98
0.0016066551208496094,0.0005916496501380356,0.0021057605743408205,0.0006632594626993621,5.994842503189409,2000,"{1: 2, 0: 1}",0.0027825594022071257,poly,"{'C': np.float64(5.994842503189409), 'cache_size': 2000, 'class_weight': {1: 2, 0: 1}, 'gamma': np.float64(0.0027825594022071257), 'kernel': 'poly'}",0.7125,0.8125,0.6375,0.7414965986394557,0.5785714285714285,0.6965136054421768,0.08139390753952495,98
0.0021352767944335938,0.0012849016017964824,0.0020323753356933593,0.0004277721693516493,0.1,2000,"{1: 2, 0: 1}",0.1668100537200059,poly,"{'C': np.float64(0.1), 'cache_size': 2000, 'class_weight': {1: 2, 0: 1}, 'gamma': np.float64(0.1668100537200059), 'kernel': 'poly'}",0.7125,0.8125,0.6375,0.7414965986394557,0.5785714285714285,0.6965136054421768,0.08139390753952495,98
0.0024799346923828126,0.0009073933558546381,0.002191495895385742,0.0005007708192857209,2.1544346900318834,2000,"{1: 2, 0: 1}",0.0027825594022071257,poly,"{'C': np.float64(2.1544346900318834), 'cache_size': 2000, 'class_weight': {1: 2, 0: 1}, 'gamma': np.float64(0.0027825594022071257), 'kernel': 'poly'}",0.7125,0.8125,0.6375,0.7414965986394557,0.5785714285714285,0.6965136054421768,0.08139390753952495,98
0.002105426788330078,0.00020030801305921105,0.0024026870727539063,0.0007352169139610042,16.68100537200059,2000,"{1: 2, 0: 1}",0.021544346900318832,poly,"{'C': np.float64(16.68100537200059), 'cache_size': 2000, 'class_weight': {1: 2, 0: 1}, 'gamma': np.float64(0.021544346900318832), 'kernel': 'poly'}",0.7125,0.8125,0.6375,0.7414965986394557,0.5785714285714285,0.6965136054421768,0.08139390753952495,98
0.0016026973724365234,0.00037319852636200903,0.0018076896667480469,0.0004037334066352247,0.1,2000,"{1: 2, 0: 1}",0.46415888336127775,poly,"{'C': np.float64(0.1), 'cache_size': 2000, 'class_weight': {1: 2, 0: 1}, 'gamma': np.float64(0.46415888336127775), 'kernel': 'poly'}",0.7125,0.8125,0.6375,0.7414965986394557,0.5785714285714285,0.6965136054421768,0.08139390753952495,98
0.0016051292419433593,0.0004931412128472846,0.0028065204620361327,0.00137365606707873,2.1544346900318834,2000,"{1: 2, 0: 1}",0.05994842503189409,poly,"{'C': np.float64(2.1544346900318834), 'cache_size': 2000, 'class_weight': {1: 2, 0: 1}, 'gamma': np.float64(0.05994842503189409), 'kernel': 'poly'}",0.7125,0.8125,0.6375,0.7414965986394557,0.5785714285714285,0.6965136054421768,0.08139390753952495,98
0.002000856399536133,0.000632560758057792,0.0024063587188720703,0.00037565130241860417,0.1,2000,"{1: 2, 0: 1}",0.007742636826811269,poly,"{'C': np.float64(0.1), 'cache_size': 2000, 'class_weight': {1: 2, 0: 1}, 'gamma': np.float64(0.007742636826811269), 'kernel': 'poly'}",0.7125,0.8125,0.6375,0.7414965986394557,0.5785714285714285,0.6965136054421768,0.08139390753952495,98
0.001500988006591797,0.00044734255308769965,0.002305746078491211,0.00040270912307491366,2.1544346900318834,2000,"{1: 2, 0: 1}",0.1668100537200059,poly,"{'C': np.float64(2.1544346900318834), 'cache_size': 2000, 'class_weight': {1: 2, 0: 1}, 'gamma': np.float64(0.1668100537200059), 'kernel': 'poly'}",0.7125,0.8125,0.6375,0.7414965986394557,0.5785714285714285,0.6965136054421768,0.08139390753952495,98
0.0014006614685058594,0.0004894347136128989,0.0018045902252197266,0.00023977210172437642,1000.0,2000,"{1: 2, 0: 1}",0.05994842503189409,poly,"{'C': np.float64(1000.0), 'cache_size': 2000, 'class_weight': {1: 2, 0: 1}, 'gamma': np.float64(0.05994842503189409), 'kernel': 'poly'}",0.7125,0.8125,0.6375,0.7414965986394557,0.5785714285714285,0.6965136054421768,0.08139390753952495,98
0.002305126190185547,0.0005992680196309575,0.001702117919921875,0.0004002265984441874,2.1544346900318834,2000,"{1: 2, 0: 1}",0.001,poly,"{'C': np.float64(2.1544346900318834), 'cache_size': 2000, 'class_weight': {1: 2, 0: 1}, 'gamma': np.float64(0.001), 'kernel': 'poly'}",0.7125,0.8125,0.6375,0.7414965986394558,0.5785714285714285,0.6965136054421768,0.08139390753952495,98
0.0018044471740722655,0.00039284285348925243,0.002402925491333008,0.0003749078172558874,2.1544346900318834,2000,"{1: 2, 0: 1}",0.46415888336127775,poly,"{'C': np.float64(2.1544346900318834), 'cache_size': 2000, 'class_weight': {1: 2, 0: 1}, 'gamma': np.float64(0.46415888336127775), 'kernel': 'poly'}",0.7125,0.8125,0.6375,0.7414965986394557,0.5785714285714285,0.6965136054421768,0.08139390753952495,98
0.0013576030731201171,0.0003735641449446766,0.0024323463439941406,0.0004168428508797362,0.1,2000,"{1: 2, 0: 1}",0.05994842503189409,poly,"{'C': np.float64(0.1), 'cache_size': 2000, 'class_weight': {1: 2, 0: 1}, 'gamma': np.float64(0.05994842503189409), 'kernel': 'poly'}",0.7125,0.8125,0.6375,0.7414965986394557,0.5785714285714285,0.6965136054421768,0.08139390753952495,98
0.0019727230072021486,0.0008561764795130332,0.0030718326568603517,0.0012800323591466464,0.1,2000,"{1: 2, 0: 1}",0.021544346900318832,poly,"{'C': np.float64(0.1), 'cache_size': 2000, 'class_weight': {1: 2, 0: 1}, 'gamma': np.float64(0.021544346900318832), 'kernel': 'poly'}",0.7125,0.8125,0.6375,0.7414965986394557,0.5785714285714285,0.6965136054421768,0.08139390753952495,98
0.0014056682586669922,0.0005827414288111891,0.0028058528900146485,0.00024607285846873193,0.774263682681127,2000,"{1: 2, 0: 1}",0.05994842503189409,poly,"{'C': np.float64(0.774263682681127), 'cache_size': 2000, 'class_weight': {1: 2, 0: 1}, 'gamma': np.float64(0.05994842503189409), 'kernel': 'poly'}",0.7125,0.8125,0.6375,0.7414965986394557,0.5785714285714285,0.6965136054421768,0.08139390753952495,98
0.0014045238494873047,0.0004951579773591184,0.0028025627136230467,0.000509503558234062,1000.0,2000,"{1: 2, 0: 1}",0.0027825594022071257,poly,"{'C': np.float64(1000.0), 'cache_size': 2000, 'class_weight': {1: 2, 0: 1}, 'gamma': np.float64(0.0027825594022071257), 'kernel': 'poly'}",0.7125,0.8125,0.6375,0.7414965986394557,0.5785714285714285,0.6965136054421768,0.08139390753952495,98
0.0015016555786132812,0.0004477175547403862,0.001902151107788086,0.00019803176349463876,0.774263682681127,2000,"{1: 2, 0: 1}",0.46415888336127775,poly,"{'C': np.float64(0.774263682681127), 'cache_size': 2000, 'class_weight': {1: 2, 0: 1}, 'gamma': np.float64(0.46415888336127775), 'kernel': 'poly'}",0.7125,0.8125,0.6375,0.7414965986394557,0.5785714285714285,0.6965136054421768,0.08139390753952495,98
0.001304960250854492,0.0004076915763059252,0.002302694320678711,0.0003997370691104203,0.774263682681127,2000,"{1: 2, 0: 1}",0.021544346900318832,poly,"{'C': np.float64(0.774263682681127), 'cache_size': 2000, 'class_weight': {1: 2, 0: 1}, 'gamma': np.float64(0.021544346900318832), 'kernel': 'poly'}",0.7125,0.8125,0.6375,0.7414965986394557,0.5785714285714285,0.6965136054421768,0.08139390753952495,98
0.0015052318572998046,0.0006390680858108922,0.0023016929626464844,0.0006020074882126876,0.1,2000,"{1: 2, 0: 1}",1.2915496650148828,poly,"{'C': np.float64(0.1), 'cache_size': 2000, 'class_weight': {1: 2, 0: 1}, 'gamma': np.float64(1.2915496650148828), 'kernel': 'poly'}",0.7125,0.8125,0.6375,0.7414965986394557,0.5785714285714285,0.6965136054421768,0.08139390753952495,98
0.0014048576354980468,0.0004952040002558062,0.0018016338348388673,0.0002431598629544553,5.994842503189409,2000,"{1: 2, 0: 1}",0.001,poly,"{'C': np.float64(5.994842503189409), 'cache_size': 2000, 'class_weight': {1: 2, 0: 1}, 'gamma': np.float64(0.001), 'kernel': 'poly'}",0.7125,0.8125,0.6375,0.7414965986394557,0.5785714285714285,0.6965136054421768,0.08139390753952495,98
0.0015019416809082032,0.00044766493831565463,0.0037074565887451174,0.0017500074513276695,0.774263682681127,2000,"{1: 2, 0: 1}",0.1668100537200059,poly,"{'C': np.float64(0.774263682681127), 'cache_size': 2000, 'class_weight': {1: 2, 0: 1}, 'gamma': np.float64(0.1668100537200059), 'kernel': 'poly'}",0.7125,0.8125,0.6375,0.7414965986394557,0.5785714285714285,0.6965136054421768,0.08139390753952495,98
0.0014011383056640625,0.0004897268138826794,0.002102947235107422,0.0003739564396623489,2.1544346900318834,2000,"{1: 2, 0: 1}",0.007742636826811269,poly,"{'C': np.float64(2.1544346900318834), 'cache_size': 2000, 'class_weight': {1: 2, 0: 1}, 'gamma': np.float64(0.007742636826811269), 'kernel': 'poly'}",0.7125,0.8125,0.6375,0.7414965986394557,0.5785714285714285,0.6965136054421768,0.08139390753952495,98
0.0014010429382324218,0.0004901940395557931,0.002105426788330078,0.0002089991135391274,2.1544346900318834,2000,"{1: 2, 0: 1}",0.021544346900318832,poly,"{'C': np.float64(2.1544346900318834), 'cache_size': 2000, 'class_weight': {1: 2, 0: 1}, 'gamma': np.float64(0.021544346900318832), 'kernel': 'poly'}",0.7125,0.8125,0.6375,0.7414965986394557,0.5785714285714285,0.6965136054421768,0.08139390753952495,98
0.0028022289276123046,0.0013641298183796845,0.002306079864501953,0.0008773123491912213,1000.0,2000,"{1: 2, 0: 1}",0.001,poly,"{'C': np.float64(1000.0), 'cache_size': 2000, 'class_weight': {1: 2, 0: 1}, 'gamma': np.float64(0.001), 'kernel': 'poly'}",0.7125,0.8125,0.6375,0.7414965986394557,0.5785714285714285,0.6965136054421768,0.08139390753952495,98
0.001301717758178711,0.0004011792684444301,0.002105569839477539,0.00020880859772490668,0.2782559402207124,2000,"{1: 2, 0: 1}",0.021544346900318832,poly,"{'C': np.float64(0.2782559402207124), 'cache_size': 2000, 'class_weight': {1: 2, 0: 1}, 'gamma': np.float64(0.021544346900318832), 'kernel': 'poly'}",0.7125,0.8125,0.6375,0.7414965986394557,0.5785714285714285,0.6965136054421768,0.08139390753952495,98
0.0012007713317871093,0.0003998998913916097,0.0024166107177734375,0.0006059269605189212,0.2782559402207124,2000,"{1: 2, 0: 1}",0.05994842503189409,poly,"{'C': np.float64(0.2782559402207124), 'cache_size': 2000, 'class_weight': {1: 2, 0: 1}, 'gamma': np.float64(0.05994842503189409), 'kernel': 'poly'}",0.7125,0.8125,0.6375,0.7414965986394557,0.5785714285714285,0.6965136054421768,0.08139390753952495,98
0.001809072494506836,0.0008128746181654203,0.0023056507110595704,0.0007504220380016731,0.2782559402207124,2000,"{1: 2, 0: 1}",0.1668100537200059,poly,"{'C': np.float64(0.2782559402207124), 'cache_size': 2000, 'class_weight': {1: 2, 0: 1}, 'gamma': np.float64(0.1668100537200059), 'kernel': 'poly'}",0.7125,0.8125,0.6375,0.7414965986394557,0.5785714285714285,0.6965136054421768,0.08139390753952495,98
0.0019045352935791015,0.0004951853078441423,0.0018009662628173829,0.000400519892604063,129.15496650148827,2000,"{1: 2, 0: 1}",0.001,poly,"{'C': np.float64(129.15496650148827), 'cache_size': 2000, 'class_weight': {1: 2, 0: 1}, 'gamma': np.float64(0.001), 'kernel': 'poly'}",0.7125,0.8125,0.6375,0.7414965986394557,0.5785714285714285,0.6965136054421768,0.08139390753952495,98
0.0018008232116699218,0.001167209875577505,0.002205657958984375,0.00025092412714184954,46.41588833612777,2000,"{1: 2, 0: 1}",0.001,poly,"{'C': np.float64(46.41588833612777), 'cache_size': 2000, 'class_weight': {1: 2, 0: 1}, 'gamma': np.float64(0.001), 'kernel': 'poly'}",0.7125,0.8125,0.6375,0.7414965986394557,0.5785714285714285,0.6965136054421768,0.08139390753952495,98
0.0017053604125976563,0.0006065040892916175,0.0021018028259277345,0.00020151239856151766,0.2782559402207124,2000,"{1: 2, 0: 1}",0.0027825594022071257,poly,"{'C': np.float64(0.2782559402207124), 'cache_size': 2000, 'class_weight': {1: 2, 0: 1}, 'gamma': np.float64(0.0027825594022071257), 'kernel': 'poly'}",0.7125,0.8125,0.6375,0.7414965986394557,0.5785714285714285,0.6965136054421768,0.08139390753952495,98
0.0020018577575683593,0.000546900449792867,0.0026054859161376955,0.0007962522279634953,0.2782559402207124,2000,"{1: 2, 0: 1}",0.007742636826811269,poly,"{'C': np.float64(0.2782559402207124), 'cache_size': 2000, 'class_weight': {1: 2, 0: 1}, 'gamma': np.float64(0.007742636826811269), 'kernel': 'poly'}",0.7125,0.8125,0.6375,0.7414965986394557,0.5785714285714285,0.6965136054421768,0.08139390753952495,98
0.007816648483276368,0.011406012209761795,0.002366447448730469,0.00037365656466995596,0.2782559402207124,2000,"{1: 2, 0: 1}",0.46415888336127775,poly,"{'C': np.float64(0.2782559402207124), 'cache_size': 2000, 'class_weight': {1: 2, 0: 1}, 'gamma': np.float64(0.46415888336127775), 'kernel': 'poly'}",0.7125,0.8125,0.6375,0.7414965986394557,0.5785714285714285,0.6965136054421768,0.08139390753952495,98
0.0020024776458740234,0.0003156851780075201,0.0020044803619384765,7.481330359441829e-06,129.15496650148827,2000,"{1: 2, 0: 1}",0.021544346900318832,poly,"{'C': np.float64(129.15496650148827), 'cache_size': 2000, 'class_weight': {1: 2, 0: 1}, 'gamma': np.float64(0.021544346900318832), 'kernel': 'poly'}",0.7125,0.8125,0.6375,0.7414965986394557,0.5785714285714285,0.6965136054421768,0.08139390753952495,98
0.0017024040222167968,0.000400617842306654,0.002104663848876953,0.000199955202116336,129.15496650148827,2000,"{1: 2, 0: 1}",0.007742636826811269,poly,"{'C': np.float64(129.15496650148827), 'cache_size': 2000, 'class_weight': {1: 2, 0: 1}, 'gamma': np.float64(0.007742636826811269), 'kernel': 'poly'}",0.7125,0.8125,0.6375,0.7414965986394557,0.5785714285714285,0.6965136054421768,0.08139390753952495,98
0.0024036407470703126,0.0008623628099504924,0.005808210372924805,0.0035402532685611973,46.41588833612777,2000,"{1: 2, 0: 1}",0.1668100537200059,poly,"{'C': np.float64(46.41588833612777), 'cache_size': 2000, 'class_weight': {1: 2, 0: 1}, 'gamma': np.float64(0.1668100537200059), 'kernel': 'poly'}",0.7125,0.8125,0.6375,0.7414965986394557,0.5785714285714285,0.6965136054421768,0.08139390753952495,98
0.0020052909851074217,0.000844075197053872,0.002506732940673828,0.000446803109191155,46.41588833612777,2000,"{1: 2, 0: 1}",0.05994842503189409,poly,"{'C': np.float64(46.41588833612777), 'cache_size': 2000, 'class_weight': {1: 2, 0: 1}, 'gamma': np.float64(0.05994842503189409), 'kernel': 'poly'}",0.7125,0.8125,0.6375,0.7414965986394557,0.5785714285714285,0.6965136054421768,0.08139390753952495,98
0.00260467529296875,0.001750675604645718,0.002402973175048828,0.0005860874043564365,46.41588833612777,2000,"{1: 2, 0: 1}",0.007742636826811269,poly,"{'C': np.float64(46.41588833612777), 'cache_size': 2000, 'class_weight': {1: 2, 0: 1}, 'gamma': np.float64(0.007742636826811269), 'kernel': 'poly'}",0.7125,0.8125,0.6375,0.7414965986394557,0.5785714285714285,0.6965136054421768,0.08139390753952495,98
0.0016005516052246093,0.0004896292342986596,0.002402639389038086,0.001069860582106932,46.41588833612777,2000,"{1: 2, 0: 1}",0.0027825594022071257,poly,"{'C': np.float64(46.41588833612777), 'cache_size': 2000, 'class_weight': {1: 2, 0: 1}, 'gamma': np.float64(0.0027825594022071257), 'kernel': 'poly'}",0.7125,0.8125,0.6375,0.7414965986394557,0.5785714285714285,0.6965136054421768,0.08139390753952495,98
0.001804018020629883,0.00040197328881978864,0.002202749252319336,0.0002467434409863994,129.15496650148827,2000,"{1: 2, 0: 1}",0.0027825594022071257,poly,"{'C': np.float64(129.15496650148827), 'cache_size': 2000, 'class_weight': {1: 2, 0: 1}, 'gamma': np.float64(0.0027825594022071257), 'kernel': 'poly'}",0.7125,0.8125,0.6375,0.7414965986394557,0.5785714285714285,0.6965136054421768,0.08139390753952495,98
0.0020018577575683593,0.0008372565253640893,0.0026050567626953124,0.0008012227612239913,129.15496650148827,2000,"{1: 2, 0: 1}",0.05994842503189409,poly,"{'C': np.float64(129.15496650148827), 'cache_size': 2000, 'class_weight': {1: 2, 0: 1}, 'gamma': np.float64(0.05994842503189409), 'kernel': 'poly'}",0.7125,0.8125,0.6375,0.7414965986394557,0.5785714285714285,0.6965136054421768,0.08139390753952495,98
0.0019014358520507812,0.0009187279501227331,0.002707672119140625,0.0005092130237335311,46.41588833612777,2000,"{1: 2, 0: 1}",0.021544346900318832,poly,"{'C': np.float64(46.41588833612777), 'cache_size': 2000, 'class_weight': {1: 2, 0: 1}, 'gamma': np.float64(0.021544346900318832), 'kernel': 'poly'}",0.7125,0.8125,0.6375,0.7414965986394557,0.5785714285714285,0.6965136054421768,0.08139390753952495,98
0.0016066551208496094,0.0005893241492016522,0.0018033027648925782,0.000401855419664884,16.68100537200059,2000,"{1: 2, 0: 1}",0.0027825594022071257,poly,"{'C': np.float64(16.68100537200059), 'cache_size': 2000, 'class_weight': {1: 2, 0: 1}, 'gamma': np.float64(0.0027825594022071257), 'kernel': 'poly'}",0.7125,0.8125,0.6375,0.7414965986394557,0.5785714285714285,0.6965136054421768,0.08139390753952495,98
0.0021153926849365235,0.0003876928202258616,0.003202199935913086,0.0009806888545089078,2.1544346900318834,2000,"{1: 2, 0: 1}",0.0027825594022071257,rbf,"{'C': np.float64(2.1544346900318834), 'cache_size': 2000, 'class_weight': {1: 2, 0: 1}, 'gamma': np.float64(0.0027825594022071257), 'kernel': 'rbf'}",0.7312500000000001,0.7937500000000001,0.68125,0.7619047619047619,0.5142857142857143,0.6964880952380953,0.0983641353233679,157
0.001605224609375,0.00048570232213687535,0.002102088928222656,0.0004895555317584574,0.2782559402207124,2000,"{1: 3.5, 0: 1}",10.0,rbf,"{'C': np.float64(0.2782559402207124), 'cache_size': 2000, 'class_weight': {1: 3.5, 0: 1}, 'gamma': np.float64(10.0), 'kernel': 'rbf'}",0.65,0.875,0.53125,0.7074829931972789,0.7142857142857143,0.6956037414965986,0.11114405416008537,158
0.001501750946044922,0.0004473439203492044,0.002206230163574219,0.0003986868129916361,0.774263682681127,2000,"{1: 2, 0: 1}",0.007742636826811269,rbf,"{'C': np.float64(0.774263682681127), 'cache_size': 2000, 'class_weight': {1: 2, 0: 1}, 'gamma': np.float64(0.007742636826811269), 'kernel': 'rbf'}",0.7312500000000001,0.7937500000000001,0.675,0.7619047619047619,0.5142857142857143,0.6952380952380952,0.09858929128464748,159
0.003335428237915039,0.003131871440519902,0.0031728744506835938,0.0009004850627303058,0.2782559402207124,2000,"{1: 2, 0: 1}",0.021544346900318832,rbf,"{'C': np.float64(0.2782559402207124), 'cache_size': 2000, 'class_weight': {1: 2, 0: 1}, 'gamma': np.float64(0.021544346900318832), 'kernel': 'rbf'}",0.7312500000000001,0.7937500000000001,0.675,0.7619047619047619,0.5142857142857143,0.6952380952380952,0.09858929128464748,159
0.0019025802612304688,0.0005839716844987412,0.00220794677734375,0.00039849222826118824,129.15496650148827,2000,balanced,3.593813663804626,poly,"{'C': np.float64(129.15496650148827), 'cache_size': 2000, 'class_weight': 'balanced', 'gamma': np.float64(3.593813663804626), 'kernel': 'poly'}",0.55625,0.84375,0.7625,0.7551020408163265,0.557142857142857,0.6949489795918365,0.1170907418471775,161
0.0019051551818847657,0.00049536724304283,0.002203083038330078,0.0008145408431263714,5.994842503189409,2000,balanced,10.0,poly,"{'C': np.float64(5.994842503189409), 'cache_size': 2000, 'class_weight': 'balanced', 'gamma': np.float64(10.0), 'kernel': 'poly'}",0.55625,0.84375,0.7625,0.7551020408163265,0.557142857142857,0.6949489795918365,0.1170907418471775,161
0.0015050411224365235,0.00044247005897002205,0.0021022796630859376,0.00020115711087959846,0.2782559402207124,2000,"{1: 2, 0: 1}",0.001,poly,"{'C': np.float64(0.2782559402207124), 'cache_size': 2000, 'class_weight': {1: 2, 0: 1}, 'gamma': np.float64(0.001), 'kernel': 'poly'}",0.7125,0.8,0.6375,0.7448979591836734,0.5785714285714285,0.6946938775510205,0.07833575176230158,163
0.0019047260284423828,0.0004955270319694839,0.003406524658203125,0.002641515550378476,0.1,2000,"{1: 3.5, 0: 1}",10.0,rbf,"{'C': np.float64(0.1), 'cache_size': 2000, 'class_weight': {1: 3.5, 0: 1}, 'gamma': np.float64(10.0), 'kernel': 'rbf'}",0.65,0.875,0.525,0.7074829931972789,0.7142857142857143,0.6943537414965986,0.1130050225825449,164
0.0013009071350097655,0.0004002345860241944,0.00520792007446289,0.005431947551905248,16.68100537200059,2000,"{1: 2, 0: 1}",0.001,sigmoid,"{'C': np.float64(16.68100537200059), 'cache_size': 2000, 'class_weight': {1: 2, 0: 1}, 'gamma': np.float64(0.001), 'kernel': 'sigmoid'}",0.7312500000000001,0.7812500000000001,0.675,0.7687074829931972,0.5142857142857143,0.6940986394557823,0.09720031775283823,165
0.001204204559326172,0.00040676614392868264,0.002301788330078125,0.000400056588800001,0.1,2000,"{1: 2, 0: 1}",0.1668100537200059,sigmoid,"{'C': np.float64(0.1), 'cache_size': 2000, 'class_weight': {1: 2, 0: 1}, 'gamma': np.float64(0.1668100537200059), 'kernel': 'sigmoid'}",0.7312500000000001,0.7812500000000001,0.675,0.7687074829931972,0.5142857142857143,0.6940986394557823,0.09720031775283823,165
0.0017290592193603515,0.0004115109206072279,0.002002048492431641,0.00031060348221052694,0.774263682681127,2000,"{1: 2, 0: 1}",0.021544346900318832,sigmoid,"{'C': np.float64(0.774263682681127), 'cache_size': 2000, 'class_weight': {1: 2, 0: 1}, 'gamma': np.float64(0.021544346900318832), 'kernel': 'sigmoid'}",0.7312500000000001,0.7812500000000001,0.675,0.7687074829931972,0.5142857142857143,0.6940986394557823,0.09720031775283823,165
0.0015015602111816406,0.0004479300753704436,0.004817342758178711,0.005350681327435283,5.994842503189409,2000,"{1: 2, 0: 1}",0.0027825594022071257,sigmoid,"{'C': np.float64(5.994842503189409), 'cache_size': 2000, 'class_weight': {1: 2, 0: 1}, 'gamma': np.float64(0.0027825594022071257), 'kernel': 'sigmoid'}",0.7312500000000001,0.7812500000000001,0.675,0.7687074829931972,0.5142857142857143,0.6940986394557823,0.09720031775283823,165
0.0020169734954833983,0.0006479218211619277,0.0025733470916748046,0.00072204326623012,0.2782559402207124,2000,"{1: 2, 0: 1}",0.05994842503189409,sigmoid,"{'C': np.float64(0.2782559402207124), 'cache_size': 2000, 'class_weight': {1: 2, 0: 1}, 'gamma': np.float64(0.05994842503189409), 'kernel': 'sigmoid'}",0.7312500000000001,0.7812500000000001,0.675,0.7687074829931972,0.5142857142857143,0.6940986394557823,0.09720031775283823,165
0.0017041206359863282,0.0006055219799555152,0.0019017696380615235,0.0004906912371466243,2.1544346900318834,2000,"{1: 2, 0: 1}",0.007742636826811269,sigmoid,"{'C': np.float64(2.1544346900318834), 'cache_size': 2000, 'class_weight': {1: 2, 0: 1}, 'gamma': np.float64(0.007742636826811269), 'kernel': 'sigmoid'}",0.7312500000000001,0.7812500000000001,0.675,0.7687074829931972,0.5142857142857143,0.6940986394557823,0.09720031775283823,165
0.0014017105102539062,0.0003750714641266442,0.0028141021728515627,0.00115967843284717,129.15496650148827,2000,"{1: 2, 0: 1}",0.1668100537200059,poly,"{'C': np.float64(129.15496650148827), 'cache_size': 2000, 'class_weight': {1: 2, 0: 1}, 'gamma': np.float64(0.1668100537200059), 'kernel': 'poly'}",0.7125,0.8125,0.6375,0.7414965986394557,0.5642857142857143,0.6936564625850339,0.08562462579294287,171
0.0021146297454833984,0.0005124141134485069,0.0022057056427001952,0.0005155738923897002,0.2782559402207124,2000,"{1: 2, 0: 1}",1.2915496650148828,poly,"{'C': np.float64(0.2782559402207124), 'cache_size': 2000, 'class_weight': {1: 2, 0: 1}, 'gamma': np.float64(1.2915496650148828), 'kernel': 'poly'}",0.7125,0.8125,0.6375,0.7414965986394557,0.5642857142857143,0.6936564625850339,0.08562462579294287,171
0.001701688766479492,0.0003999624014907541,0.0022101402282714844,0.00025599237214271706,5.994842503189409,2000,"{1: 2, 0: 1}",0.46415888336127775,poly,"{'C': np.float64(5.994842503189409), 'cache_size': 2000, 'class_weight': {1: 2, 0: 1}, 'gamma': np.float64(0.46415888336127775), 'kernel': 'poly'}",0.7125,0.8125,0.6375,0.7414965986394557,0.5642857142857143,0.6936564625850339,0.08562462579294287,171
0.002102231979370117,0.000800301027732888,0.0022083282470703124,0.000247555492892986,5.994842503189409,2000,"{1: 3.5, 0: 1}",3.593813663804626,rbf,"{'C': np.float64(5.994842503189409), 'cache_size': 2000, 'class_weight': {1: 3.5, 0: 1}, 'gamma': np.float64(3.593813663804626), 'kernel': 'rbf'}",0.64375,0.89375,0.58125,0.7959183673469388,0.5499999999999999,0.6929336734693878,0.1313433331702193,174
0.0019014835357666015,0.0004899523171148541,0.002306079864501953,0.00040158300314388105,0.2782559402207124,2000,"{1: 2, 0: 1}",0.007742636826811269,rbf,"{'C': np.float64(0.2782559402207124), 'cache_size': 2000, 'class_weight': {1: 2, 0: 1}, 'gamma': np.float64(0.007742636826811269), 'kernel': 'rbf'}",0.725,0.7937500000000001,0.6687500000000001,0.7619047619047619,0.5142857142857143,0.6927380952380953,0.09843672501764543,175
0.0015044212341308594,0.0007725625961163736,0.002231407165527344,0.0003892448446931402,0.1,2000,"{1: 2, 0: 1}",0.001,poly,"{'C': np.float64(0.1), 'cache_size': 2000, 'class_weight': {1: 2, 0: 1}, 'gamma': np.float64(0.001), 'kernel': 'poly'}",0.7125,0.8,0.6312500000000001,0.738095238095238,0.5785714285714285,0.6920833333333334,0.07844181228039164,176
0.003507184982299805,0.0013849712185636063,0.0024041652679443358,0.0004872262115841221,1000.0,2000,balanced,0.46415888336127775,poly,"{'C': np.float64(1000.0), 'cache_size': 2000, 'class_weight': 'balanced', 'gamma': np.float64(0.46415888336127775), 'kernel': 'poly'}",0.64375,0.78125,0.55,0.7414965986394558,0.7428571428571429,0.6918707482993198,0.08425426247550513,177
0.0018887519836425781,0.00019384319031679286,0.002105236053466797,0.0004884236517397894,2.1544346900318834,2000,balanced,3.593813663804626,poly,"{'C': np.float64(2.1544346900318834), 'cache_size': 2000, 'class_weight': 'balanced', 'gamma': np.float64(3.593813663804626), 'kernel': 'poly'}",0.64375,0.78125,0.55,0.7414965986394558,0.7428571428571429,0.6918707482993198,0.08425426247550513,177
0.0024023056030273438,0.000584664563172154,0.002605247497558594,0.00048578267065832296,0.2782559402207124,2000,balanced,10.0,poly,"{'C': np.float64(0.2782559402207124), 'cache_size': 2000, 'class_weight': 'balanced', 'gamma': np.float64(10.0), 'kernel': 'poly'}",0.64375,0.78125,0.55,0.7414965986394558,0.7428571428571429,0.6918707482993198,0.08425426247550513,177
0.005309677124023438,0.006106169329738279,0.0022185802459716796,0.0006894693753743067,129.15496650148827,2000,balanced,1.2915496650148828,poly,"{'C': np.float64(129.15496650148827), 'cache_size': 2000, 'class_weight': 'balanced', 'gamma': np.float64(1.2915496650148828), 'kernel': 'poly'}",0.64375,0.78125,0.55,0.7414965986394558,0.7428571428571429,0.6918707482993198,0.08425426247550513,177
0.0021051406860351563,0.00020040840063826785,0.0032037734985351563,0.0016932077558642498,46.41588833612777,2000,balanced,1.2915496650148828,poly,"{'C': np.float64(46.41588833612777), 'cache_size': 2000, 'class_weight': 'balanced', 'gamma': np.float64(1.2915496650148828), 'kernel': 'poly'}",0.64375,0.78125,0.55,0.7414965986394558,0.7428571428571429,0.6918707482993198,0.08425426247550513,177
0.0024045467376708984,0.0004945142645905873,0.006510639190673828,0.007828664722301707,5.994842503189409,2000,balanced,3.593813663804626,poly,"{'C': np.float64(5.994842503189409), 'cache_size': 2000, 'class_weight': 'balanced', 'gamma': np.float64(3.593813663804626), 'kernel': 'poly'}",0.64375,0.78125,0.55,0.7414965986394558,0.7428571428571429,0.6918707482993198,0.08425426247550513,177
0.002004718780517578,5.895450790927905e-06,0.002101278305053711,0.0002020143342540345,0.1,2000,balanced,10.0,poly,"{'C': np.float64(0.1), 'cache_size': 2000, 'class_weight': 'balanced', 'gamma': np.float64(10.0), 'kernel': 'poly'}",0.64375,0.78125,0.55,0.7414965986394558,0.7428571428571429,0.6918707482993198,0.08425426247550513,177
0.0032045841217041016,0.00039821530132873767,0.0031079769134521483,0.0013238028845630268,129.15496650148827,2000,balanced,10.0,poly,"{'C': np.float64(129.15496650148827), 'cache_size': 2000, 'class_weight': 'balanced', 'gamma': np.float64(10.0), 'kernel': 'poly'}",0.55,0.79375,0.7875,0.7619047619047619,0.5642857142857143,0.6914880952380953,0.11030287102341926,184
0.0023026466369628906,0.0006788049360114243,0.002008819580078125,8.603706978814343e-06,46.41588833612777,2000,"{1: 3.5, 0: 1}",1.2915496650148828,rbf,"{'C': np.float64(46.41588833612777), 'cache_size': 2000, 'class_weight': {1: 3.5, 0: 1}, 'gamma': np.float64(1.2915496650148828), 'kernel': 'rbf'}",0.625,0.9062500000000001,0.64375,0.782312925170068,0.49999999999999994,0.6914625850340135,0.13981352250662024,185
0.0027133941650390623,0.0010013464336631802,0.012122392654418945,0.011742804039427877,5.994842503189409,2000,"{1: 3, 0: 1}",10.0,poly,"{'C': np.float64(5.994842503189409), 'cache_size': 2000, 'class_weight': {1: 3, 0: 1}, 'gamma': np.float64(10.0), 'kernel': 'poly'}",0.55625,0.85625,0.71875,0.7687074829931972,0.557142857142857,0.6914200680272108,0.11848248209864458,186
0.007928895950317382,0.007219086145480831,0.005712366104125977,0.004553998227596418,129.15496650148827,2000,"{1: 3, 0: 1}",3.593813663804626,poly,"{'C': np.float64(129.15496650148827), 'cache_size': 2000, 'class_weight': {1: 3, 0: 1}, 'gamma': np.float64(3.593813663804626), 'kernel': 'poly'}",0.55625,0.85625,0.71875,0.7687074829931972,0.557142857142857,0.6914200680272108,0.11848248209864458,186
0.0015051841735839843,0.0006405413270312789,0.007311630249023438,0.009875260034127966,0.774263682681127,2000,"{1: 2, 0: 1}",0.007742636826811269,sigmoid,"{'C': np.float64(0.774263682681127), 'cache_size': 2000, 'class_weight': {1: 2, 0: 1}, 'gamma': np.float64(0.007742636826811269), 'kernel': 'sigmoid'}",0.725,0.7937500000000001,0.6687500000000001,0.7551020408163265,0.5142857142857143,0.6913775510204081,0.09751402226189126,188
0.002305269241333008,0.0011756087524545614,0.0023026466369628906,0.0006039142702767559,0.1,2000,"{1: 2, 0: 1}",0.021544346900318832,rbf,"{'C': np.float64(0.1), 'cache_size': 2000, 'class_weight': {1: 2, 0: 1}, 'gamma': np.float64(0.021544346900318832), 'kernel': 'rbf'}",0.725,0.7937500000000001,0.6687500000000001,0.7551020408163265,0.5142857142857143,0.6913775510204081,0.09751402226189126,188
0.0015017032623291016,0.0004468641107711688,0.0020044326782226564,7.969602405284247e-06,5.994842503189409,2000,"{1: 2, 0: 1}",0.001,sigmoid,"{'C': np.float64(5.994842503189409), 'cache_size': 2000, 'class_weight': {1: 2, 0: 1}, 'gamma': np.float64(0.001), 'kernel': 'sigmoid'}",0.725,0.7937500000000001,0.6687500000000001,0.7551020408163265,0.5142857142857143,0.6913775510204081,0.09751402226189126,188
0.002233076095581055,0.0010742205173947957,0.0018642425537109375,0.0006967989659078867,0.1,2000,"{1: 2, 0: 1}",0.05994842503189409,sigmoid,"{'C': np.float64(0.1), 'cache_size': 2000, 'class_weight': {1: 2, 0: 1}, 'gamma': np.float64(0.05994842503189409), 'kernel': 'sigmoid'}",0.725,0.7937500000000001,0.6687500000000001,0.7551020408163265,0.5142857142857143,0.6913775510204081,0.09751402226189126,188
0.0013016223907470702,0.0004014858042711831,0.002506113052368164,0.00045235768668759754,0.774263682681127,2000,"{1: 2, 0: 1}",0.0027825594022071257,rbf,"{'C': np.float64(0.774263682681127), 'cache_size': 2000, 'class_weight': {1: 2, 0: 1}, 'gamma': np.float64(0.0027825594022071257), 'kernel': 'rbf'}",0.725,0.7937500000000001,0.6687500000000001,0.7551020408163265,0.5142857142857143,0.6913775510204081,0.09751402226189126,188
0.001299285888671875,0.0003988407090097901,0.0019016265869140625,0.00019788747810454857,2.1544346900318834,2000,"{1: 2, 0: 1}",0.0027825594022071257,sigmoid,"{'C': np.float64(2.1544346900318834), 'cache_size': 2000, 'class_weight': {1: 2, 0: 1}, 'gamma': np.float64(0.0027825594022071257), 'kernel': 'sigmoid'}",0.725,0.7937500000000001,0.6687500000000001,0.7551020408163265,0.5142857142857143,0.6913775510204081,0.09751402226189126,188
0.0019021034240722656,0.000491587774756239,0.0021052837371826174,0.00020883216039804567,0.2782559402207124,2000,"{1: 2, 0: 1}",0.021544346900318832,sigmoid,"{'C': np.float64(0.2782559402207124), 'cache_size': 2000, 'class_weight': {1: 2, 0: 1}, 'gamma': np.float64(0.021544346900318832), 'kernel': 'sigmoid'}",0.725,0.7937500000000001,0.6687500000000001,0.7551020408163265,0.5142857142857143,0.6913775510204081,0.09751402226189126,188
0.0020053863525390627,0.0006327024192327705,0.00290374755859375,0.0009700738324197839,0.774263682681127,2000,balanced,3.593813663804626,poly,"{'C': np.float64(0.774263682681127), 'cache_size': 2000, 'class_weight': 'balanced', 'gamma': np.float64(3.593813663804626), 'kernel': 'poly'}",0.64375,0.78125,0.55625,0.7414965986394558,0.7214285714285714,0.6888350340136056,0.07998444416850908,195
0.0022011280059814455,0.0003998048084134051,0.002907562255859375,0.0005826048890584691,16.68100537200059,2000,balanced,1.2915496650148828,poly,"{'C': np.float64(16.68100537200059), 'cache_size': 2000, 'class_weight': 'balanced', 'gamma': np.float64(1.2915496650148828), 'kernel': 'poly'}",0.64375,0.78125,0.55625,0.7414965986394558,0.7214285714285714,0.6888350340136056,0.07998444416850908,195
0.0021051883697509764,0.00020793033095488358,0.0017015933990478516,0.00040012829157103406,359.38136638046257,2000,balanced,0.46415888336127775,poly,"{'C': np.float64(359.38136638046257), 'cache_size': 2000, 'class_weight': 'balanced', 'gamma': np.float64(0.46415888336127775), 'kernel': 'poly'}",0.64375,0.78125,0.55625,0.7414965986394558,0.7214285714285714,0.6888350340136056,0.07998444416850908,195
0.006512737274169922,0.002175383050842974,0.002140235900878906,0.0001872316995177046,1000.0,2000,"{1: 3.5, 0: 1}",10.0,poly,"{'C': np.float64(1000.0), 'cache_size': 2000, 'class_weight': {1: 3.5, 0: 1}, 'gamma': np.float64(10.0), 'kernel': 'poly'}",0.6625,0.8374999999999999,0.50625,0.8571428571428571,0.5785714285714285,0.6883928571428571,0.13900842361790414,198
0.0017056941986083984,0.0006042559301399146,0.0024826526641845703,0.0005600384723583811,0.1,2000,"{1: 2, 0: 1}",0.05994842503189409,rbf,"{'C': np.float64(0.1), 'cache_size': 2000, 'class_weight': {1: 2, 0: 1}, 'gamma': np.float64(0.05994842503189409), 'kernel': 'rbf'}",0.725,0.775,0.6625,0.7619047619047619,0.5142857142857143,0.6877380952380953,0.0951067546737901,199
0.002201223373413086,0.0009809516757068688,0.0026063442230224608,0.00037293578334052094,2.1544346900318834,2000,"{1: 2, 0: 1}",0.001,rbf,"{'C': np.float64(2.1544346900318834), 'cache_size': 2000, 'class_weight': {1: 2, 0: 1}, 'gamma': np.float64(0.001), 'kernel': 'rbf'}",0.7375,0.775,0.65625,0.7551020408163265,0.5142857142857143,0.6876275510204082,0.09560957677108338,200
0.0016350746154785156,0.0005498570730207269,0.0028380393981933595,0.00047704741134125595,0.2782559402207124,2000,"{1: 2, 0: 1}",10.0,rbf,"{'C': np.float64(0.2782559402207124), 'cache_size': 2000, 'class_weight': {1: 2, 0: 1}, 'gamma': np.float64(10.0), 'kernel': 'rbf'}",0.575,0.89375,0.70625,0.7755102040816326,0.48571428571428565,0.6872448979591836,0.14422885989082104,201
0.0013051033020019531,0.00040770430304984184,0.002203083038330078,0.0002467650768192444,5.994842503189409,2000,"{1: 2, 0: 1}",0.001,rbf,"{'C': np.float64(5.994842503189409), 'cache_size': 2000, 'class_weight': {1: 2, 0: 1}, 'gamma': np.float64(0.001), 'kernel': 'rbf'}",0.71875,0.775,0.6625,0.7619047619047619,0.5142857142857143,0.6864880952380952,0.09464877190262816,202
0.001802349090576172,0.0005113568113772459,0.0024053096771240235,0.0007978360703263501,359.38136638046257,2000,balanced,1.2915496650148828,poly,"{'C': np.float64(359.38136638046257), 'cache_size': 2000, 'class_weight': 'balanced', 'gamma': np.float64(1.2915496650148828), 'kernel': 'poly'}",0.64375,0.8,0.625,0.7414965986394558,0.6214285714285714,0.6863350340136055,0.07176467530666128,203
0.0024066925048828124,0.0010678871647835163,0.002102518081665039,0.0004888807142920039,16.68100537200059,2000,balanced,3.593813663804626,poly,"{'C': np.float64(16.68100537200059), 'cache_size': 2000, 'class_weight': 'balanced', 'gamma': np.float64(3.593813663804626), 'kernel': 'poly'}",0.64375,0.8,0.625,0.7414965986394558,0.6214285714285714,0.6863350340136055,0.07176467530666128,203
0.0019051551818847657,0.0004954637154959085,0.0021019935607910155,0.0002027273949182519,0.774263682681127,2000,balanced,10.0,poly,"{'C': np.float64(0.774263682681127), 'cache_size': 2000, 'class_weight': 'balanced', 'gamma': np.float64(10.0), 'kernel': 'poly'}",0.64375,0.8,0.625,0.7414965986394558,0.6214285714285714,0.6863350340136055,0.07176467530666128,203
0.00220489501953125,0.00039797455974463833,0.002502918243408203,0.00031636170840934304,5.994842503189409,2000,"{1: 3, 0: 1}",3.593813663804626,rbf,"{'C': np.float64(5.994842503189409), 'cache_size': 2000, 'class_weight': {1: 3, 0: 1}, 'gamma': np.float64(3.593813663804626), 'kernel': 'rbf'}",0.56875,0.88125,0.65625,0.7959183673469388,0.5285714285714285,0.6861479591836736,0.13388120153528446,206
0.006813669204711914,0.002267017893144145,0.0029018878936767577,0.0008013372596226134,1000.0,2000,balanced,10.0,poly,"{'C': np.float64(1000.0), 'cache_size': 2000, 'class_weight': 'balanced', 'gamma': np.float64(10.0), 'kernel': 'poly'}",0.53125,0.7625000000000001,0.65625,0.8231292517006802,0.657142857142857,0.6860544217687075,0.10032150971473817,207
0.0022018909454345702,0.0003993078208338228,0.002405881881713867,0.000375924939979023,359.38136638046257,2000,"{1: 3.5, 0: 1}",0.46415888336127775,rbf,"{'C': np.float64(359.38136638046257), 'cache_size': 2000, 'class_weight': {1: 3.5, 0: 1}, 'gamma': np.float64(0.46415888336127775), 'kernel': 'rbf'}",0.6187499999999999,0.8687499999999999,0.675,0.782312925170068,0.47857142857142854,0.6846768707482992,0.13441366258281154,208
0.002410125732421875,0.0005885136569833388,0.0029021739959716798,0.0013562806508779586,5.994842503189409,2000,"{1: 3.5, 0: 1}",10.0,poly,"{'C': np.float64(5.994842503189409), 'cache_size': 2000, 'class_weight': {1: 3.5, 0: 1}, 'gamma': np.float64(10.0), 'kernel': 'poly'}",0.5625,0.80625,0.6875,0.8231292517006802,0.5428571428571428,0.6844472789115645,0.11747069167168171,209
0.0017057895660400391,0.0006064982821830488,0.0019022464752197266,0.00019892281515650624,129.15496650148827,2000,"{1: 3.5, 0: 1}",3.593813663804626,poly,"{'C': np.float64(129.15496650148827), 'cache_size': 2000, 'class_weight': {1: 3.5, 0: 1}, 'gamma': np.float64(3.593813663804626), 'kernel': 'poly'}",0.5625,0.80625,0.6875,0.8231292517006802,0.5428571428571428,0.6844472789115645,0.11747069167168171,209
0.004407691955566406,0.00199173095202871,0.0032128334045410157,0.0012154211062682337,359.38136638046257,2000,balanced,10.0,poly,"{'C': np.float64(359.38136638046257), 'cache_size': 2000, 'class_weight': 'balanced', 'gamma': np.float64(10.0), 'kernel': 'poly'}",0.49375,0.76875,0.75,0.8095238095238095,0.6,0.684404761904762,0.11878133910372612,211
0.0012033939361572265,0.0004065752413897372,0.0025073528289794923,0.0003162406393853293,0.774263682681127,2000,"{1: 3, 0: 1}",10.0,sigmoid,"{'C': np.float64(0.774263682681127), 'cache_size': 2000, 'class_weight': {1: 3, 0: 1}, 'gamma': np.float64(10.0), 'kernel': 'sigmoid'}",0.725,0.7999999999999999,0.59375,0.7346938775510203,0.5642857142857143,0.6835459183673469,0.08964642879065947,212
0.0019032955169677734,0.00037398198786656054,0.0021090984344482424,0.00020713607469241633,0.1,2000,"{1: 2, 0: 1}",0.007742636826811269,rbf,"{'C': np.float64(0.1), 'cache_size': 2000, 'class_weight': {1: 2, 0: 1}, 'gamma': np.float64(0.007742636826811269), 'kernel': 'rbf'}",0.725,0.7937500000000001,0.6687500000000001,0.7619047619047619,0.4642857142857143,0.6827380952380953,0.11687102485752045,213
0.0019012451171875,0.0006629838218330386,0.0027059078216552734,0.0009878298977039795,46.41588833612777,2000,"{1: 3, 0: 1}",1.2915496650148828,rbf,"{'C': np.float64(46.41588833612777), 'cache_size': 2000, 'class_weight': {1: 3, 0: 1}, 'gamma': np.float64(1.2915496650148828), 'kernel': 'rbf'}",0.58125,0.85625,0.7,0.782312925170068,0.4928571428571429,0.6825340136054422,0.13166161362499315,214
0.0016043663024902343,0.0004862563468014636,0.0025873184204101562,0.0007572852513887026,0.2782559402207124,2000,"{1: 3, 0: 1}",10.0,rbf,"{'C': np.float64(0.2782559402207124), 'cache_size': 2000, 'class_weight': {1: 3, 0: 1}, 'gamma': np.float64(10.0), 'kernel': 'rbf'}",0.6625,0.825,0.53125,0.7210884353741497,0.6714285714285715,0.6822534013605441,0.09507276405027074,215
0.001401662826538086,0.0003477399831656795,0.0026355266571044924,0.000518911131281152,0.1,2000,"{1: 2, 0: 1}",10.0,rbf,"{'C': np.float64(0.1), 'cache_size': 2000, 'class_weight': {1: 2, 0: 1}, 'gamma': np.float64(10.0), 'kernel': 'rbf'}",0.5687500000000001,0.89375,0.6875,0.7755102040816326,0.48571428571428565,0.6822448979591837,0.1448901756676343,216
0.0015047550201416015,0.0004517554733505044,0.0019025802612304688,0.0001974144419233144,359.38136638046257,2000,"{1: 3.5, 0: 1}",0.46415888336127775,poly,"{'C': np.float64(359.38136638046257), 'cache_size': 2000, 'class_weight': {1: 3.5, 0: 1}, 'gamma': np.float64(0.46415888336127775), 'kernel': 'poly'}",0.58125,0.79375,0.70625,0.8435374149659863,0.4857142857142857,0.6821003401360544,0.13255116387707186,217
0.005709075927734375,0.0016959652572358674,0.0030274391174316406,0.0006800825338532969,1000.0,2000,"{1: 3.5, 0: 1}",10.0,rbf,"{'C': np.float64(1000.0), 'cache_size': 2000, 'class_weight': {1: 3.5, 0: 1}, 'gamma': np.float64(10.0), 'kernel': 'rbf'}",0.71875,0.8375,0.3500000000000001,0.8367346938775511,0.6642857142857143,0.681454081632653,0.17889099685195325,218
0.0019016742706298828,0.00019886798813997447,0.001905059814453125,0.0002005668348738328,0.2782559402207124,2000,"{1: 2, 0: 1}",0.001,sigmoid,"{'C': np.float64(0.2782559402207124), 'cache_size': 2000, 'class_weight': {1: 2, 0: 1}, 'gamma': np.float64(0.001), 'kernel': 'sigmoid'}",0.725,0.7937500000000001,0.6687500000000001,0.7551020408163265,0.4642857142857143,0.6813775510204081,0.11597767575006193,219
0.0018009185791015626,0.0004002586727825343,0.003107500076293945,0.0007371204665198797,0.1,2000,"{1: 2, 0: 1}",0.0027825594022071257,sigmoid,"{'C': np.float64(0.1), 'cache_size': 2000, 'class_weight': {1: 2, 0: 1}, 'gamma': np.float64(0.0027825594022071257), 'kernel': 'sigmoid'}",0.725,0.7937500000000001,0.6687500000000001,0.7551020408163265,0.4642857142857143,0.6813775510204081,0.11597767575006193,219
0.0028027057647705077,0.001288401485752219,0.0022049903869628905,0.00039795112321440343,0.2782559402207124,2000,"{1: 2, 0: 1}",0.0027825594022071257,rbf,"{'C': np.float64(0.2782559402207124), 'cache_size': 2000, 'class_weight': {1: 2, 0: 1}, 'gamma': np.float64(0.0027825594022071257), 'kernel': 'rbf'}",0.725,0.7937500000000001,0.6687500000000001,0.7551020408163265,0.4642857142857143,0.6813775510204081,0.11597767575006193,219
0.0017014026641845703,0.000601157919239008,0.002617073059082031,0.000573919535710861,0.2782559402207124,2000,"{1: 2, 0: 1}",0.007742636826811269,sigmoid,"{'C': np.float64(0.2782559402207124), 'cache_size': 2000, 'class_weight': {1: 2, 0: 1}, 'gamma': np.float64(0.007742636826811269), 'kernel': 'sigmoid'}",0.725,0.7937500000000001,0.6687500000000001,0.7551020408163265,0.4642857142857143,0.6813775510204081,0.11597767575006193,219
0.001901102066040039,0.0001983407240442322,0.0022228717803955077,0.00025088716275938956,0.2782559402207124,2000,"{1: 2, 0: 1}",0.0027825594022071257,sigmoid,"{'C': np.float64(0.2782559402207124), 'cache_size': 2000, 'class_weight': {1: 2, 0: 1}, 'gamma': np.float64(0.0027825594022071257), 'kernel': 'sigmoid'}",0.725,0.7937500000000001,0.6687500000000001,0.7551020408163265,0.4642857142857143,0.6813775510204081,0.11597767575006193,219
0.0016066074371337891,0.00037831343588509947,0.002003908157348633,6.384990211971472e-06,0.774263682681127,2000,"{1: 2, 0: 1}",0.0027825594022071257,sigmoid,"{'C': np.float64(0.774263682681127), 'cache_size': 2000, 'class_weight': {1: 2, 0: 1}, 'gamma': np.float64(0.0027825594022071257), 'kernel': 'sigmoid'}",0.725,0.7937500000000001,0.6687500000000001,0.7551020408163265,0.4642857142857143,0.6813775510204081,0.11597767575006193,219
0.0017014503479003905,0.0006007452311406789,0.0024060726165771483,0.0005906692839362695,0.1,2000,"{1: 2, 0: 1}",0.001,sigmoid,"{'C': np.float64(0.1), 'cache_size': 2000, 'class_weight': {1: 2, 0: 1}, 'gamma': np.float64(0.001), 'kernel': 'sigmoid'}",0.725,0.7937500000000001,0.6687500000000001,0.7551020408163265,0.4642857142857143,0.6813775510204081,0.11597767575006193,219
0.0019016265869140625,0.00019884178106614997,0.002839183807373047,0.000468416137391634,0.1,2000,"{1: 2, 0: 1}",0.0027825594022071257,rbf,"{'C': np.float64(0.1), 'cache_size': 2000, 'class_weight': {1: 2, 0: 1}, 'gamma': np.float64(0.0027825594022071257), 'kernel': 'rbf'}",0.725,0.7937500000000001,0.6687500000000001,0.7551020408163265,0.4642857142857143,0.6813775510204081,0.11597767575006193,219
0.0021219730377197267,0.0011187658377732042,0.0022091388702392576,0.000510095363743939,0.774263682681127,2000,"{1: 2, 0: 1}",0.001,sigmoid,"{'C': np.float64(0.774263682681127), 'cache_size': 2000, 'class_weight': {1: 2, 0: 1}, 'gamma': np.float64(0.001), 'kernel': 'sigmoid'}",0.725,0.7937500000000001,0.6687500000000001,0.7551020408163265,0.4642857142857143,0.6813775510204081,0.11597767575006193,219
0.002001380920410156,0.000632486351220711,0.0023067951202392577,0.0005109271900676437,2.1544346900318834,2000,"{1: 2, 0: 1}",0.001,sigmoid,"{'C': np.float64(2.1544346900318834), 'cache_size': 2000, 'class_weight': {1: 2, 0: 1}, 'gamma': np.float64(0.001), 'kernel': 'sigmoid'}",0.725,0.7937500000000001,0.6687500000000001,0.7551020408163265,0.4642857142857143,0.6813775510204081,0.11597767575006193,219
0.0017066001892089844,0.0005165597644814749,0.0024023056030273438,0.0007992999558996734,0.1,2000,"{1: 2, 0: 1}",0.007742636826811269,sigmoid,"{'C': np.float64(0.1), 'cache_size': 2000, 'class_weight': {1: 2, 0: 1}, 'gamma': np.float64(0.007742636826811269), 'kernel': 'sigmoid'}",0.725,0.7937500000000001,0.6687500000000001,0.7551020408163265,0.4642857142857143,0.6813775510204081,0.11597767575006193,219
0.0019268512725830079,0.0004454643612417514,0.0027068138122558595,0.0007463911398650307,0.1,2000,"{1: 2, 0: 1}",0.021544346900318832,sigmoid,"{'C': np.float64(0.1), 'cache_size': 2000, 'class_weight': {1: 2, 0: 1}, 'gamma': np.float64(0.021544346900318832), 'kernel': 'sigmoid'}",0.725,0.7937500000000001,0.6687500000000001,0.7551020408163265,0.4642857142857143,0.6813775510204081,0.11597767575006193,219
0.005310869216918946,0.005131337541463257,0.0029030799865722655,0.0011147974340943816,0.774263682681127,2000,"{1: 3.5, 0: 1}",3.593813663804626,poly,"{'C': np.float64(0.774263682681127), 'cache_size': 2000, 'class_weight': {1: 3.5, 0: 1}, 'gamma': np.float64(3.593813663804626), 'kernel': 'poly'}",0.58125,0.79375,0.7000000000000001,0.8435374149659863,0.4857142857142857,0.6808503401360545,0.13234684316411363,231
0.0019048690795898438,0.0009234568136754159,0.002502298355102539,0.0007743265455155308,16.68100537200059,2000,"{1: 3.5, 0: 1}",1.2915496650148828,poly,"{'C': np.float64(16.68100537200059), 'cache_size': 2000, 'class_weight': {1: 3.5, 0: 1}, 'gamma': np.float64(1.2915496650148828), 'kernel': 'poly'}",0.58125,0.79375,0.7000000000000001,0.8435374149659863,0.4857142857142857,0.6808503401360545,0.13234684316411363,231
0.002209186553955078,0.0008107945878037189,0.002401447296142578,0.0004900000215039646,16.68100537200059,2000,"{1: 2, 0: 1}",3.593813663804626,poly,"{'C': np.float64(16.68100537200059), 'cache_size': 2000, 'class_weight': {1: 2, 0: 1}, 'gamma': np.float64(3.593813663804626), 'kernel': 'poly'}",0.575,0.8375,0.6812500000000001,0.7755102040816326,0.5285714285714286,0.6795663265306122,0.11652011282626089,233
0.0019019126892089843,0.00019863088963796596,0.0022059917449951173,0.0005151857008107088,359.38136638046257,2000,"{1: 2, 0: 1}",1.2915496650148828,poly,"{'C': np.float64(359.38136638046257), 'cache_size': 2000, 'class_weight': {1: 2, 0: 1}, 'gamma': np.float64(1.2915496650148828), 'kernel': 'poly'}",0.575,0.8375,0.6812500000000001,0.7755102040816326,0.5285714285714286,0.6795663265306122,0.11652011282626089,233
0.001911163330078125,0.0006647066885153055,0.0021953582763671875,0.0005017579805173798,0.774263682681127,2000,"{1: 2, 0: 1}",10.0,poly,"{'C': np.float64(0.774263682681127), 'cache_size': 2000, 'class_weight': {1: 2, 0: 1}, 'gamma': np.float64(10.0), 'kernel': 'poly'}",0.575,0.8375,0.6812500000000001,0.7755102040816326,0.5285714285714286,0.6795663265306122,0.11652011282626089,233
0.0014008522033691407,0.0004904468158699723,0.0031043529510498048,0.0013219023513782228,1000.0,2000,"{1: 3.5, 0: 1}",0.46415888336127775,poly,"{'C': np.float64(1000.0), 'cache_size': 2000, 'class_weight': {1: 3.5, 0: 1}, 'gamma': np.float64(0.46415888336127775), 'kernel': 'poly'}",0.575,0.8,0.70625,0.8299319727891157,0.4857142857142857,0.6793792517006803,0.1314067510424718,236
0.0022061824798583984,0.0006846918120943348,0.0018012523651123047,0.00040054437659866585,46.41588833612777,2000,"{1: 3.5, 0: 1}",1.2915496650148828,poly,"{'C': np.float64(46.41588833612777), 'cache_size': 2000, 'class_weight': {1: 3.5, 0: 1}, 'gamma': np.float64(1.2915496650148828), 'kernel': 'poly'}",0.575,0.8,0.70625,0.8299319727891157,0.4857142857142857,0.6793792517006803,0.1314067510424718,236
0.005808305740356445,0.007180618638450846,0.0034064292907714845,0.0007321760670380038,129.15496650148827,2000,"{1: 3.5, 0: 1}",0.46415888336127775,poly,"{'C': np.float64(129.15496650148827), 'cache_size': 2000, 'class_weight': {1: 3.5, 0: 1}, 'gamma': np.float64(0.46415888336127775), 'kernel': 'poly'}",0.58125,0.79375,0.70625,0.8299319727891157,0.4857142857142857,0.6793792517006803,0.12930916139059193,236
0.0022920608520507813,0.0004122911101331887,0.0028785228729248046,0.0004640973680353564,2.1544346900318834,2000,"{1: 3.5, 0: 1}",3.593813663804626,poly,"{'C': np.float64(2.1544346900318834), 'cache_size': 2000, 'class_weight': {1: 3.5, 0: 1}, 'gamma': np.float64(3.593813663804626), 'kernel': 'poly'}",0.575,0.8,0.70625,0.8299319727891157,0.4857142857142857,0.6793792517006803,0.1314067510424718,236
0.001402568817138672,0.00037524092335646496,0.0022040367126464843,0.00039828031942421694,129.15496650148827,2000,"{1: 3.5, 0: 1}",1.2915496650148828,poly,"{'C': np.float64(129.15496650148827), 'cache_size': 2000, 'class_weight': {1: 3.5, 0: 1}, 'gamma': np.float64(1.2915496650148828), 'kernel': 'poly'}",0.575,0.8,0.70625,0.8299319727891157,0.4857142857142857,0.6793792517006803,0.1314067510424718,236
0.0018397808074951173,0.0004258882657052271,0.002003383636474609,0.0007078708948426628,0.1,2000,"{1: 3, 0: 1}",10.0,rbf,"{'C': np.float64(0.1), 'cache_size': 2000, 'class_weight': {1: 3, 0: 1}, 'gamma': np.float64(10.0), 'kernel': 'rbf'}",0.65,0.825,0.53125,0.7142857142857143,0.6714285714285715,0.6783928571428571,0.0951710329365195,241
0.0013014793395996094,0.00040010517441457864,0.0022036075592041016,0.0002469218062451369,5.994842503189409,2000,"{1: 3.5, 0: 1}",1.2915496650148828,poly,"{'C': np.float64(5.994842503189409), 'cache_size': 2000, 'class_weight': {1: 3.5, 0: 1}, 'gamma': np.float64(1.2915496650148828), 'kernel': 'poly'}",0.58125,0.79375,0.7000000000000001,0.8299319727891157,0.4857142857142857,0.6781292517006803,0.12907336033740602,242
0.0016508102416992188,0.00045753108016414047,0.0019002914428710937,0.0007990152628122794,0.1,2000,"{1: 3.5, 0: 1}",10.0,poly,"{'C': np.float64(0.1), 'cache_size': 2000, 'class_weight': {1: 3.5, 0: 1}, 'gamma': np.float64(10.0), 'kernel': 'poly'}",0.575,0.8,0.7000000000000001,0.8299319727891157,0.4857142857142857,0.6781292517006803,0.13117472069263142,242
0.002612447738647461,0.0010292890150068504,0.0024011611938476564,0.0004907210034044861,0.2782559402207124,2000,"{1: 3.5, 0: 1}",3.593813663804626,poly,"{'C': np.float64(0.2782559402207124), 'cache_size': 2000, 'class_weight': {1: 3.5, 0: 1}, 'gamma': np.float64(3.593813663804626), 'kernel': 'poly'}",0.58125,0.79375,0.7000000000000001,0.8299319727891157,0.4857142857142857,0.6781292517006803,0.12907336033740602,242
0.0074135780334472655,0.0034927705277609236,0.0021069526672363283,0.0002005022514641689,1000.0,2000,"{1: 3, 0: 1}",10.0,poly,"{'C': np.float64(1000.0), 'cache_size': 2000, 'class_weight': {1: 3, 0: 1}, 'gamma': np.float64(10.0), 'kernel': 'poly'}",0.6187500000000001,0.8312499999999999,0.525,0.8367346938775511,0.5785714285714285,0.6780612244897959,0.13075767672648178,245
0.0014043807983398437,0.00048635306500700664,0.0019016265869140625,0.0004910020720728951,0.2782559402207124,2000,"{1: 3.5, 0: 1}",10.0,poly,"{'C': np.float64(0.2782559402207124), 'cache_size': 2000, 'class_weight': {1: 3.5, 0: 1}, 'gamma': np.float64(10.0), 'kernel': 'poly'}",0.575,0.8,0.70625,0.8231292517006802,0.4857142857142857,0.6780187074829931,0.12986712930354405,246
0.0016026020050048829,0.0005835708865509097,0.0022046566009521484,0.00039988426660450007,359.38136638046257,2000,"{1: 3.5, 0: 1}",1.2915496650148828,poly,"{'C': np.float64(359.38136638046257), 'cache_size': 2000, 'class_weight': {1: 3.5, 0: 1}, 'gamma': np.float64(1.2915496650148828), 'kernel': 'poly'}",0.575,0.8,0.70625,0.8231292517006802,0.4857142857142857,0.6780187074829931,0.12986712930354405,246
0.0019077777862548829,0.0006577025035091756,0.002402496337890625,0.0008594842015344137,5.994842503189409,2000,"{1: 3.5, 0: 1}",3.593813663804626,poly,"{'C': np.float64(5.994842503189409), 'cache_size': 2000, 'class_weight': {1: 3.5, 0: 1}, 'gamma': np.float64(3.593813663804626), 'kernel': 'poly'}",0.575,0.8,0.70625,0.8231292517006802,0.4857142857142857,0.6780187074829931,0.12986712930354405,246
0.0016011714935302735,0.0004907194975272688,0.0022066593170166015,0.0008152081272124913,0.774263682681127,2000,"{1: 3.5, 0: 1}",10.0,poly,"{'C': np.float64(0.774263682681127), 'cache_size': 2000, 'class_weight': {1: 3.5, 0: 1}, 'gamma': np.float64(10.0), 'kernel': 'poly'}",0.575,0.8,0.70625,0.8231292517006802,0.4857142857142857,0.6780187074829931,0.12986712930354405,246
0.0013017654418945312,0.0004003074213092844,0.002430295944213867,0.00037023135493440934,1000.0,2000,"{1: 3.5, 0: 1}",1.2915496650148828,poly,"{'C': np.float64(1000.0), 'cache_size': 2000, 'class_weight': {1: 3.5, 0: 1}, 'gamma': np.float64(1.2915496650148828), 'kernel': 'poly'}",0.575,0.8,0.70625,0.8231292517006802,0.4857142857142857,0.6780187074829931,0.12986712930354405,246
0.0018011093139648437,0.0007493103613612968,0.0021065711975097657,0.0003782616845839372,16.68100537200059,2000,"{1: 3.5, 0: 1}",3.593813663804626,poly,"{'C': np.float64(16.68100537200059), 'cache_size': 2000, 'class_weight': {1: 3.5, 0: 1}, 'gamma': np.float64(3.593813663804626), 'kernel': 'poly'}",0.575,0.8,0.70625,0.8231292517006802,0.4857142857142857,0.6780187074829931,0.12986712930354405,246
0.0017020702362060547,0.0006008953653568243,0.002304410934448242,0.0008702160899796559,46.41588833612777,2000,"{1: 3.5, 0: 1}",3.593813663804626,poly,"{'C': np.float64(46.41588833612777), 'cache_size': 2000, 'class_weight': {1: 3.5, 0: 1}, 'gamma': np.float64(3.593813663804626), 'kernel': 'poly'}",0.575,0.8,0.70625,0.8231292517006802,0.4857142857142857,0.6780187074829931,0.12986712930354405,246
0.001602315902709961,0.0003735610164174841,0.0020049571990966796,7.761760692358324e-06,2.1544346900318834,2000,"{1: 3.5, 0: 1}",10.0,poly,"{'C': np.float64(2.1544346900318834), 'cache_size': 2000, 'class_weight': {1: 3.5, 0: 1}, 'gamma': np.float64(10.0), 'kernel': 'poly'}",0.575,0.8,0.70625,0.8231292517006802,0.4857142857142857,0.6780187074829931,0.12986712930354405,246
0.002102231979370117,0.00020213242436228858,0.0034087657928466796,0.0007425667132834533,0.774263682681127,2000,balanced,10.0,rbf,"{'C': np.float64(0.774263682681127), 'cache_size': 2000, 'class_weight': 'balanced', 'gamma': np.float64(10.0), 'kernel': 'rbf'}",0.6125,0.8875,0.575,0.727891156462585,0.5857142857142856,0.677721088435374,0.11814812025258313,254
0.004511690139770508,0.0010541108897520926,0.005408191680908203,0.005831335834980571,1000.0,2000,"{1: 3, 0: 1}",10.0,rbf,"{'C': np.float64(1000.0), 'cache_size': 2000, 'class_weight': {1: 3, 0: 1}, 'gamma': np.float64(10.0), 'kernel': 'rbf'}",0.725,0.84375,0.3125,0.8571428571428571,0.6499999999999999,0.6776785714285715,0.1980646153070626,255
0.002506113052368164,0.0014165263231951174,0.0025058746337890624,0.001000507658960705,2.1544346900318834,2000,"{1: 2, 0: 1}",10.0,sigmoid,"{'C': np.float64(2.1544346900318834), 'cache_size': 2000, 'class_weight': {1: 2, 0: 1}, 'gamma': np.float64(10.0), 'kernel': 'sigmoid'}",0.7125,0.71875,0.7374999999999999,0.7755102040816327,0.44285714285714284,0.6774234693877551,0.11932292631980956,256
0.002404928207397461,0.0010261560572094048,0.0025051593780517577,0.0008997278792271256,0.1,2000,balanced,0.001,poly,"{'C': np.float64(0.1), 'cache_size': 2000, 'class_weight': 'balanced', 'gamma': np.float64(0.001), 'kernel': 'poly'}",0.7,0.78125,0.575,0.7687074829931974,0.5571428571428572,0.676420068027211,0.09441967806062444,257
0.0031099319458007812,0.0020890271111262534,0.003601551055908203,0.0016257527285758015,1000.0,2000,balanced,1.2915496650148828,poly,"{'C': np.float64(1000.0), 'cache_size': 2000, 'class_weight': 'balanced', 'gamma': np.float64(1.2915496650148828), 'kernel': 'poly'}",0.5625,0.8625,0.65,0.7482993197278911,0.5571428571428572,0.6760884353741498,0.11635692754383137,258
0.0023057937622070314,0.0002489923103889386,0.0025167465209960938,0.0004513052231619862,46.41588833612777,2000,balanced,3.593813663804626,poly,"{'C': np.float64(46.41588833612777), 'cache_size': 2000, 'class_weight': 'balanced', 'gamma': np.float64(3.593813663804626), 'kernel': 'poly'}",0.5625,0.8625,0.65,0.7482993197278911,0.5571428571428572,0.6760884353741498,0.11635692754383137,258
0.007812118530273438,0.010147434613667971,0.0027033805847167967,0.001028101368251456,2.1544346900318834,2000,balanced,10.0,poly,"{'C': np.float64(2.1544346900318834), 'cache_size': 2000, 'class_weight': 'balanced', 'gamma': np.float64(10.0), 'kernel': 'poly'}",0.5625,0.8625,0.65,0.7482993197278911,0.5571428571428572,0.6760884353741498,0.11635692754383137,258
0.001905059814453125,0.0008033728412717222,0.0025020122528076174,0.000894576887578747,0.774263682681127,2000,balanced,0.001,poly,"{'C': np.float64(0.774263682681127), 'cache_size': 2000, 'class_weight': 'balanced', 'gamma': np.float64(0.001), 'kernel': 'poly'}",0.7,0.78125,0.575,0.7653061224489796,0.5571428571428572,0.6757397959183674,0.09376228227194015,261
0.0022046566009521484,0.0007477899515310764,0.0031098842620849608,0.0007344911043903303,0.2782559402207124,2000,balanced,0.001,poly,"{'C': np.float64(0.2782559402207124), 'cache_size': 2000, 'class_weight': 'balanced', 'gamma': np.float64(0.001), 'kernel': 'poly'}",0.7,0.78125,0.575,0.7653061224489796,0.5571428571428572,0.6757397959183674,0.09376228227194015,261
0.001801300048828125,0.001166882875738575,0.002206563949584961,0.0002517330800036315,0.1,2000,"{1: 2, 0: 1}",3.593813663804626,sigmoid,"{'C': np.float64(0.1), 'cache_size': 2000, 'class_weight': {1: 2, 0: 1}, 'gamma': np.float64(3.593813663804626), 'kernel': 'sigmoid'}",0.7375,0.76875,0.6312500000000001,0.7619047619047619,0.47857142857142854,0.6755952380952381,0.11022179890860305,263
0.002305412292480469,0.0008674045594366793,0.0030063629150390626,0.0011382653263438763,16.68100537200059,2000,"{1: 2, 0: 1}",0.007742636826811269,rbf,"{'C': np.float64(16.68100537200059), 'cache_size': 2000, 'class_weight': {1: 2, 0: 1}, 'gamma': np.float64(0.007742636826811269), 'kernel': 'rbf'}",0.73125,0.76875,0.6375,0.7619047619047619,0.47857142857142854,0.6755952380952381,0.10908182687619661,263
0.0014002799987792968,0.0004898429878647236,0.004108858108520508,0.0022244477113586444,5.994842503189409,2000,"{1: 2, 0: 1}",0.007742636826811269,rbf,"{'C': np.float64(5.994842503189409), 'cache_size': 2000, 'class_weight': {1: 2, 0: 1}, 'gamma': np.float64(0.007742636826811269), 'kernel': 'rbf'}",0.73125,0.76875,0.6375,0.7619047619047619,0.47857142857142854,0.6755952380952381,0.10908182687619661,263
0.001912975311279297,0.0004945319432748616,0.0024022579193115233,0.0007353219128312868,0.2782559402207124,2000,"{1: 2, 0: 1}",3.593813663804626,sigmoid,"{'C': np.float64(0.2782559402207124), 'cache_size': 2000, 'class_weight': {1: 2, 0: 1}, 'gamma': np.float64(3.593813663804626), 'kernel': 'sigmoid'}",0.7375,0.76875,0.6312500000000001,0.7619047619047619,0.47857142857142854,0.6755952380952381,0.11022179890860305,263
0.002821683883666992,0.0006160331017431705,0.002401876449584961,0.0007995141784630758,2.1544346900318834,2000,"{1: 2, 0: 1}",0.46415888336127775,sigmoid,"{'C': np.float64(2.1544346900318834), 'cache_size': 2000, 'class_weight': {1: 2, 0: 1}, 'gamma': np.float64(0.46415888336127775), 'kernel': 'sigmoid'}",0.73125,0.76875,0.64375,0.7551020408163265,0.47857142857142854,0.675484693877551,0.10763738521130581,267
0.0019073963165283203,0.0008689220429991619,0.0028050899505615234,0.0007448000514571751,129.15496650148827,2000,"{1: 2, 0: 1}",0.007742636826811269,sigmoid,"{'C': np.float64(129.15496650148827), 'cache_size': 2000, 'class_weight': {1: 2, 0: 1}, 'gamma': np.float64(0.007742636826811269), 'kernel': 'sigmoid'}",0.73125,0.76875,0.64375,0.7551020408163265,0.47857142857142854,0.675484693877551,0.10763738521130581,267
0.002302217483520508,0.0012500549565008393,0.0029055118560791016,0.0009139851480509824,1000.0,2000,"{1: 2, 0: 1}",0.001,sigmoid,"{'C': np.float64(1000.0), 'cache_size': 2000, 'class_weight': {1: 2, 0: 1}, 'gamma': np.float64(0.001), 'kernel': 'sigmoid'}",0.73125,0.76875,0.64375,0.7551020408163265,0.47857142857142854,0.675484693877551,0.10763738521130581,267
0.001905059814453125,0.0008021687337571464,0.0021015167236328124,0.0008001818062177401,46.41588833612777,2000,"{1: 2, 0: 1}",0.021544346900318832,sigmoid,"{'C': np.float64(46.41588833612777), 'cache_size': 2000, 'class_weight': {1: 2, 0: 1}, 'gamma': np.float64(0.021544346900318832), 'kernel': 'sigmoid'}",0.73125,0.76875,0.64375,0.7551020408163265,0.47857142857142854,0.675484693877551,0.10763738521130581,267
0.002002382278442383,0.0010952799081495749,0.0024059772491455077,0.0005850622995451259,5.994842503189409,2000,"{1: 2, 0: 1}",0.1668100537200059,sigmoid,"{'C': np.float64(5.994842503189409), 'cache_size': 2000, 'class_weight': {1: 2, 0: 1}, 'gamma': np.float64(0.1668100537200059), 'kernel': 'sigmoid'}",0.73125,0.76875,0.64375,0.7551020408163265,0.47857142857142854,0.675484693877551,0.10763738521130581,267
0.0016029834747314452,0.0003741444839335958,0.0026050567626953124,0.0004937132560200113,359.38136638046257,2000,"{1: 2, 0: 1}",0.0027825594022071257,sigmoid,"{'C': np.float64(359.38136638046257), 'cache_size': 2000, 'class_weight': {1: 2, 0: 1}, 'gamma': np.float64(0.0027825594022071257), 'kernel': 'sigmoid'}",0.73125,0.76875,0.64375,0.7551020408163265,0.47857142857142854,0.675484693877551,0.10763738521130581,267
0.002005147933959961,0.0008344513810268192,0.003005313873291016,0.0008991267729637071,16.68100537200059,2000,"{1: 2, 0: 1}",0.05994842503189409,sigmoid,"{'C': np.float64(16.68100537200059), 'cache_size': 2000, 'class_weight': {1: 2, 0: 1}, 'gamma': np.float64(0.05994842503189409), 'kernel': 'sigmoid'}",0.73125,0.76875,0.64375,0.7551020408163265,0.47857142857142854,0.675484693877551,0.10763738521130581,267
0.00160369873046875,0.0004930227953034049,0.002203226089477539,0.0002474254209485168,2.1544346900318834,2000,"{1: 2, 0: 1}",0.007742636826811269,rbf,"{'C': np.float64(2.1544346900318834), 'cache_size': 2000, 'class_weight': {1: 2, 0: 1}, 'gamma': np.float64(0.007742636826811269), 'kernel': 'rbf'}",0.73125,0.775,0.6375,0.7619047619047619,0.4714285714285714,0.6754166666666667,0.11275035132253916,274
0.0019046306610107423,0.0006585071537292194,0.0031899929046630858,0.001035049325307429,0.2782559402207124,2000,"{1: 2, 0: 1}",0.46415888336127775,rbf,"{'C': np.float64(0.2782559402207124), 'cache_size': 2000, 'class_weight': {1: 2, 0: 1}, 'gamma': np.float64(0.46415888336127775), 'kernel': 'rbf'}",0.7,0.775,0.675,0.7551020408163267,0.4714285714285714,0.6753061224489797,0.10815007620781769,275
0.0033104419708251953,0.0019226200937334141,0.0030015945434570313,1.963735607335472e-06,5.994842503189409,2000,"{1: 2, 0: 1}",3.593813663804626,rbf,"{'C': np.float64(5.994842503189409), 'cache_size': 2000, 'class_weight': {1: 2, 0: 1}, 'gamma': np.float64(3.593813663804626), 'kernel': 'rbf'}",0.55625,0.8625,0.675,0.782312925170068,0.49999999999999994,0.6752125850340136,0.13520255208136658,276
0.0020054340362548827,0.0003227511888844472,0.0021024227142333986,0.0004903620337020512,0.774263682681127,2000,"{1: 2, 0: 1}",0.001,rbf,"{'C': np.float64(0.774263682681127), 'cache_size': 2000, 'class_weight': {1: 2, 0: 1}, 'gamma': np.float64(0.001), 'kernel': 'rbf'}",0.7375,0.775,0.64375,0.7551020408163265,0.4642857142857143,0.6751275510204081,0.11462947116750388,277
0.0018305301666259766,0.00041972235953259486,0.0025040626525878905,0.000638534905044559,0.1,2000,"{1: 2, 0: 1}",0.001,rbf,"{'C': np.float64(0.1), 'cache_size': 2000, 'class_weight': {1: 2, 0: 1}, 'gamma': np.float64(0.001), 'kernel': 'rbf'}",0.7375,0.775,0.64375,0.7551020408163265,0.4642857142857143,0.6751275510204081,0.11462947116750388,277
0.001401233673095703,0.0004897459653370352,0.002110719680786133,0.00021922818468430436,0.2782559402207124,2000,"{1: 2, 0: 1}",0.001,rbf,"{'C': np.float64(0.2782559402207124), 'cache_size': 2000, 'class_weight': {1: 2, 0: 1}, 'gamma': np.float64(0.001), 'kernel': 'rbf'}",0.7375,0.775,0.64375,0.7551020408163265,0.4642857142857143,0.6751275510204081,0.11462947116750388,277
0.0022061347961425783,0.0005111582108945256,0.002401447296142578,0.0004905837457197767,5.994842503189409,2000,balanced,0.007742636826811269,poly,"{'C': np.float64(5.994842503189409), 'cache_size': 2000, 'class_weight': 'balanced', 'gamma': np.float64(0.007742636826811269), 'kernel': 'poly'}",0.7,0.78125,0.575,0.761904761904762,0.5571428571428572,0.6750595238095238,0.09312012515965908,280
0.0019049644470214844,0.00019880307014664338,0.003705930709838867,0.0034021422608611937,359.38136638046257,2000,balanced,0.007742636826811269,poly,"{'C': np.float64(359.38136638046257), 'cache_size': 2000, 'class_weight': 'balanced', 'gamma': np.float64(0.007742636826811269), 'kernel': 'poly'}",0.7,0.78125,0.575,0.761904761904762,0.5571428571428572,0.6750595238095238,0.09312012515965908,280
0.001501750946044922,0.00044750303291593216,0.002404451370239258,0.00048679870865464455,359.38136638046257,2000,balanced,0.021544346900318832,poly,"{'C': np.float64(359.38136638046257), 'cache_size': 2000, 'class_weight': 'balanced', 'gamma': np.float64(0.021544346900318832), 'kernel': 'poly'}",0.7,0.78125,0.575,0.761904761904762,0.5571428571428572,0.6750595238095238,0.09312012515965908,280
0.0020024776458740234,0.0003166643938682943,0.0024042606353759767,0.0007981070022778334,5.994842503189409,2000,balanced,0.1668100537200059,poly,"{'C': np.float64(5.994842503189409), 'cache_size': 2000, 'class_weight': 'balanced', 'gamma': np.float64(0.1668100537200059), 'kernel': 'poly'}",0.7,0.78125,0.575,0.761904761904762,0.5571428571428572,0.6750595238095238,0.09312012515965908,280
0.002202606201171875,0.001030480795952045,0.00260467529296875,0.0004846201253392739,0.774263682681127,2000,balanced,0.0027825594022071257,poly,"{'C': np.float64(0.774263682681127), 'cache_size': 2000, 'class_weight': 'balanced', 'gamma': np.float64(0.0027825594022071257), 'kernel': 'poly'}",0.7,0.78125,0.575,0.761904761904762,0.5571428571428572,0.6750595238095238,0.09312012515965908,280
0.0023055076599121094,0.001078830724180507,0.00270228385925293,0.0013280680547038792,0.774263682681127,2000,balanced,0.021544346900318832,poly,"{'C': np.float64(0.774263682681127), 'cache_size': 2000, 'class_weight': 'balanced', 'gamma': np.float64(0.021544346900318832), 'kernel': 'poly'}",0.7,0.78125,0.575,0.761904761904762,0.5571428571428572,0.6750595238095238,0.09312012515965908,280
0.0018049240112304687,0.0007496163372580228,0.003508186340332031,0.0009513048849658661,0.774263682681127,2000,balanced,0.007742636826811269,poly,"{'C': np.float64(0.774263682681127), 'cache_size': 2000, 'class_weight': 'balanced', 'gamma': np.float64(0.007742636826811269), 'kernel': 'poly'}",0.7,0.78125,0.575,0.761904761904762,0.5571428571428572,0.6750595238095238,0.09312012515965908,280
0.00321049690246582,0.00103864193662078,0.0027020454406738283,0.0009815311598210918,46.41588833612777,2000,balanced,0.021544346900318832,poly,"{'C': np.float64(46.41588833612777), 'cache_size': 2000, 'class_weight': 'balanced', 'gamma': np.float64(0.021544346900318832), 'kernel': 'poly'}",0.7,0.78125,0.575,0.761904761904762,0.5571428571428572,0.6750595238095238,0.09312012515965908,280
0.001702260971069336,0.0007478348204499573,0.002901792526245117,0.0010194371851422071,5.994842503189409,2000,balanced,0.05994842503189409,poly,"{'C': np.float64(5.994842503189409), 'cache_size': 2000, 'class_weight': 'balanced', 'gamma': np.float64(0.05994842503189409), 'kernel': 'poly'}",0.7,0.78125,0.575,0.761904761904762,0.5571428571428572,0.6750595238095238,0.09312012515965908,280
0.002805757522583008,0.0009775119572060034,0.0022058486938476562,0.0002518772399060379,5.994842503189409,2000,balanced,0.46415888336127775,poly,"{'C': np.float64(5.994842503189409), 'cache_size': 2000, 'class_weight': 'balanced', 'gamma': np.float64(0.46415888336127775), 'kernel': 'poly'}",0.7,0.78125,0.575,0.761904761904762,0.5571428571428572,0.6750595238095238,0.09312012515965908,280
0.001901721954345703,0.0004911202731344032,0.00230555534362793,0.0004020950760941212,359.38136638046257,2000,balanced,0.05994842503189409,poly,"{'C': np.float64(359.38136638046257), 'cache_size': 2000, 'class_weight': 'balanced', 'gamma': np.float64(0.05994842503189409), 'kernel': 'poly'}",0.7,0.78125,0.575,0.761904761904762,0.5571428571428572,0.6750595238095238,0.09312012515965908,280
0.002401113510131836,0.0010193188786909405,0.0019051551818847657,0.0004951205378398834,1000.0,2000,balanced,0.007742636826811269,poly,"{'C': np.float64(1000.0), 'cache_size': 2000, 'class_weight': 'balanced', 'gamma': np.float64(0.007742636826811269), 'kernel': 'poly'}",0.7,0.78125,0.575,0.761904761904762,0.5571428571428572,0.6750595238095238,0.09312012515965908,280
0.0019014358520507812,0.000491157906477911,0.002502727508544922,0.0007742058762732706,1000.0,2000,balanced,0.0027825594022071257,poly,"{'C': np.float64(1000.0), 'cache_size': 2000, 'class_weight': 'balanced', 'gamma': np.float64(0.0027825594022071257), 'kernel': 'poly'}",0.7,0.78125,0.575,0.761904761904762,0.5571428571428572,0.6750595238095238,0.09312012515965908,280
0.0017020225524902344,0.0006019461553904237,0.0019050121307373046,0.0004953900777776649,2.1544346900318834,2000,balanced,0.007742636826811269,poly,"{'C': np.float64(2.1544346900318834), 'cache_size': 2000, 'class_weight': 'balanced', 'gamma': np.float64(0.007742636826811269), 'kernel': 'poly'}",0.7,0.78125,0.575,0.761904761904762,0.5571428571428572,0.6750595238095238,0.09312012515965908,280
0.0026062965393066407,0.0003727339897901359,0.0022059917449951173,0.0003978304906638419,0.1,2000,balanced,0.0027825594022071257,poly,"{'C': np.float64(0.1), 'cache_size': 2000, 'class_weight': 'balanced', 'gamma': np.float64(0.0027825594022071257), 'kernel': 'poly'}",0.7,0.78125,0.575,0.761904761904762,0.5571428571428572,0.6750595238095238,0.09312012515965908,280
0.0021047592163085938,0.00019968201498728912,0.0019018173217773438,0.0001989419484685002,2.1544346900318834,2000,balanced,0.1668100537200059,poly,"{'C': np.float64(2.1544346900318834), 'cache_size': 2000, 'class_weight': 'balanced', 'gamma': np.float64(0.1668100537200059), 'kernel': 'poly'}",0.7,0.78125,0.575,0.761904761904762,0.5571428571428572,0.6750595238095238,0.09312012515965908,280
0.0022019863128662108,0.0005093545285090819,0.00240478515625,0.0004938295972175855,2.1544346900318834,2000,balanced,0.46415888336127775,poly,"{'C': np.float64(2.1544346900318834), 'cache_size': 2000, 'class_weight': 'balanced', 'gamma': np.float64(0.46415888336127775), 'kernel': 'poly'}",0.7,0.78125,0.575,0.761904761904762,0.5571428571428572,0.6750595238095238,0.09312012515965908,280
0.002105379104614258,0.00020045326713255646,0.0026024818420410157,0.0005842723389440707,2.1544346900318834,2000,balanced,0.001,poly,"{'C': np.float64(2.1544346900318834), 'cache_size': 2000, 'class_weight': 'balanced', 'gamma': np.float64(0.001), 'kernel': 'poly'}",0.7,0.78125,0.575,0.761904761904762,0.5571428571428572,0.6750595238095238,0.09312012515965908,280
0.002805662155151367,0.0008098825465337926,0.003105831146240234,0.0009132322511959381,2.1544346900318834,2000,balanced,0.05994842503189409,poly,"{'C': np.float64(2.1544346900318834), 'cache_size': 2000, 'class_weight': 'balanced', 'gamma': np.float64(0.05994842503189409), 'kernel': 'poly'}",0.7,0.78125,0.575,0.761904761904762,0.5571428571428572,0.6750595238095238,0.09312012515965908,280
0.002506446838378906,0.0007070651843317187,0.0032054424285888673,0.0014682418492476537,16.68100537200059,2000,balanced,0.021544346900318832,poly,"{'C': np.float64(16.68100537200059), 'cache_size': 2000, 'class_weight': 'balanced', 'gamma': np.float64(0.021544346900318832), 'kernel': 'poly'}",0.7,0.78125,0.575,0.761904761904762,0.5571428571428572,0.6750595238095238,0.09312012515965908,280
0.0014509201049804688,0.0004711107831053338,0.002230072021484375,0.0008231111120149405,0.774263682681127,2000,balanced,0.1668100537200059,poly,"{'C': np.float64(0.774263682681127), 'cache_size': 2000, 'class_weight': 'balanced', 'gamma': np.float64(0.1668100537200059), 'kernel': 'poly'}",0.7,0.78125,0.575,0.761904761904762,0.5571428571428572,0.6750595238095238,0.09312012515965908,280
0.002504777908325195,0.0004474704883018919,0.00240325927734375,0.0003756356859074238,0.774263682681127,2000,balanced,0.46415888336127775,poly,"{'C': np.float64(0.774263682681127), 'cache_size': 2000, 'class_weight': 'balanced', 'gamma': np.float64(0.46415888336127775), 'kernel': 'poly'}",0.7,0.78125,0.575,0.761904761904762,0.5571428571428572,0.6750595238095238,0.09312012515965908,280
0.001701688766479492,0.00039900656967340777,0.002305269241333008,0.0006041953561789275,0.774263682681127,2000,balanced,0.05994842503189409,poly,"{'C': np.float64(0.774263682681127), 'cache_size': 2000, 'class_weight': 'balanced', 'gamma': np.float64(0.05994842503189409), 'kernel': 'poly'}",0.7,0.78125,0.575,0.761904761904762,0.5571428571428572,0.6750595238095238,0.09312012515965908,280
0.002104949951171875,0.00020017902186959642,0.0019018173217773438,0.00019882299263059003,359.38136638046257,2000,balanced,0.0027825594022071257,poly,"{'C': np.float64(359.38136638046257), 'cache_size': 2000, 'class_weight': 'balanced', 'gamma': np.float64(0.0027825594022071257), 'kernel': 'poly'}",0.7,0.78125,0.575,0.761904761904762,0.5571428571428572,0.6750595238095238,0.09312012515965908,280
0.0019019126892089843,0.00019791358177343547,0.0021048545837402343,0.0006658273890153217,5.994842503189409,2000,balanced,0.021544346900318832,poly,"{'C': np.float64(5.994842503189409), 'cache_size': 2000, 'class_weight': 'balanced', 'gamma': np.float64(0.021544346900318832), 'kernel': 'poly'}",0.7,0.78125,0.575,0.761904761904762,0.5571428571428572,0.6750595238095238,0.09312012515965908,280
0.002905130386352539,0.0013224743709378548,0.002000713348388672,6.503191803448608e-07,16.68100537200059,2000,balanced,0.1668100537200059,poly,"{'C': np.float64(16.68100537200059), 'cache_size': 2000, 'class_weight': 'balanced', 'gamma': np.float64(0.1668100537200059), 'kernel': 'poly'}",0.7,0.78125,0.575,0.761904761904762,0.5571428571428572,0.6750595238095238,0.09312012515965908,280
0.0020017623901367188,1.2615925364802316e-06,0.0033095359802246095,0.0006862944692434845,16.68100537200059,2000,balanced,0.05994842503189409,poly,"{'C': np.float64(16.68100537200059), 'cache_size': 2000, 'class_weight': 'balanced', 'gamma': np.float64(0.05994842503189409), 'kernel': 'poly'}",0.7,0.78125,0.575,0.761904761904762,0.5571428571428572,0.6750595238095238,0.09312012515965908,280
0.002101421356201172,0.0004890073047823705,0.00300750732421875,0.0005501325202311436,0.2782559402207124,2000,balanced,0.0027825594022071257,poly,"{'C': np.float64(0.2782559402207124), 'cache_size': 2000, 'class_weight': 'balanced', 'gamma': np.float64(0.0027825594022071257), 'kernel': 'poly'}",0.7,0.78125,0.575,0.761904761904762,0.5571428571428572,0.6750595238095238,0.09312012515965908,280
0.0032070159912109377,0.0017527152039159791,0.003903102874755859,0.0028388423960423056,46.41588833612777,2000,balanced,0.007742636826811269,poly,"{'C': np.float64(46.41588833612777), 'cache_size': 2000, 'class_weight': 'balanced', 'gamma': np.float64(0.007742636826811269), 'kernel': 'poly'}",0.7,0.78125,0.575,0.761904761904762,0.5571428571428572,0.6750595238095238,0.09312012515965908,280
0.0019011974334716796,0.0009178432761243813,0.002305936813354492,0.0004019291888145499,0.2782559402207124,2000,balanced,0.021544346900318832,poly,"{'C': np.float64(0.2782559402207124), 'cache_size': 2000, 'class_weight': 'balanced', 'gamma': np.float64(0.021544346900318832), 'kernel': 'poly'}",0.7,0.78125,0.575,0.761904761904762,0.5571428571428572,0.6750595238095238,0.09312012515965908,280
0.0017087936401367187,0.0006061445360369294,0.002239894866943359,0.00017744727164867142,0.2782559402207124,2000,balanced,0.007742636826811269,poly,"{'C': np.float64(0.2782559402207124), 'cache_size': 2000, 'class_weight': 'balanced', 'gamma': np.float64(0.007742636826811269), 'kernel': 'poly'}",0.7,0.78125,0.575,0.761904761904762,0.5571428571428572,0.6750595238095238,0.09312012515965908,280
0.0017026424407958984,0.00040091677684230323,0.002104949951171875,0.00019948905233894618,0.774263682681127,2000,balanced,1.2915496650148828,poly,"{'C': np.float64(0.774263682681127), 'cache_size': 2000, 'class_weight': 'balanced', 'gamma': np.float64(1.2915496650148828), 'kernel': 'poly'}",0.7,0.78125,0.575,0.761904761904762,0.5571428571428572,0.6750595238095238,0.09312012515965908,280
0.0021013736724853514,0.0011136994865736892,0.0027022361755371094,0.0010757733740246439,359.38136638046257,2000,balanced,0.001,poly,"{'C': np.float64(359.38136638046257), 'cache_size': 2000, 'class_weight': 'balanced', 'gamma': np.float64(0.001), 'kernel': 'poly'}",0.7,0.78125,0.575,0.761904761904762,0.5571428571428572,0.6750595238095238,0.09312012515965908,280
0.0021056652069091795,0.0002079314791360987,0.0021013259887695313,0.00020151155230780884,5.994842503189409,2000,balanced,0.0027825594022071257,poly,"{'C': np.float64(5.994842503189409), 'cache_size': 2000, 'class_weight': 'balanced', 'gamma': np.float64(0.0027825594022071257), 'kernel': 'poly'}",0.7,0.78125,0.575,0.761904761904762,0.5571428571428572,0.6750595238095238,0.09312012515965908,280
0.0021018028259277345,0.00020127389645987673,0.002407550811767578,0.0005860941469202907,16.68100537200059,2000,balanced,0.46415888336127775,poly,"{'C': np.float64(16.68100537200059), 'cache_size': 2000, 'class_weight': 'balanced', 'gamma': np.float64(0.46415888336127775), 'kernel': 'poly'}",0.7,0.78125,0.575,0.761904761904762,0.5571428571428572,0.6750595238095238,0.09312012515965908,280
0.002108907699584961,0.0004948426539097152,0.002001333236694336,0.0006327888415900588,5.994842503189409,2000,balanced,0.001,poly,"{'C': np.float64(5.994842503189409), 'cache_size': 2000, 'class_weight': 'balanced', 'gamma': np.float64(0.001), 'kernel': 'poly'}",0.7,0.78125,0.575,0.761904761904762,0.5571428571428572,0.6750595238095238,0.09312012515965908,280
0.0023049831390380858,0.0004016682005622219,0.0020119190216064454,0.0003301726537331112,0.2782559402207124,2000,balanced,0.1668100537200059,poly,"{'C': np.float64(0.2782559402207124), 'cache_size': 2000, 'class_weight': 'balanced', 'gamma': np.float64(0.1668100537200059), 'kernel': 'poly'}",0.7,0.78125,0.575,0.761904761904762,0.5571428571428572,0.6750595238095238,0.09312012515965908,280
0.0016004562377929688,0.0004900377176796412,0.002712583541870117,0.0006849682143856289,129.15496650148827,2000,balanced,0.1668100537200059,poly,"{'C': np.float64(129.15496650148827), 'cache_size': 2000, 'class_weight': 'balanced', 'gamma': np.float64(0.1668100537200059), 'kernel': 'poly'}",0.7,0.78125,0.575,0.761904761904762,0.5571428571428572,0.6750595238095238,0.09312012515965908,280
0.0029059410095214843,0.0011125311377750769,0.0027019500732421873,0.0006013881770751137,0.2782559402207124,2000,balanced,0.46415888336127775,poly,"{'C': np.float64(0.2782559402207124), 'cache_size': 2000, 'class_weight': 'balanced', 'gamma': np.float64(0.46415888336127775), 'kernel': 'poly'}",0.7,0.78125,0.575,0.761904761904762,0.5571428571428572,0.6750595238095238,0.09312012515965908,280
0.0018043994903564453,0.0003925811472644911,0.0021028995513916017,0.0006649400632439045,0.2782559402207124,2000,balanced,0.05994842503189409,poly,"{'C': np.float64(0.2782559402207124), 'cache_size': 2000, 'class_weight': 'balanced', 'gamma': np.float64(0.05994842503189409), 'kernel': 'poly'}",0.7,0.78125,0.575,0.761904761904762,0.5571428571428572,0.6750595238095238,0.09312012515965908,280
0.002903175354003906,0.0007358720505801062,0.0024049758911132814,0.0007990585984025466,129.15496650148827,2000,balanced,0.0027825594022071257,poly,"{'C': np.float64(129.15496650148827), 'cache_size': 2000, 'class_weight': 'balanced', 'gamma': np.float64(0.0027825594022071257), 'kernel': 'poly'}",0.7,0.78125,0.575,0.761904761904762,0.5571428571428572,0.6750595238095238,0.09312012515965908,280
0.00300750732421875,0.0011463347626345024,0.0027017116546630858,0.0007491067653115819,129.15496650148827,2000,balanced,0.007742636826811269,poly,"{'C': np.float64(129.15496650148827), 'cache_size': 2000, 'class_weight': 'balanced', 'gamma': np.float64(0.007742636826811269), 'kernel': 'poly'}",0.7,0.78125,0.575,0.761904761904762,0.5571428571428572,0.6750595238095238,0.09312012515965908,280
0.002016496658325195,2.408919782902059e-05,0.0028033733367919924,0.0008130503164893332,129.15496650148827,2000,balanced,0.021544346900318832,poly,"{'C': np.float64(129.15496650148827), 'cache_size': 2000, 'class_weight': 'balanced', 'gamma': np.float64(0.021544346900318832), 'kernel': 'poly'}",0.7,0.78125,0.575,0.761904761904762,0.5571428571428572,0.6750595238095238,0.09312012515965908,280
0.0022064685821533204,0.0006790689283093659,0.0031022548675537108,0.0007995137803172599,46.41588833612777,2000,balanced,0.1668100537200059,poly,"{'C': np.float64(46.41588833612777), 'cache_size': 2000, 'class_weight': 'balanced', 'gamma': np.float64(0.1668100537200059), 'kernel': 'poly'}",0.7,0.78125,0.575,0.761904761904762,0.5571428571428572,0.6750595238095238,0.09312012515965908,280
0.0018012046813964844,0.00040087817582018585,0.0024054527282714845,0.0005909299479350668,46.41588833612777,2000,balanced,0.001,poly,"{'C': np.float64(46.41588833612777), 'cache_size': 2000, 'class_weight': 'balanced', 'gamma': np.float64(0.001), 'kernel': 'poly'}",0.7,0.78125,0.575,0.761904761904762,0.5571428571428572,0.6750595238095238,0.09312012515965908,280
0.003603553771972656,0.001396282474288815,0.0036098480224609373,0.0024854867412286595,46.41588833612777,2000,balanced,0.0027825594022071257,poly,"{'C': np.float64(46.41588833612777), 'cache_size': 2000, 'class_weight': 'balanced', 'gamma': np.float64(0.0027825594022071257), 'kernel': 'poly'}",0.7,0.78125,0.575,0.761904761904762,0.5571428571428572,0.6750595238095238,0.09312012515965908,280
0.0017025470733642578,0.0003996523532340263,0.003302192687988281,0.0009806850938787446,46.41588833612777,2000,balanced,0.05994842503189409,poly,"{'C': np.float64(46.41588833612777), 'cache_size': 2000, 'class_weight': 'balanced', 'gamma': np.float64(0.05994842503189409), 'kernel': 'poly'}",0.7,0.78125,0.575,0.761904761904762,0.5571428571428572,0.6750595238095238,0.09312012515965908,280
0.002202558517456055,0.0007497187887413452,0.002805280685424805,0.00023943652281895245,129.15496650148827,2000,balanced,0.001,poly,"{'C': np.float64(129.15496650148827), 'cache_size': 2000, 'class_weight': 'balanced', 'gamma': np.float64(0.001), 'kernel': 'poly'}",0.7,0.78125,0.575,0.761904761904762,0.5571428571428572,0.6750595238095238,0.09312012515965908,280
0.0018945693969726562,0.00034226235902057626,0.002755546569824219,0.001495949812757589,0.1,2000,balanced,0.021544346900318832,poly,"{'C': np.float64(0.1), 'cache_size': 2000, 'class_weight': 'balanced', 'gamma': np.float64(0.021544346900318832), 'kernel': 'poly'}",0.7,0.78125,0.575,0.761904761904762,0.5571428571428572,0.6750595238095238,0.09312012515965908,280
0.0028030872344970703,0.0010317046267071099,0.0023111343383789063,0.00039395016848552567,129.15496650148827,2000,balanced,0.05994842503189409,poly,"{'C': np.float64(129.15496650148827), 'cache_size': 2000, 'class_weight': 'balanced', 'gamma': np.float64(0.05994842503189409), 'kernel': 'poly'}",0.7,0.78125,0.575,0.761904761904762,0.5571428571428572,0.6750595238095238,0.09312012515965908,280
0.0017020702362060547,0.00040013263867471336,0.0021052837371826174,0.00020883216039804567,0.2782559402207124,2000,balanced,1.2915496650148828,poly,"{'C': np.float64(0.2782559402207124), 'cache_size': 2000, 'class_weight': 'balanced', 'gamma': np.float64(1.2915496650148828), 'kernel': 'poly'}",0.7,0.78125,0.575,0.761904761904762,0.5571428571428572,0.6750595238095238,0.09312012515965908,280
0.0018036842346191406,0.0004018087037045749,0.002405548095703125,0.0007391965646007601,2.1544346900318834,2000,balanced,0.0027825594022071257,poly,"{'C': np.float64(2.1544346900318834), 'cache_size': 2000, 'class_weight': 'balanced', 'gamma': np.float64(0.0027825594022071257), 'kernel': 'poly'}",0.7,0.78125,0.575,0.761904761904762,0.5571428571428572,0.6750595238095238,0.09312012515965908,280
0.0016048908233642577,0.0004938257986602542,0.0027055740356445312,0.0011657735771670955,0.1,2000,balanced,1.2915496650148828,poly,"{'C': np.float64(0.1), 'cache_size': 2000, 'class_weight': 'balanced', 'gamma': np.float64(1.2915496650148828), 'kernel': 'poly'}",0.7,0.78125,0.575,0.761904761904762,0.5571428571428572,0.6750595238095238,0.09312012515965908,280
0.0019734382629394533,0.0003652149118616165,0.0023025035858154296,0.000400235438174813,0.1,2000,balanced,0.05994842503189409,poly,"{'C': np.float64(0.1), 'cache_size': 2000, 'class_weight': 'balanced', 'gamma': np.float64(0.05994842503189409), 'kernel': 'poly'}",0.7,0.78125,0.575,0.761904761904762,0.5571428571428572,0.6750595238095238,0.09312012515965908,280
0.002126264572143555,0.0004017631198525282,0.002103233337402344,0.0002018707215509352,0.1,2000,balanced,0.1668100537200059,poly,"{'C': np.float64(0.1), 'cache_size': 2000, 'class_weight': 'balanced', 'gamma': np.float64(0.1668100537200059), 'kernel': 'poly'}",0.7,0.78125,0.575,0.761904761904762,0.5571428571428572,0.6750595238095238,0.09312012515965908,280
0.0026135921478271486,0.0007394159062264921,0.0022025108337402344,0.0005095238093435413,0.1,2000,balanced,0.46415888336127775,poly,"{'C': np.float64(0.1), 'cache_size': 2000, 'class_weight': 'balanced', 'gamma': np.float64(0.46415888336127775), 'kernel': 'poly'}",0.7,0.78125,0.575,0.761904761904762,0.5571428571428572,0.6750595238095238,0.09312012515965908,280
0.0015018939971923827,0.0004473443574653838,0.00240473747253418,0.0004943567791643852,1000.0,2000,balanced,0.021544346900318832,poly,"{'C': np.float64(1000.0), 'cache_size': 2000, 'class_weight': 'balanced', 'gamma': np.float64(0.021544346900318832), 'kernel': 'poly'}",0.7,0.78125,0.575,0.761904761904762,0.5571428571428572,0.6750595238095238,0.09312012515965908,280
0.002101898193359375,0.00020134609220645393,0.0024065017700195313,0.0003748650277286063,16.68100537200059,2000,balanced,0.007742636826811269,poly,"{'C': np.float64(16.68100537200059), 'cache_size': 2000, 'class_weight': 'balanced', 'gamma': np.float64(0.007742636826811269), 'kernel': 'poly'}",0.7,0.78125,0.575,0.761904761904762,0.5571428571428572,0.6750595238095238,0.09312012515965908,280
0.001702260971069336,0.00040039194179709446,0.002704811096191406,0.0008701240712866139,1000.0,2000,balanced,0.001,poly,"{'C': np.float64(1000.0), 'cache_size': 2000, 'class_weight': 'balanced', 'gamma': np.float64(0.001), 'kernel': 'poly'}",0.7,0.78125,0.575,0.761904761904762,0.5571428571428572,0.6750595238095238,0.09312012515965908,280
0.0021082401275634766,0.00020663954881223798,0.002101898193359375,0.00020098971866012286,2.1544346900318834,2000,balanced,0.021544346900318832,poly,"{'C': np.float64(2.1544346900318834), 'cache_size': 2000, 'class_weight': 'balanced', 'gamma': np.float64(0.021544346900318832), 'kernel': 'poly'}",0.7,0.78125,0.575,0.761904761904762,0.5571428571428572,0.6750595238095238,0.09312012515965908,280
0.0022018909454345702,0.0004016881315113978,0.0033104419708251953,0.0010397208715860911,359.38136638046257,2000,balanced,0.1668100537200059,poly,"{'C': np.float64(359.38136638046257), 'cache_size': 2000, 'class_weight': 'balanced', 'gamma': np.float64(0.1668100537200059), 'kernel': 'poly'}",0.7,0.78125,0.575,0.761904761904762,0.5571428571428572,0.6750595238095238,0.09312012515965908,280
0.0022113800048828127,0.0002464893175321883,0.004204082489013672,0.0012886017702084334,16.68100537200059,2000,balanced,0.001,poly,"{'C': np.float64(16.68100537200059), 'cache_size': 2000, 'class_weight': 'balanced', 'gamma': np.float64(0.001), 'kernel': 'poly'}",0.7,0.78125,0.575,0.761904761904762,0.5571428571428572,0.6750595238095238,0.09312012515965908,280
0.0026010513305664063,0.0007999667306874293,0.0025104999542236326,0.0005498609683101414,16.68100537200059,2000,balanced,0.0027825594022071257,poly,"{'C': np.float64(16.68100537200059), 'cache_size': 2000, 'class_weight': 'balanced', 'gamma': np.float64(0.0027825594022071257), 'kernel': 'poly'}",0.7,0.78125,0.575,0.761904761904762,0.5571428571428572,0.6750595238095238,0.09312012515965908,280
0.0022063255310058594,0.0005111900946370184,0.0023019790649414064,0.0006013874965282341,1000.0,2000,balanced,0.05994842503189409,poly,"{'C': np.float64(1000.0), 'cache_size': 2000, 'class_weight': 'balanced', 'gamma': np.float64(0.05994842503189409), 'kernel': 'poly'}",0.7,0.78125,0.575,0.761904761904762,0.5571428571428572,0.6750595238095238,0.09312012515965908,280
0.002002096176147461,0.00031673872250991274,0.002336406707763672,0.00041835045497103085,0.1,2000,balanced,0.007742636826811269,poly,"{'C': np.float64(0.1), 'cache_size': 2000, 'class_weight': 'balanced', 'gamma': np.float64(0.007742636826811269), 'kernel': 'poly'}",0.7,0.78125,0.575,0.761904761904762,0.5571428571428572,0.6750595238095238,0.09312012515965908,280
0.001501607894897461,0.0004475594532151832,0.001702117919921875,0.00040022441120564334,0.2782559402207124,2000,"{1: 2, 0: 1}",0.1668100537200059,linear,"{'C': np.float64(0.2782559402207124), 'cache_size': 2000, 'class_weight': {1: 2, 0: 1}, 'gamma': np.float64(0.1668100537200059), 'kernel': 'linear'}",0.73125,0.76875,0.6312500000000001,0.7619047619047619,0.47857142857142854,0.6743452380952382,0.109546031648283,345
0.0013010501861572266,0.0009805917389158827,0.002387809753417969,0.0012573193360784778,0.2782559402207124,2000,"{1: 2, 0: 1}",0.021544346900318832,linear,"{'C': np.float64(0.2782559402207124), 'cache_size': 2000, 'class_weight': {1: 2, 0: 1}, 'gamma': np.float64(0.021544346900318832), 'kernel': 'linear'}",0.73125,0.76875,0.6312500000000001,0.7619047619047619,0.47857142857142854,0.6743452380952382,0.109546031648283,345
0.004609251022338867,0.006237806426437813,0.0026081085205078127,0.001205088649330836,0.2782559402207124,2000,"{1: 2, 0: 1}",0.05994842503189409,linear,"{'C': np.float64(0.2782559402207124), 'cache_size': 2000, 'class_weight': {1: 2, 0: 1}, 'gamma': np.float64(0.05994842503189409), 'kernel': 'linear'}",0.73125,0.76875,0.6312500000000001,0.7619047619047619,0.47857142857142854,0.6743452380952382,0.109546031648283,345
0.001006317138671875,0.000632758334588173,0.0018494129180908203,0.0005303757916150733,0.2782559402207124,2000,"{1: 2, 0: 1}",3.593813663804626,linear,"{'C': np.float64(0.2782559402207124), 'cache_size': 2000, 'class_weight': {1: 2, 0: 1}, 'gamma': np.float64(3.593813663804626), 'kernel': 'linear'}",0.73125,0.76875,0.6312500000000001,0.7619047619047619,0.47857142857142854,0.6743452380952382,0.109546031648283,345
0.0017179012298583984,0.0008684805560651333,0.002304840087890625,0.0004014677039388653,0.2782559402207124,2000,"{1: 2, 0: 1}",10.0,linear,"{'C': np.float64(0.2782559402207124), 'cache_size': 2000, 'class_weight': {1: 2, 0: 1}, 'gamma': np.float64(10.0), 'kernel': 'linear'}",0.73125,0.76875,0.6312500000000001,0.7619047619047619,0.47857142857142854,0.6743452380952382,0.109546031648283,345
0.008022356033325195,0.013304346317126316,0.0024018287658691406,0.0004912451062369216,0.2782559402207124,2000,"{1: 2, 0: 1}",0.007742636826811269,linear,"{'C': np.float64(0.2782559402207124), 'cache_size': 2000, 'class_weight': {1: 2, 0: 1}, 'gamma': np.float64(0.007742636826811269), 'kernel': 'linear'}",0.73125,0.76875,0.6312500000000001,0.7619047619047619,0.47857142857142854,0.6743452380952382,0.109546031648283,345
0.002701997756958008,0.001887312454647363,0.0034076690673828123,0.0015920166449858025,0.2782559402207124,2000,"{1: 2, 0: 1}",1.2915496650148828,linear,"{'C': np.float64(0.2782559402207124), 'cache_size': 2000, 'class_weight': {1: 2, 0: 1}, 'gamma': np.float64(1.2915496650148828), 'kernel': 'linear'}",0.73125,0.76875,0.6312500000000001,0.7619047619047619,0.47857142857142854,0.6743452380952382,0.109546031648283,345
0.0017060279846191407,0.000401672480054168,0.0035021305084228516,0.001096085869835234,0.2782559402207124,2000,"{1: 2, 0: 1}",0.46415888336127775,linear,"{'C': np.float64(0.2782559402207124), 'cache_size': 2000, 'class_weight': {1: 2, 0: 1}, 'gamma': np.float64(0.46415888336127775), 'kernel': 'linear'}",0.73125,0.76875,0.6312500000000001,0.7619047619047619,0.47857142857142854,0.6743452380952382,0.109546031648283,345
0.001905536651611328,0.0011150734796763742,0.002206087112426758,0.0005077932459735596,0.2782559402207124,2000,"{1: 2, 0: 1}",0.46415888336127775,sigmoid,"{'C': np.float64(0.2782559402207124), 'cache_size': 2000, 'class_weight': {1: 2, 0: 1}, 'gamma': np.float64(0.46415888336127775), 'kernel': 'sigmoid'}",0.73125,0.76875,0.6312500000000001,0.7619047619047619,0.47857142857142854,0.6743452380952382,0.109546031648283,345
0.002001237869262695,0.0006334658156007135,0.00420846939086914,0.003968573589708241,129.15496650148827,2000,"{1: 2, 0: 1}",0.001,rbf,"{'C': np.float64(129.15496650148827), 'cache_size': 2000, 'class_weight': {1: 2, 0: 1}, 'gamma': np.float64(0.001), 'kernel': 'rbf'}",0.73125,0.76875,0.6312500000000001,0.7619047619047619,0.47857142857142854,0.6743452380952382,0.109546031648283,345
0.0019047260284423828,0.000668370875853491,0.0021018505096435545,0.00020090057742767317,46.41588833612777,2000,"{1: 2, 0: 1}",0.0027825594022071257,rbf,"{'C': np.float64(46.41588833612777), 'cache_size': 2000, 'class_weight': {1: 2, 0: 1}, 'gamma': np.float64(0.0027825594022071257), 'kernel': 'rbf'}",0.73125,0.76875,0.6312500000000001,0.7619047619047619,0.47857142857142854,0.6743452380952382,0.109546031648283,345
0.001909351348876953,0.0004957169970815415,0.0020850658416748046,0.0006045206502925918,0.2782559402207124,2000,"{1: 2, 0: 1}",0.001,linear,"{'C': np.float64(0.2782559402207124), 'cache_size': 2000, 'class_weight': {1: 2, 0: 1}, 'gamma': np.float64(0.001), 'kernel': 'linear'}",0.73125,0.76875,0.6312500000000001,0.7619047619047619,0.47857142857142854,0.6743452380952382,0.109546031648283,345
0.0017019748687744141,0.0007486098977977093,0.0023086071014404297,0.00040791107092163305,0.2782559402207124,2000,"{1: 2, 0: 1}",0.0027825594022071257,linear,"{'C': np.float64(0.2782559402207124), 'cache_size': 2000, 'class_weight': {1: 2, 0: 1}, 'gamma': np.float64(0.0027825594022071257), 'kernel': 'linear'}",0.73125,0.76875,0.6312500000000001,0.7619047619047619,0.47857142857142854,0.6743452380952382,0.109546031648283,345
0.001901721954345703,0.0006634897447703415,0.002302217483520508,0.00040146478719445283,5.994842503189409,2000,"{1: 2, 0: 1}",0.021544346900318832,rbf,"{'C': np.float64(5.994842503189409), 'cache_size': 2000, 'class_weight': {1: 2, 0: 1}, 'gamma': np.float64(0.021544346900318832), 'kernel': 'rbf'}",0.73125,0.76875,0.6375,0.7551020408163265,0.47857142857142854,0.674234693877551,0.10803422341934481,358
0.0015017986297607422,0.0007754670775735684,0.0025053501129150392,0.00044726205518972326,0.1,2000,"{1: 2, 0: 1}",0.46415888336127775,sigmoid,"{'C': np.float64(0.1), 'cache_size': 2000, 'class_weight': {1: 2, 0: 1}, 'gamma': np.float64(0.46415888336127775), 'kernel': 'sigmoid'}",0.73125,0.775,0.6312500000000001,0.7619047619047619,0.4714285714285714,0.6741666666666667,0.11319754144866695,359
0.002105426788330078,0.0008070658071602694,0.0022027015686035155,0.00024707460798741455,16.68100537200059,2000,"{1: 2, 0: 1}",0.0027825594022071257,sigmoid,"{'C': np.float64(16.68100537200059), 'cache_size': 2000, 'class_weight': {1: 2, 0: 1}, 'gamma': np.float64(0.0027825594022071257), 'kernel': 'sigmoid'}",0.73125,0.775,0.6312500000000001,0.7619047619047619,0.4714285714285714,0.6741666666666667,0.11319754144866695,359
0.0015047073364257812,0.00044274722751320766,0.0017119407653808593,0.00040766519576867626,2.1544346900318834,2000,"{1: 2, 0: 1}",0.021544346900318832,sigmoid,"{'C': np.float64(2.1544346900318834), 'cache_size': 2000, 'class_weight': {1: 2, 0: 1}, 'gamma': np.float64(0.021544346900318832), 'kernel': 'sigmoid'}",0.73125,0.775,0.6312500000000001,0.7619047619047619,0.4714285714285714,0.6741666666666667,0.11319754144866695,359
0.002702760696411133,0.001401504452338164,0.004908275604248047,0.002482056689991809,0.2782559402207124,2000,"{1: 2, 0: 1}",0.1668100537200059,sigmoid,"{'C': np.float64(0.2782559402207124), 'cache_size': 2000, 'class_weight': {1: 2, 0: 1}, 'gamma': np.float64(0.1668100537200059), 'kernel': 'sigmoid'}",0.73125,0.775,0.6312500000000001,0.7619047619047619,0.4714285714285714,0.6741666666666667,0.11319754144866695,359
0.001403951644897461,0.0004878512226738596,0.0021019458770751955,0.00020227589622363786,5.994842503189409,2000,"{1: 2, 0: 1}",0.007742636826811269,sigmoid,"{'C': np.float64(5.994842503189409), 'cache_size': 2000, 'class_weight': {1: 2, 0: 1}, 'gamma': np.float64(0.007742636826811269), 'kernel': 'sigmoid'}",0.73125,0.775,0.6312500000000001,0.7619047619047619,0.4714285714285714,0.6741666666666667,0.11319754144866695,359
0.001302194595336914,0.00040165339747058983,0.0020041465759277344,6.441715281537197e-06,0.774263682681127,2000,"{1: 2, 0: 1}",0.05994842503189409,sigmoid,"{'C': np.float64(0.774263682681127), 'cache_size': 2000, 'class_weight': {1: 2, 0: 1}, 'gamma': np.float64(0.05994842503189409), 'kernel': 'sigmoid'}",0.73125,0.775,0.6312500000000001,0.7619047619047619,0.4714285714285714,0.6741666666666667,0.11319754144866695,359
0.0018027782440185546,0.00024283222431777164,0.002101898193359375,0.00020110908878009817,46.41588833612777,2000,"{1: 2, 0: 1}",0.001,sigmoid,"{'C': np.float64(46.41588833612777), 'cache_size': 2000, 'class_weight': {1: 2, 0: 1}, 'gamma': np.float64(0.001), 'kernel': 'sigmoid'}",0.73125,0.775,0.6312500000000001,0.7619047619047619,0.4714285714285714,0.6741666666666667,0.11319754144866695,359
0.0016055583953857421,0.0004943458785036735,0.002402496337890625,0.0005816312670160055,0.774263682681127,2000,"{1: 2, 0: 1}",0.46415888336127775,rbf,"{'C': np.float64(0.774263682681127), 'cache_size': 2000, 'class_weight': {1: 2, 0: 1}, 'gamma': np.float64(0.46415888336127775), 'kernel': 'rbf'}",0.7,0.76875,0.675,0.7551020408163267,0.4714285714285714,0.6740561224489796,0.1070208124145917,366
0.0026070594787597655,0.0010770845543985107,0.00741419792175293,0.008072607876286308,5.994842503189409,2000,"{1: 2, 0: 1}",0.05994842503189409,rbf,"{'C': np.float64(5.994842503189409), 'cache_size': 2000, 'class_weight': {1: 2, 0: 1}, 'gamma': np.float64(0.05994842503189409), 'kernel': 'rbf'}",0.73125,0.76875,0.64375,0.7551020408163265,0.4714285714285714,0.6740561224489795,0.11025687865108107,367
0.001901721954345703,0.0011136188626334898,0.0021072864532470704,0.0006669167742905676,0.774263682681127,2000,"{1: 2, 0: 1}",1.2915496650148828,sigmoid,"{'C': np.float64(0.774263682681127), 'cache_size': 2000, 'class_weight': {1: 2, 0: 1}, 'gamma': np.float64(1.2915496650148828), 'kernel': 'sigmoid'}",0.7375,0.76875,0.6375,0.7551020408163265,0.4714285714285714,0.6740561224489795,0.11131466340909098,367
0.0016939163208007813,0.0004825838322065549,0.0024016380310058595,0.001358610757279894,0.1,2000,"{1: 2, 0: 1}",10.0,sigmoid,"{'C': np.float64(0.1), 'cache_size': 2000, 'class_weight': {1: 2, 0: 1}, 'gamma': np.float64(10.0), 'kernel': 'sigmoid'}",0.7312500000000001,0.75625,0.6312500000000001,0.7619047619047619,0.4857142857142857,0.6732738095238096,0.10492502857428818,369
0.0022044658660888674,0.0003993939020954587,0.001802349090576172,0.00024296655204362758,46.41588833612777,2000,"{1: 3.5, 0: 1}",0.46415888336127775,poly,"{'C': np.float64(46.41588833612777), 'cache_size': 2000, 'class_weight': {1: 3.5, 0: 1}, 'gamma': np.float64(0.46415888336127775), 'kernel': 'poly'}",0.58125,0.7875000000000001,0.675,0.8503401360544217,0.47142857142857136,0.6731037414965987,0.136830423050312,370
0.002001523971557617,0.0008946312348762022,0.002205944061279297,0.0005116978314488974,0.1,2000,"{1: 3.5, 0: 1}",3.593813663804626,poly,"{'C': np.float64(0.1), 'cache_size': 2000, 'class_weight': {1: 3.5, 0: 1}, 'gamma': np.float64(3.593813663804626), 'kernel': 'poly'}",0.58125,0.7875000000000001,0.675,0.8503401360544217,0.47142857142857136,0.6731037414965987,0.136830423050312,370
0.002409839630126953,0.0010113024294516465,0.0023020267486572265,0.00040023657437281563,1000.0,2000,"{1: 3.5, 0: 1}",0.1668100537200059,poly,"{'C': np.float64(1000.0), 'cache_size': 2000, 'class_weight': {1: 3.5, 0: 1}, 'gamma': np.float64(0.1668100537200059), 'kernel': 'poly'}",0.58125,0.7875000000000001,0.675,0.8503401360544217,0.47142857142857136,0.6731037414965987,0.136830423050312,370
0.0019014835357666015,0.0004910221369577856,0.002506065368652344,0.00044238309787523675,2.1544346900318834,2000,"{1: 3.5, 0: 1}",1.2915496650148828,poly,"{'C': np.float64(2.1544346900318834), 'cache_size': 2000, 'class_weight': {1: 3.5, 0: 1}, 'gamma': np.float64(1.2915496650148828), 'kernel': 'poly'}",0.58125,0.7875000000000001,0.675,0.8503401360544217,0.47142857142857136,0.6731037414965987,0.136830423050312,370
0.0026055335998535155,0.0009672880122778594,0.002516508102416992,0.0012030256862141586,0.2782559402207124,2000,"{1: 2, 0: 1}",10.0,sigmoid,"{'C': np.float64(0.2782559402207124), 'cache_size': 2000, 'class_weight': {1: 2, 0: 1}, 'gamma': np.float64(10.0), 'kernel': 'sigmoid'}",0.7312500000000001,0.7625,0.6312500000000001,0.7619047619047619,0.47857142857142854,0.6730952380952381,0.10849226306573533,374
0.0014046669006347657,0.0004864115934165638,0.0020026206970214845,0.0003162092179864593,0.774263682681127,2000,"{1: 2, 0: 1}",0.46415888336127775,sigmoid,"{'C': np.float64(0.774263682681127), 'cache_size': 2000, 'class_weight': {1: 2, 0: 1}, 'gamma': np.float64(0.46415888336127775), 'kernel': 'sigmoid'}",0.73125,0.76875,0.6312500000000001,0.7551020408163265,0.47857142857142854,0.6729846938775511,0.10848723503027803,375
0.001901721954345703,0.00019865900159143953,0.0020057201385498048,0.00031572405495248617,2.1544346900318834,2000,"{1: 2, 0: 1}",0.1668100537200059,sigmoid,"{'C': np.float64(2.1544346900318834), 'cache_size': 2000, 'class_weight': {1: 2, 0: 1}, 'gamma': np.float64(0.1668100537200059), 'kernel': 'sigmoid'}",0.73125,0.76875,0.6312500000000001,0.7551020408163265,0.47857142857142854,0.6729846938775511,0.10848723503027803,375
0.0020076751708984373,0.0010926471990728877,0.002501821517944336,0.0006333149763311367,16.68100537200059,2000,"{1: 2, 0: 1}",0.021544346900318832,sigmoid,"{'C': np.float64(16.68100537200059), 'cache_size': 2000, 'class_weight': {1: 2, 0: 1}, 'gamma': np.float64(0.021544346900318832), 'kernel': 'sigmoid'}",0.73125,0.76875,0.6312500000000001,0.7551020408163265,0.47857142857142854,0.6729846938775511,0.10848723503027803,375
0.0023162364959716797,0.000892550092618458,0.002601909637451172,0.0004901176570143433,129.15496650148827,2000,"{1: 2, 0: 1}",0.0027825594022071257,sigmoid,"{'C': np.float64(129.15496650148827), 'cache_size': 2000, 'class_weight': {1: 2, 0: 1}, 'gamma': np.float64(0.0027825594022071257), 'kernel': 'sigmoid'}",0.73125,0.76875,0.6312500000000001,0.7551020408163265,0.47857142857142854,0.6729846938775511,0.10848723503027803,375
0.0019046783447265625,0.000494098709347945,0.001802539825439453,0.0006783066750999331,46.41588833612777,2000,"{1: 2, 0: 1}",0.007742636826811269,sigmoid,"{'C': np.float64(46.41588833612777), 'cache_size': 2000, 'class_weight': {1: 2, 0: 1}, 'gamma': np.float64(0.007742636826811269), 'kernel': 'sigmoid'}",0.73125,0.76875,0.6312500000000001,0.7551020408163265,0.47857142857142854,0.6729846938775511,0.10848723503027803,375
0.0027062416076660155,0.0009885186034079918,0.0059182167053222655,0.005855263725032929,5.994842503189409,2000,"{1: 2, 0: 1}",0.05994842503189409,sigmoid,"{'C': np.float64(5.994842503189409), 'cache_size': 2000, 'class_weight': {1: 2, 0: 1}, 'gamma': np.float64(0.05994842503189409), 'kernel': 'sigmoid'}",0.73125,0.76875,0.6312500000000001,0.7551020408163265,0.47857142857142854,0.6729846938775511,0.10848723503027803,375
0.001701498031616211,0.0006008884521050564,0.0023052215576171873,0.00039713967205010087,359.38136638046257,2000,"{1: 2, 0: 1}",0.001,sigmoid,"{'C': np.float64(359.38136638046257), 'cache_size': 2000, 'class_weight': {1: 2, 0: 1}, 'gamma': np.float64(0.001), 'kernel': 'sigmoid'}",0.73125,0.76875,0.6312500000000001,0.7551020408163265,0.47857142857142854,0.6729846938775511,0.10848723503027803,375
0.0014374732971191406,0.0004651985142884743,0.0023336887359619142,0.00019658021159216395,0.1,2000,"{1: 2, 0: 1}",10.0,linear,"{'C': np.float64(0.1), 'cache_size': 2000, 'class_weight': {1: 2, 0: 1}, 'gamma': np.float64(10.0), 'kernel': 'linear'}",0.73125,0.76875,0.6312500000000001,0.7619047619047619,0.4714285714285714,0.6729166666666667,0.11210642290560048,382
0.002000570297241211,0.0006331637635662904,0.002309846878051758,0.0006870294927776581,16.68100537200059,2000,"{1: 2, 0: 1}",0.0027825594022071257,rbf,"{'C': np.float64(16.68100537200059), 'cache_size': 2000, 'class_weight': {1: 2, 0: 1}, 'gamma': np.float64(0.0027825594022071257), 'kernel': 'rbf'}",0.73125,0.76875,0.6312500000000001,0.7619047619047619,0.4714285714285714,0.6729166666666667,0.11210642290560048,382
0.0018054962158203125,0.00040228811031659553,0.0021038055419921875,0.00037531803954011226,16.68100537200059,2000,"{1: 2, 0: 1}",0.007742636826811269,sigmoid,"{'C': np.float64(16.68100537200059), 'cache_size': 2000, 'class_weight': {1: 2, 0: 1}, 'gamma': np.float64(0.007742636826811269), 'kernel': 'sigmoid'}",0.73125,0.76875,0.6312500000000001,0.7619047619047619,0.4714285714285714,0.6729166666666667,0.11210642290560048,382
0.0013051033020019531,0.0006004958214185035,0.0019022464752197266,0.00019843792464450678,0.1,2000,"{1: 2, 0: 1}",3.593813663804626,linear,"{'C': np.float64(0.1), 'cache_size': 2000, 'class_weight': {1: 2, 0: 1}, 'gamma': np.float64(3.593813663804626), 'kernel': 'linear'}",0.73125,0.76875,0.6312500000000001,0.7619047619047619,0.4714285714285714,0.6729166666666667,0.11210642290560048,382
0.002204275131225586,0.0011722679037541367,0.002003049850463867,0.0007084123276971245,0.1,2000,"{1: 2, 0: 1}",1.2915496650148828,sigmoid,"{'C': np.float64(0.1), 'cache_size': 2000, 'class_weight': {1: 2, 0: 1}, 'gamma': np.float64(1.2915496650148828), 'kernel': 'sigmoid'}",0.73125,0.76875,0.6312500000000001,0.7619047619047619,0.4714285714285714,0.6729166666666667,0.11210642290560048,382
0.0012005329132080077,0.00040001873464717136,0.002102088928222656,0.0004889200779498004,0.1,2000,"{1: 2, 0: 1}",0.46415888336127775,linear,"{'C': np.float64(0.1), 'cache_size': 2000, 'class_weight': {1: 2, 0: 1}, 'gamma': np.float64(0.46415888336127775), 'kernel': 'linear'}",0.73125,0.76875,0.6312500000000001,0.7619047619047619,0.4714285714285714,0.6729166666666667,0.11210642290560048,382
0.0014053821563720704,0.00037042239513128373,0.002105522155761719,0.00019962515265906298,0.1,2000,"{1: 2, 0: 1}",0.021544346900318832,linear,"{'C': np.float64(0.1), 'cache_size': 2000, 'class_weight': {1: 2, 0: 1}, 'gamma': np.float64(0.021544346900318832), 'kernel': 'linear'}",0.73125,0.76875,0.6312500000000001,0.7619047619047619,0.4714285714285714,0.6729166666666667,0.11210642290560048,382
0.001509857177734375,0.0006380507643092938,0.002577543258666992,0.0005398723056066089,0.1,2000,"{1: 2, 0: 1}",0.1668100537200059,linear,"{'C': np.float64(0.1), 'cache_size': 2000, 'class_weight': {1: 2, 0: 1}, 'gamma': np.float64(0.1668100537200059), 'kernel': 'linear'}",0.73125,0.76875,0.6312500000000001,0.7619047619047619,0.4714285714285714,0.6729166666666667,0.11210642290560048,382
0.0019322872161865235,0.00048839172961157,0.002131080627441406,0.0007993243143536147,0.1,2000,"{1: 2, 0: 1}",0.05994842503189409,linear,"{'C': np.float64(0.1), 'cache_size': 2000, 'class_weight': {1: 2, 0: 1}, 'gamma': np.float64(0.05994842503189409), 'kernel': 'linear'}",0.73125,0.76875,0.6312500000000001,0.7619047619047619,0.4714285714285714,0.6729166666666667,0.11210642290560048,382
0.0015009403228759765,0.00044745037093907075,0.0023024559020996095,0.0005989656184755097,46.41588833612777,2000,"{1: 2, 0: 1}",0.001,rbf,"{'C': np.float64(46.41588833612777), 'cache_size': 2000, 'class_weight': {1: 2, 0: 1}, 'gamma': np.float64(0.001), 'kernel': 'rbf'}",0.73125,0.76875,0.6312500000000001,0.7619047619047619,0.4714285714285714,0.6729166666666667,0.11210642290560048,382
0.0016011714935302735,0.0008007068160354871,0.0022058010101318358,0.0002513151412577034,2.1544346900318834,2000,"{1: 2, 0: 1}",0.05994842503189409,sigmoid,"{'C': np.float64(2.1544346900318834), 'cache_size': 2000, 'class_weight': {1: 2, 0: 1}, 'gamma': np.float64(0.05994842503189409), 'kernel': 'sigmoid'}",0.73125,0.76875,0.6312500000000001,0.7619047619047619,0.4714285714285714,0.6729166666666667,0.11210642290560048,382
0.0017063140869140625,0.0005157340162010521,0.002101898193359375,0.0008004024259176101,129.15496650148827,2000,"{1: 2, 0: 1}",0.001,sigmoid,"{'C': np.float64(129.15496650148827), 'cache_size': 2000, 'class_weight': {1: 2, 0: 1}, 'gamma': np.float64(0.001), 'kernel': 'sigmoid'}",0.73125,0.76875,0.6312500000000001,0.7619047619047619,0.4714285714285714,0.6729166666666667,0.11210642290560048,382
0.0046112060546875,0.005219534359473487,0.0023160934448242187,0.0005994560301969687,46.41588833612777,2000,"{1: 2, 0: 1}",0.0027825594022071257,sigmoid,"{'C': np.float64(46.41588833612777), 'cache_size': 2000, 'class_weight': {1: 2, 0: 1}, 'gamma': np.float64(0.0027825594022071257), 'kernel': 'sigmoid'}",0.73125,0.76875,0.6312500000000001,0.7619047619047619,0.4714285714285714,0.6729166666666667,0.11210642290560048,382
0.001603412628173828,0.0004856711200166389,0.0028041839599609376,0.0006769523910159513,0.1,2000,"{1: 2, 0: 1}",1.2915496650148828,linear,"{'C': np.float64(0.1), 'cache_size': 2000, 'class_weight': {1: 2, 0: 1}, 'gamma': np.float64(1.2915496650148828), 'kernel': 'linear'}",0.73125,0.76875,0.6312500000000001,0.7619047619047619,0.4714285714285714,0.6729166666666667,0.11210642290560048,382
0.0026065349578857423,0.001537370271346365,0.002502298355102539,0.0007746065692422774,0.1,2000,"{1: 2, 0: 1}",0.001,linear,"{'C': np.float64(0.1), 'cache_size': 2000, 'class_weight': {1: 2, 0: 1}, 'gamma': np.float64(0.001), 'kernel': 'linear'}",0.73125,0.76875,0.6312500000000001,0.7619047619047619,0.4714285714285714,0.6729166666666667,0.11210642290560048,382
0.0020026683807373045,0.0005489919079859965,0.002604389190673828,0.0007973709198744027,0.1,2000,"{1: 2, 0: 1}",0.007742636826811269,linear,"{'C': np.float64(0.1), 'cache_size': 2000, 'class_weight': {1: 2, 0: 1}, 'gamma': np.float64(0.007742636826811269), 'kernel': 'linear'}",0.73125,0.76875,0.6312500000000001,0.7619047619047619,0.4714285714285714,0.6729166666666667,0.11210642290560048,382
0.0019019603729248046,0.0004916081626183783,0.002706480026245117,0.00098988213239955,0.774263682681127,2000,"{1: 2, 0: 1}",0.1668100537200059,sigmoid,"{'C': np.float64(0.774263682681127), 'cache_size': 2000, 'class_weight': {1: 2, 0: 1}, 'gamma': np.float64(0.1668100537200059), 'kernel': 'sigmoid'}",0.73125,0.76875,0.6312500000000001,0.7619047619047619,0.4714285714285714,0.6729166666666667,0.11210642290560048,382
0.0022053241729736326,0.0003976519262109896,0.002101755142211914,0.0008022969415258401,5.994842503189409,2000,"{1: 2, 0: 1}",0.021544346900318832,sigmoid,"{'C': np.float64(5.994842503189409), 'cache_size': 2000, 'class_weight': {1: 2, 0: 1}, 'gamma': np.float64(0.021544346900318832), 'kernel': 'sigmoid'}",0.73125,0.76875,0.6312500000000001,0.7619047619047619,0.4714285714285714,0.6729166666666667,0.11210642290560048,382
0.0015305519104003907,0.0006129108653698531,0.002601766586303711,0.0004895152205526633,0.1,2000,"{1: 2, 0: 1}",0.0027825594022071257,linear,"{'C': np.float64(0.1), 'cache_size': 2000, 'class_weight': {1: 2, 0: 1}, 'gamma': np.float64(0.0027825594022071257), 'kernel': 'linear'}",0.73125,0.76875,0.6312500000000001,0.7619047619047619,0.4714285714285714,0.6729166666666667,0.11210642290560048,382
0.0013013362884521484,0.0004001524245028969,0.0021058082580566405,0.0001993337081981019,0.774263682681127,2000,"{1: 2, 0: 1}",1.2915496650148828,linear,"{'C': np.float64(0.774263682681127), 'cache_size': 2000, 'class_weight': {1: 2, 0: 1}, 'gamma': np.float64(1.2915496650148828), 'kernel': 'linear'}",0.73125,0.76875,0.6375,0.7551020408163265,0.4714285714285714,0.6728061224489796,0.11062818174408214,401
0.002209329605102539,0.0012890937263032754,0.0027027130126953125,0.000747787655867861,0.774263682681127,2000,"{1: 2, 0: 1}",3.593813663804626,linear,"{'C': np.float64(0.774263682681127), 'cache_size': 2000, 'class_weight': {1: 2, 0: 1}, 'gamma': np.float64(3.593813663804626), 'kernel': 'linear'}",0.73125,0.76875,0.6375,0.7551020408163265,0.4714285714285714,0.6728061224489796,0.11062818174408214,401
0.0017009735107421874,0.00039966374871250603,0.001705312728881836,0.0007453519638211576,0.774263682681127,2000,"{1: 2, 0: 1}",10.0,linear,"{'C': np.float64(0.774263682681127), 'cache_size': 2000, 'class_weight': {1: 2, 0: 1}, 'gamma': np.float64(10.0), 'kernel': 'linear'}",0.73125,0.76875,0.6375,0.7551020408163265,0.4714285714285714,0.6728061224489796,0.11062818174408214,401
0.0017020702362060547,0.0004002478339206609,0.0025066375732421876,0.00044628181868351544,0.774263682681127,2000,"{1: 2, 0: 1}",0.021544346900318832,linear,"{'C': np.float64(0.774263682681127), 'cache_size': 2000, 'class_weight': {1: 2, 0: 1}, 'gamma': np.float64(0.021544346900318832), 'kernel': 'linear'}",0.73125,0.76875,0.6375,0.7551020408163265,0.4714285714285714,0.6728061224489796,0.11062818174408214,401
0.0017015457153320313,0.000400092814029993,0.002102184295654297,0.0004888049870760957,0.774263682681127,2000,"{1: 2, 0: 1}",0.1668100537200059,linear,"{'C': np.float64(0.774263682681127), 'cache_size': 2000, 'class_weight': {1: 2, 0: 1}, 'gamma': np.float64(0.1668100537200059), 'kernel': 'linear'}",0.73125,0.76875,0.6375,0.7551020408163265,0.4714285714285714,0.6728061224489796,0.11062818174408214,401
0.002105998992919922,0.00021026320353364662,0.0017018318176269531,0.00039977493855869825,0.774263682681127,2000,"{1: 2, 0: 1}",0.46415888336127775,linear,"{'C': np.float64(0.774263682681127), 'cache_size': 2000, 'class_weight': {1: 2, 0: 1}, 'gamma': np.float64(0.46415888336127775), 'kernel': 'linear'}",0.73125,0.76875,0.6375,0.7551020408163265,0.4714285714285714,0.6728061224489796,0.11062818174408214,401
0.0016447544097900391,0.00046874190382652567,0.0042327880859375,0.0044408717377796385,0.774263682681127,2000,"{1: 2, 0: 1}",0.05994842503189409,linear,"{'C': np.float64(0.774263682681127), 'cache_size': 2000, 'class_weight': {1: 2, 0: 1}, 'gamma': np.float64(0.05994842503189409), 'kernel': 'linear'}",0.73125,0.76875,0.6375,0.7551020408163265,0.4714285714285714,0.6728061224489796,0.11062818174408214,401
0.0018467903137207031,0.0007006565924035392,0.0018261909484863282,0.0007234210070090563,0.774263682681127,2000,"{1: 2, 0: 1}",0.0027825594022071257,linear,"{'C': np.float64(0.774263682681127), 'cache_size': 2000, 'class_weight': {1: 2, 0: 1}, 'gamma': np.float64(0.0027825594022071257), 'kernel': 'linear'}",0.73125,0.76875,0.6375,0.7551020408163265,0.4714285714285714,0.6728061224489796,0.11062818174408214,401
0.001601266860961914,0.0004907010559483747,0.002501678466796875,0.0006317320254671585,359.38136638046257,2000,"{1: 2, 0: 1}",0.001,rbf,"{'C': np.float64(359.38136638046257), 'cache_size': 2000, 'class_weight': {1: 2, 0: 1}, 'gamma': np.float64(0.001), 'kernel': 'rbf'}",0.73125,0.76875,0.6375,0.7551020408163265,0.4714285714285714,0.6728061224489796,0.11062818174408214,401
0.001401519775390625,0.0004900975272633749,0.0023048877716064452,0.0006080395263046726,0.774263682681127,2000,"{1: 2, 0: 1}",0.007742636826811269,linear,"{'C': np.float64(0.774263682681127), 'cache_size': 2000, 'class_weight': {1: 2, 0: 1}, 'gamma': np.float64(0.007742636826811269), 'kernel': 'linear'}",0.73125,0.76875,0.6375,0.7551020408163265,0.4714285714285714,0.6728061224489796,0.11062818174408214,401
0.00200347900390625,6.791205808021518e-06,0.002003049850463867,0.00031764630323390954,129.15496650148827,2000,"{1: 2, 0: 1}",0.0027825594022071257,rbf,"{'C': np.float64(129.15496650148827), 'cache_size': 2000, 'class_weight': {1: 2, 0: 1}, 'gamma': np.float64(0.0027825594022071257), 'kernel': 'rbf'}",0.73125,0.76875,0.6375,0.7551020408163265,0.4714285714285714,0.6728061224489796,0.11062818174408214,401
0.001400899887084961,0.0004906998511979983,0.003005790710449219,0.0008359553298847988,16.68100537200059,2000,"{1: 2, 0: 1}",0.021544346900318832,rbf,"{'C': np.float64(16.68100537200059), 'cache_size': 2000, 'class_weight': {1: 2, 0: 1}, 'gamma': np.float64(0.021544346900318832), 'kernel': 'rbf'}",0.73125,0.76875,0.6375,0.7551020408163265,0.4714285714285714,0.6728061224489796,0.11062818174408214,401
0.0013018131256103515,0.0004015814404468537,0.002706289291381836,0.0008756867939372723,0.774263682681127,2000,"{1: 2, 0: 1}",0.001,linear,"{'C': np.float64(0.774263682681127), 'cache_size': 2000, 'class_weight': {1: 2, 0: 1}, 'gamma': np.float64(0.001), 'kernel': 'linear'}",0.73125,0.76875,0.6375,0.7551020408163265,0.4714285714285714,0.6728061224489796,0.11062818174408214,401
0.0018357276916503907,0.0003848089634091922,0.0024381637573242187,0.0011554775988803947,0.2782559402207124,2000,"{1: 2, 0: 1}",1.2915496650148828,sigmoid,"{'C': np.float64(0.2782559402207124), 'cache_size': 2000, 'class_weight': {1: 2, 0: 1}, 'gamma': np.float64(1.2915496650148828), 'kernel': 'sigmoid'}",0.7375,0.76875,0.6312500000000001,0.7551020408163265,0.4714285714285714,0.6728061224489796,0.1117523807173774,401
0.0018003463745117187,0.0003998520086989724,0.0039116859436035155,0.002363608012645693,46.41588833612777,2000,"{1: 2, 0: 1}",0.007742636826811269,rbf,"{'C': np.float64(46.41588833612777), 'cache_size': 2000, 'class_weight': {1: 2, 0: 1}, 'gamma': np.float64(0.007742636826811269), 'kernel': 'rbf'}",0.73125,0.76875,0.6375,0.7551020408163265,0.4714285714285714,0.6728061224489796,0.11062818174408214,401
0.0015018939971923827,0.0004477165898230085,0.0021045684814453127,0.0001997280920017871,2.1544346900318834,2000,"{1: 2, 0: 1}",0.021544346900318832,rbf,"{'C': np.float64(2.1544346900318834), 'cache_size': 2000, 'class_weight': {1: 2, 0: 1}, 'gamma': np.float64(0.021544346900318832), 'kernel': 'rbf'}",0.73125,0.76875,0.6375,0.7551020408163265,0.4714285714285714,0.6728061224489796,0.11062818174408214,401
0.002000856399536133,0.0006332396994154119,0.0023068904876708983,0.00025010103947554417,2.1544346900318834,2000,"{1: 2, 0: 1}",0.05994842503189409,rbf,"{'C': np.float64(2.1544346900318834), 'cache_size': 2000, 'class_weight': {1: 2, 0: 1}, 'gamma': np.float64(0.05994842503189409), 'kernel': 'rbf'}",0.73125,0.76875,0.64375,0.7482993197278913,0.4714285714285714,0.6726955782312926,0.10928609472823468,417
0.0015015125274658204,0.0004478762248907495,0.002210235595703125,0.0002495588482901991,0.774263682681127,2000,"{1: 2, 0: 1}",0.021544346900318832,rbf,"{'C': np.float64(0.774263682681127), 'cache_size': 2000, 'class_weight': {1: 2, 0: 1}, 'gamma': np.float64(0.021544346900318832), 'kernel': 'rbf'}",0.73125,0.775,0.6375,0.7482993197278913,0.4714285714285714,0.6726955782312926,0.11077714340489506,417
0.0038018226623535156,0.001833334716447596,0.0032123565673828126,0.0008724718893372375,0.2782559402207124,2000,balanced,10.0,rbf,"{'C': np.float64(0.2782559402207124), 'cache_size': 2000, 'class_weight': 'balanced', 'gamma': np.float64(10.0), 'kernel': 'rbf'}",0.675,0.8125,0.5437500000000001,0.6938775510204082,0.6357142857142857,0.6721683673469387,0.08716931921502824,419
0.0019053936004638672,0.0004917212749185978,0.0031023025512695312,0.0012819362740069272,0.2782559402207124,2000,"{1: 2, 0: 1}",0.1668100537200059,rbf,"{'C': np.float64(0.2782559402207124), 'cache_size': 2000, 'class_weight': {1: 2, 0: 1}, 'gamma': np.float64(0.1668100537200059), 'kernel': 'rbf'}",0.71875,0.76875,0.64375,0.7482993197278913,0.47857142857142854,0.671624149659864,0.10543213895055535,420
0.001459789276123047,0.00045233913381514257,0.0025317192077636717,0.0009153896392139134,0.1,2000,"{1: 2, 0: 1}",0.1668100537200059,rbf,"{'C': np.float64(0.1), 'cache_size': 2000, 'class_weight': {1: 2, 0: 1}, 'gamma': np.float64(0.1668100537200059), 'kernel': 'rbf'}",0.7124999999999999,0.775,0.64375,0.7482993197278913,0.47857142857142854,0.671624149659864,0.10609694116085162,420
0.0013022422790527344,0.0004000124934834052,0.002704763412475586,0.00039744983833227065,2.1544346900318834,2000,"{1: 2, 0: 1}",0.1668100537200059,rbf,"{'C': np.float64(2.1544346900318834), 'cache_size': 2000, 'class_weight': {1: 2, 0: 1}, 'gamma': np.float64(0.1668100537200059), 'kernel': 'rbf'}",0.71875,0.76875,0.64375,0.7482993197278913,0.47857142857142854,0.671624149659864,0.10543213895055535,420
0.0017012596130371095,0.00039975954208601753,0.0021057605743408205,0.000208242948855648,0.774263682681127,2000,"{1: 2, 0: 1}",0.1668100537200059,rbf,"{'C': np.float64(0.774263682681127), 'cache_size': 2000, 'class_weight': {1: 2, 0: 1}, 'gamma': np.float64(0.1668100537200059), 'kernel': 'rbf'}",0.71875,0.76875,0.64375,0.7482993197278913,0.47857142857142854,0.671624149659864,0.10543213895055535,420
0.0015032291412353516,0.0003165914698005802,0.0034052371978759766,0.000797819925594971,5.994842503189409,2000,"{1: 2, 0: 1}",0.0027825594022071257,rbf,"{'C': np.float64(5.994842503189409), 'cache_size': 2000, 'class_weight': {1: 2, 0: 1}, 'gamma': np.float64(0.0027825594022071257), 'kernel': 'rbf'}",0.73125,0.775,0.6312500000000001,0.7482993197278913,0.4714285714285714,0.6714455782312927,0.11120168364969531,424
0.001901531219482422,0.0004911786501106878,0.0024065017700195313,0.00037512369191222374,0.2782559402207124,2000,"{1: 2, 0: 1}",0.05994842503189409,rbf,"{'C': np.float64(0.2782559402207124), 'cache_size': 2000, 'class_weight': {1: 2, 0: 1}, 'gamma': np.float64(0.05994842503189409), 'kernel': 'rbf'}",0.725,0.76875,0.64375,0.7482993197278913,0.4714285714285714,0.6714455782312927,0.10864305981758299,424
0.001801300048828125,0.00040056768978353053,0.002406454086303711,0.0005862174158683689,0.774263682681127,2000,"{1: 2, 0: 1}",0.05994842503189409,rbf,"{'C': np.float64(0.774263682681127), 'cache_size': 2000, 'class_weight': {1: 2, 0: 1}, 'gamma': np.float64(0.05994842503189409), 'kernel': 'rbf'}",0.725,0.76875,0.64375,0.7482993197278913,0.4714285714285714,0.6714455782312927,0.10864305981758299,424
0.0017019271850585937,0.0004000241913225906,0.0021048069000244142,0.00020787887499250184,0.1,2000,"{1: 2, 0: 1}",10.0,poly,"{'C': np.float64(0.1), 'cache_size': 2000, 'class_weight': {1: 2, 0: 1}, 'gamma': np.float64(10.0), 'kernel': 'poly'}",0.575,0.8312500000000002,0.65,0.7687074829931972,0.5285714285714286,0.6707057823129251,0.11416591424047084,427
0.0011017799377441406,0.0006650465025523694,0.002203083038330078,0.0004035968579913399,1000.0,2000,"{1: 2, 0: 1}",0.46415888336127775,poly,"{'C': np.float64(1000.0), 'cache_size': 2000, 'class_weight': {1: 2, 0: 1}, 'gamma': np.float64(0.46415888336127775), 'kernel': 'poly'}",0.575,0.8312500000000002,0.65,0.7687074829931972,0.5285714285714286,0.6707057823129251,0.11416591424047084,427
0.001905345916748047,0.0006687194057894567,0.0023013591766357423,0.0005990359410001832,46.41588833612777,2000,"{1: 2, 0: 1}",1.2915496650148828,poly,"{'C': np.float64(46.41588833612777), 'cache_size': 2000, 'class_weight': {1: 2, 0: 1}, 'gamma': np.float64(1.2915496650148828), 'kernel': 'poly'}",0.575,0.8312500000000002,0.65,0.7687074829931972,0.5285714285714286,0.6707057823129251,0.11416591424047084,427
0.0030068874359130858,0.0027844643687547498,0.002401113510131836,0.0004908562494014412,2.1544346900318834,2000,"{1: 2, 0: 1}",3.593813663804626,poly,"{'C': np.float64(2.1544346900318834), 'cache_size': 2000, 'class_weight': {1: 2, 0: 1}, 'gamma': np.float64(3.593813663804626), 'kernel': 'poly'}",0.575,0.8312500000000002,0.65,0.7687074829931972,0.5285714285714286,0.6707057823129251,0.11416591424047084,427
0.0018052101135253907,0.00039418064904189005,0.002501249313354492,0.0010965194404977457,129.15496650148827,2000,"{1: 2, 0: 1}",1.2915496650148828,poly,"{'C': np.float64(129.15496650148827), 'cache_size': 2000, 'class_weight': {1: 2, 0: 1}, 'gamma': np.float64(1.2915496650148828), 'kernel': 'poly'}",0.575,0.8375,0.65,0.7619047619047619,0.5285714285714286,0.670595238095238,0.11482857182352083,431
0.002001047134399414,0.0010972377782968849,0.0027077198028564453,0.0005168470270319985,5.994842503189409,2000,"{1: 2, 0: 1}",3.593813663804626,poly,"{'C': np.float64(5.994842503189409), 'cache_size': 2000, 'class_weight': {1: 2, 0: 1}, 'gamma': np.float64(3.593813663804626), 'kernel': 'poly'}",0.575,0.8375,0.65,0.7619047619047619,0.5285714285714286,0.670595238095238,0.11482857182352083,431
0.0010650634765625,0.00012695572407978001,0.0018518447875976562,0.0005337582413258498,0.2782559402207124,2000,"{1: 2, 0: 1}",10.0,poly,"{'C': np.float64(0.2782559402207124), 'cache_size': 2000, 'class_weight': {1: 2, 0: 1}, 'gamma': np.float64(10.0), 'kernel': 'poly'}",0.575,0.8375,0.65,0.7619047619047619,0.5285714285714286,0.670595238095238,0.11482857182352083,431
0.0021058082580566405,0.000669400123514029,0.0024021148681640627,0.0005847145808285926,0.774263682681127,2000,balanced,10.0,sigmoid,"{'C': np.float64(0.774263682681127), 'cache_size': 2000, 'class_weight': 'balanced', 'gamma': np.float64(10.0), 'kernel': 'sigmoid'}",0.7124999999999999,0.8,0.56875,0.7346938775510203,0.5357142857142857,0.6703316326530612,0.10116838780244354,434
0.0024059295654296877,0.00037573168691492915,0.002903652191162109,0.0018033031053284038,0.1,2000,balanced,10.0,rbf,"{'C': np.float64(0.1), 'cache_size': 2000, 'class_weight': 'balanced', 'gamma': np.float64(10.0), 'kernel': 'rbf'}",0.6499999999999999,0.8125,0.5375,0.7006802721088435,0.65,0.6701360544217687,0.0889985241929823,435
0.0023066043853759766,0.0009801798280430923,0.0019015789031982422,0.0006628546317822313,0.774263682681127,2000,"{1: 2, 0: 1}",3.593813663804626,sigmoid,"{'C': np.float64(0.774263682681127), 'cache_size': 2000, 'class_weight': {1: 2, 0: 1}, 'gamma': np.float64(3.593813663804626), 'kernel': 'sigmoid'}",0.73125,0.76875,0.65625,0.7551020408163265,0.4357142857142857,0.6694132653061224,0.12314432141310135,436
0.001901531219482422,0.0006622714471986048,0.0027051448822021486,0.0007493941041700077,46.41588833612777,2000,"{1: 2, 0: 1}",1.2915496650148828,rbf,"{'C': np.float64(46.41588833612777), 'cache_size': 2000, 'class_weight': {1: 2, 0: 1}, 'gamma': np.float64(1.2915496650148828), 'kernel': 'rbf'}",0.55625,0.85625,0.68125,0.7959183673469388,0.4571428571428572,0.6693622448979593,0.14759149863238993,437
0.001901531219482422,0.0004910810812079388,0.0024065494537353514,0.000591610641936354,16.68100537200059,2000,"{1: 2, 0: 1}",0.001,rbf,"{'C': np.float64(16.68100537200059), 'cache_size': 2000, 'class_weight': {1: 2, 0: 1}, 'gamma': np.float64(0.001), 'kernel': 'rbf'}",0.71875,0.775,0.6312500000000001,0.7482993197278913,0.4714285714285714,0.6689455782312926,0.10996268611526083,438
0.0014012813568115234,0.0004901940395557931,0.0027054309844970702,0.0006065357143763053,0.1,2000,"{1: 2, 0: 1}",0.46415888336127775,rbf,"{'C': np.float64(0.1), 'cache_size': 2000, 'class_weight': {1: 2, 0: 1}, 'gamma': np.float64(0.46415888336127775), 'kernel': 'rbf'}",0.7,0.76875,0.65625,0.7482993197278913,0.4714285714285714,0.6689455782312926,0.1062040128134685,438
0.0024028301239013674,0.0008598878049749871,0.003406667709350586,0.001602136198544181,359.38136638046257,2000,"{1: 3, 0: 1}",0.46415888336127775,rbf,"{'C': np.float64(359.38136638046257), 'cache_size': 2000, 'class_weight': {1: 3, 0: 1}, 'gamma': np.float64(0.46415888336127775), 'kernel': 'rbf'}",0.58125,0.85625,0.6875,0.7755102040816326,0.44285714285714284,0.6686734693877551,0.1453198935445812,440
0.001102113723754883,0.00020282444387588025,0.001905059814453125,0.00020046251144547144,359.38136638046257,2000,"{1: 2, 0: 1}",0.46415888336127775,poly,"{'C': np.float64(359.38136638046257), 'cache_size': 2000, 'class_weight': {1: 2, 0: 1}, 'gamma': np.float64(0.46415888336127775), 'kernel': 'poly'}",0.58125,0.8312500000000002,0.65,0.7551020408163266,0.5214285714285714,0.6678061224489796,0.11275627365722453,441
0.0021060943603515626,0.00020950200734504867,0.0024069786071777345,0.0007415469653066302,0.774263682681127,2000,"{1: 2, 0: 1}",3.593813663804626,poly,"{'C': np.float64(0.774263682681127), 'cache_size': 2000, 'class_weight': {1: 2, 0: 1}, 'gamma': np.float64(3.593813663804626), 'kernel': 'poly'}",0.58125,0.8312500000000002,0.65,0.7551020408163266,0.5214285714285714,0.6678061224489796,0.11275627365722453,441
0.0018077373504638671,0.0003951555427914206,0.0024025440216064453,0.0005821311926330878,16.68100537200059,2000,"{1: 2, 0: 1}",1.2915496650148828,poly,"{'C': np.float64(16.68100537200059), 'cache_size': 2000, 'class_weight': {1: 2, 0: 1}, 'gamma': np.float64(1.2915496650148828), 'kernel': 'poly'}",0.58125,0.8312500000000002,0.65,0.7551020408163266,0.5214285714285714,0.6678061224489796,0.11275627365722453,441
0.0024027347564697264,0.0008593209872023881,0.0021028041839599608,0.0008007371856451182,129.15496650148827,2000,balanced,0.46415888336127775,poly,"{'C': np.float64(129.15496650148827), 'cache_size': 2000, 'class_weight': 'balanced', 'gamma': np.float64(0.46415888336127775), 'kernel': 'poly'}",0.6625,0.78125,0.575,0.7551020408163265,0.5571428571428572,0.6661989795918366,0.09095566586449125,444
0.003114795684814453,0.0010385629624380052,0.0021019458770751955,0.0008030193346309333,2.1544346900318834,2000,"{1: 3, 0: 1}",10.0,sigmoid,"{'C': np.float64(2.1544346900318834), 'cache_size': 2000, 'class_weight': {1: 3, 0: 1}, 'gamma': np.float64(10.0), 'kernel': 'sigmoid'}",0.7,0.73125,0.7000000000000001,0.7210884353741497,0.47857142857142854,0.6661819727891156,0.094587104860279,445
0.0026101112365722657,0.000731471334000582,0.004318857192993164,0.0011306114566717368,2.1544346900318834,2000,balanced,10.0,sigmoid,"{'C': np.float64(2.1544346900318834), 'cache_size': 2000, 'class_weight': 'balanced', 'gamma': np.float64(10.0), 'kernel': 'sigmoid'}",0.71875,0.7625,0.675,0.7210884353741497,0.45,0.66546768707483,0.11123410576502185,446
0.002004575729370117,6.488140124223582e-06,0.002200794219970703,0.00039997149150457196,1000.0,2000,"{1: 3, 0: 1}",1.2915496650148828,poly,"{'C': np.float64(1000.0), 'cache_size': 2000, 'class_weight': {1: 3, 0: 1}, 'gamma': np.float64(1.2915496650148828), 'kernel': 'poly'}",0.55,0.8,0.65,0.7755102040816326,0.5499999999999999,0.6651020408163265,0.1068760526446623,447
0.0019051074981689454,0.0004918129193910937,0.0022074699401855467,0.0006872312610348349,46.41588833612777,2000,"{1: 3, 0: 1}",3.593813663804626,poly,"{'C': np.float64(46.41588833612777), 'cache_size': 2000, 'class_weight': {1: 3, 0: 1}, 'gamma': np.float64(3.593813663804626), 'kernel': 'poly'}",0.55,0.8,0.65,0.7755102040816326,0.5499999999999999,0.6651020408163265,0.1068760526446623,447
0.001403951644897461,0.00048747052654738105,0.00361175537109375,0.0015649755970093017,2.1544346900318834,2000,"{1: 3, 0: 1}",10.0,poly,"{'C': np.float64(2.1544346900318834), 'cache_size': 2000, 'class_weight': {1: 3, 0: 1}, 'gamma': np.float64(10.0), 'kernel': 'poly'}",0.55,0.8,0.65,0.7755102040816326,0.5499999999999999,0.6651020408163265,0.1068760526446623,447
0.0022060394287109373,0.00024350339272402217,0.0022054195404052736,0.00039952550183756957,359.38136638046257,2000,balanced,0.0027825594022071257,sigmoid,"{'C': np.float64(359.38136638046257), 'cache_size': 2000, 'class_weight': 'balanced', 'gamma': np.float64(0.0027825594022071257), 'kernel': 'sigmoid'}",0.70625,0.78125,0.53125,0.7346938775510203,0.5714285714285714,0.6649744897959182,0.09666181568659056,450
0.002501392364501953,0.0007756805861958866,0.0018056869506835938,0.00024546341246217554,1000.0,2000,balanced,0.001,sigmoid,"{'C': np.float64(1000.0), 'cache_size': 2000, 'class_weight': 'balanced', 'gamma': np.float64(0.001), 'kernel': 'sigmoid'}",0.70625,0.78125,0.53125,0.7346938775510203,0.5714285714285714,0.6649744897959182,0.09666181568659056,450
0.0037064552307128906,0.002421402222138612,0.0033066272735595703,0.0011681626636788776,16.68100537200059,2000,balanced,0.05994842503189409,sigmoid,"{'C': np.float64(16.68100537200059), 'cache_size': 2000, 'class_weight': 'balanced', 'gamma': np.float64(0.05994842503189409), 'kernel': 'sigmoid'}",0.70625,0.78125,0.53125,0.7346938775510203,0.5714285714285714,0.6649744897959182,0.09666181568659056,450
0.0021067142486572267,0.0003790099710439609,0.0024058341979980467,0.0004872511777696265,5.994842503189409,2000,balanced,0.1668100537200059,sigmoid,"{'C': np.float64(5.994842503189409), 'cache_size': 2000, 'class_weight': 'balanced', 'gamma': np.float64(0.1668100537200059), 'kernel': 'sigmoid'}",0.70625,0.78125,0.53125,0.7346938775510203,0.5714285714285714,0.6649744897959182,0.09666181568659056,450
0.0024061203002929688,0.0003714635833563765,0.0036049365997314455,0.003726618296316547,46.41588833612777,2000,balanced,0.021544346900318832,sigmoid,"{'C': np.float64(46.41588833612777), 'cache_size': 2000, 'class_weight': 'balanced', 'gamma': np.float64(0.021544346900318832), 'kernel': 'sigmoid'}",0.70625,0.78125,0.53125,0.7346938775510203,0.5714285714285714,0.6649744897959182,0.09666181568659056,450
0.0025096416473388674,0.0006291008135838933,0.002200889587402344,0.0004000447611829471,129.15496650148827,2000,balanced,0.007742636826811269,sigmoid,"{'C': np.float64(129.15496650148827), 'cache_size': 2000, 'class_weight': 'balanced', 'gamma': np.float64(0.007742636826811269), 'kernel': 'sigmoid'}",0.70625,0.78125,0.53125,0.7346938775510203,0.5714285714285714,0.6649744897959182,0.09666181568659056,450
0.0017022132873535157,0.0006013249812318638,0.002104949951171875,0.00020828580024000276,0.2782559402207124,2000,balanced,3.593813663804626,poly,"{'C': np.float64(0.2782559402207124), 'cache_size': 2000, 'class_weight': 'balanced', 'gamma': np.float64(3.593813663804626), 'kernel': 'poly'}",0.6625,0.78125,0.575,0.7482993197278911,0.5571428571428572,0.6648384353741497,0.08965726062823236,456
0.0021066665649414062,0.0004955986077454457,0.003302001953125,0.0014006791058828085,5.994842503189409,2000,balanced,1.2915496650148828,poly,"{'C': np.float64(5.994842503189409), 'cache_size': 2000, 'class_weight': 'balanced', 'gamma': np.float64(1.2915496650148828), 'kernel': 'poly'}",0.6625,0.78125,0.575,0.7482993197278911,0.5571428571428572,0.6648384353741497,0.08965726062823236,456
0.0034018993377685548,0.0017441721883899187,0.006719017028808593,0.00619652372100591,5.994842503189409,2000,balanced,3.593813663804626,rbf,"{'C': np.float64(5.994842503189409), 'cache_size': 2000, 'class_weight': 'balanced', 'gamma': np.float64(3.593813663804626), 'kernel': 'rbf'}",0.55,0.8875,0.6312500000000001,0.782312925170068,0.4714285714285714,0.6644982993197279,0.15172427251648216,458
0.0025011539459228516,0.0016747518943626874,0.0038175582885742188,0.001128024570200978,0.2782559402207124,2000,"{1: 2, 0: 1}",1.2915496650148828,rbf,"{'C': np.float64(0.2782559402207124), 'cache_size': 2000, 'class_weight': {1: 2, 0: 1}, 'gamma': np.float64(1.2915496650148828), 'kernel': 'rbf'}",0.65625,0.76875,0.6625,0.7482993197278913,0.4857142857142857,0.6643027210884354,0.09992656105827488,459
0.0016051292419433593,0.00048483707684242967,0.002402973175048828,0.0003740939124482908,0.774263682681127,2000,"{1: 2, 0: 1}",10.0,sigmoid,"{'C': np.float64(0.774263682681127), 'cache_size': 2000, 'class_weight': {1: 2, 0: 1}, 'gamma': np.float64(10.0), 'kernel': 'sigmoid'}",0.7312500000000001,0.7625,0.64375,0.7551020408163265,0.4285714285714286,0.6642346938775511,0.12518849282559222,460
0.002506923675537109,0.0007834365638945637,0.002308082580566406,0.00039955318804532446,0.1,2000,balanced,0.007742636826811269,linear,"{'C': np.float64(0.1), 'cache_size': 2000, 'class_weight': 'balanced', 'gamma': np.float64(0.007742636826811269), 'kernel': 'linear'}",0.7124999999999999,0.78125,0.5125,0.7414965986394557,0.5714285714285714,0.6638350340136053,0.10356362162415592,461
0.002200412750244141,0.0003996854464436952,0.002242708206176758,0.0002271609181813936,0.1,2000,balanced,0.007742636826811269,rbf,"{'C': np.float64(0.1), 'cache_size': 2000, 'class_weight': 'balanced', 'gamma': np.float64(0.007742636826811269), 'kernel': 'rbf'}",0.7124999999999999,0.78125,0.5125,0.7414965986394557,0.5714285714285714,0.6638350340136053,0.10356362162415592,461
0.0027071952819824217,0.0010751279710421741,0.0032034397125244142,0.0016934589241043246,0.1,2000,balanced,0.05994842503189409,linear,"{'C': np.float64(0.1), 'cache_size': 2000, 'class_weight': 'balanced', 'gamma': np.float64(0.05994842503189409), 'kernel': 'linear'}",0.7124999999999999,0.78125,0.5125,0.7414965986394557,0.5714285714285714,0.6638350340136053,0.10356362162415592,461
0.0017015933990478516,0.0007490941020833782,0.00321197509765625,0.0013658415803003473,0.1,2000,balanced,0.1668100537200059,linear,"{'C': np.float64(0.1), 'cache_size': 2000, 'class_weight': 'balanced', 'gamma': np.float64(0.1668100537200059), 'kernel': 'linear'}",0.7124999999999999,0.78125,0.5125,0.7414965986394557,0.5714285714285714,0.6638350340136053,0.10356362162415592,461
0.0025614261627197265,0.0005942235843725437,0.002569770812988281,0.0006545871529239927,0.1,2000,balanced,0.1668100537200059,sigmoid,"{'C': np.float64(0.1), 'cache_size': 2000, 'class_weight': 'balanced', 'gamma': np.float64(0.1668100537200059), 'kernel': 'sigmoid'}",0.7124999999999999,0.78125,0.5125,0.7414965986394557,0.5714285714285714,0.6638350340136053,0.10356362162415592,461
0.0020044326782226564,7.031367718188004e-06,0.002202606201171875,0.00024705395641758235,2.1544346900318834,2000,balanced,0.021544346900318832,sigmoid,"{'C': np.float64(2.1544346900318834), 'cache_size': 2000, 'class_weight': 'balanced', 'gamma': np.float64(0.021544346900318832), 'kernel': 'sigmoid'}",0.7124999999999999,0.78125,0.5125,0.7414965986394557,0.5714285714285714,0.6638350340136053,0.10356362162415592,461
0.0022056102752685547,0.00039775499528192995,0.002200937271118164,0.000748366876070813,2.1544346900318834,2000,balanced,0.007742636826811269,rbf,"{'C': np.float64(2.1544346900318834), 'cache_size': 2000, 'class_weight': 'balanced', 'gamma': np.float64(0.007742636826811269), 'kernel': 'rbf'}",0.7124999999999999,0.78125,0.5125,0.7414965986394557,0.5714285714285714,0.6638350340136053,0.10356362162415592,461
0.0028028011322021483,0.001207985713396974,0.002004575729370117,7.202293406660059e-06,2.1544346900318834,2000,balanced,0.0027825594022071257,sigmoid,"{'C': np.float64(2.1544346900318834), 'cache_size': 2000, 'class_weight': 'balanced', 'gamma': np.float64(0.0027825594022071257), 'kernel': 'sigmoid'}",0.7124999999999999,0.78125,0.5125,0.7414965986394557,0.5714285714285714,0.6638350340136053,0.10356362162415592,461
0.0032387256622314455,0.000225802982563852,0.0029309749603271484,0.0012403456189124496,0.1,2000,balanced,0.001,rbf,"{'C': np.float64(0.1), 'cache_size': 2000, 'class_weight': 'balanced', 'gamma': np.float64(0.001), 'kernel': 'rbf'}",0.7124999999999999,0.78125,0.5125,0.7414965986394557,0.5714285714285714,0.6638350340136053,0.10356362162415592,461
0.0030115127563476564,0.0007099182198277686,0.0017095565795898437,0.0006020372043202288,0.1,2000,balanced,0.0027825594022071257,sigmoid,"{'C': np.float64(0.1), 'cache_size': 2000, 'class_weight': 'balanced', 'gamma': np.float64(0.0027825594022071257), 'kernel': 'sigmoid'}",0.7124999999999999,0.78125,0.5125,0.7414965986394557,0.5714285714285714,0.6638350340136053,0.10356362162415592,461
0.0021030426025390623,0.00020023098034013473,0.0021482467651367187,0.0003721733600288803,2.1544346900318834,2000,balanced,0.007742636826811269,sigmoid,"{'C': np.float64(2.1544346900318834), 'cache_size': 2000, 'class_weight': 'balanced', 'gamma': np.float64(0.007742636826811269), 'kernel': 'sigmoid'}",0.7124999999999999,0.78125,0.5125,0.7414965986394557,0.5714285714285714,0.6638350340136053,0.10356362162415592,461
0.0032030582427978516,0.000510820707535157,0.0027072906494140627,0.000404056918383311,0.1,2000,balanced,0.001,linear,"{'C': np.float64(0.1), 'cache_size': 2000, 'class_weight': 'balanced', 'gamma': np.float64(0.001), 'kernel': 'linear'}",0.7124999999999999,0.78125,0.5125,0.7414965986394557,0.5714285714285714,0.6638350340136053,0.10356362162415592,461
0.0023024559020996095,0.0007497456890718434,0.004009389877319336,0.001147541989424465,129.15496650148827,2000,balanced,0.0027825594022071257,rbf,"{'C': np.float64(129.15496650148827), 'cache_size': 2000, 'class_weight': 'balanced', 'gamma': np.float64(0.0027825594022071257), 'kernel': 'rbf'}",0.7124999999999999,0.78125,0.5125,0.7414965986394557,0.5714285714285714,0.6638350340136053,0.10356362162415592,461
0.0026066780090332033,0.0005909770037552682,0.0026017189025878905,0.0007994657198169096,0.774263682681127,2000,balanced,0.46415888336127775,sigmoid,"{'C': np.float64(0.774263682681127), 'cache_size': 2000, 'class_weight': 'balanced', 'gamma': np.float64(0.46415888336127775), 'kernel': 'sigmoid'}",0.7124999999999999,0.78125,0.5125,0.7414965986394557,0.5714285714285714,0.6638350340136053,0.10356362162415592,461
0.0061185359954833984,0.0034954779730003776,0.006007862091064453,0.002196802224527398,0.774263682681127,2000,balanced,0.1668100537200059,sigmoid,"{'C': np.float64(0.774263682681127), 'cache_size': 2000, 'class_weight': 'balanced', 'gamma': np.float64(0.1668100537200059), 'kernel': 'sigmoid'}",0.7124999999999999,0.78125,0.5125,0.7414965986394557,0.5714285714285714,0.6638350340136053,0.10356362162415592,461
0.0025053024291992188,0.0010997401661109742,0.0046174049377441405,0.0023533247047073384,129.15496650148827,2000,balanced,0.0027825594022071257,sigmoid,"{'C': np.float64(129.15496650148827), 'cache_size': 2000, 'class_weight': 'balanced', 'gamma': np.float64(0.0027825594022071257), 'kernel': 'sigmoid'}",0.7124999999999999,0.78125,0.5125,0.7414965986394557,0.5714285714285714,0.6638350340136053,0.10356362162415592,461
0.002301788330078125,0.0003998780858888303,0.0019019126892089843,0.00019826940643771827,0.1,2000,balanced,0.021544346900318832,linear,"{'C': np.float64(0.1), 'cache_size': 2000, 'class_weight': 'balanced', 'gamma': np.float64(0.021544346900318832), 'kernel': 'linear'}",0.7124999999999999,0.78125,0.5125,0.7414965986394557,0.5714285714285714,0.6638350340136053,0.10356362162415592,461
0.0026070594787597655,0.0003727054643532151,0.0025172710418701174,0.0007968058120234843,0.1,2000,balanced,0.007742636826811269,sigmoid,"{'C': np.float64(0.1), 'cache_size': 2000, 'class_weight': 'balanced', 'gamma': np.float64(0.007742636826811269), 'kernel': 'sigmoid'}",0.7124999999999999,0.78125,0.5125,0.7414965986394557,0.5714285714285714,0.6638350340136053,0.10356362162415592,461
0.0021048069000244142,0.00020823557862065156,0.002102375030517578,0.0002017045415457631,2.1544346900318834,2000,balanced,0.1668100537200059,sigmoid,"{'C': np.float64(2.1544346900318834), 'cache_size': 2000, 'class_weight': 'balanced', 'gamma': np.float64(0.1668100537200059), 'kernel': 'sigmoid'}",0.7124999999999999,0.78125,0.5125,0.7414965986394557,0.5714285714285714,0.6638350340136053,0.10356362162415592,461
0.002107715606689453,0.00019903148711412186,0.002402591705322266,0.00037430931496124797,0.1,2000,balanced,0.021544346900318832,sigmoid,"{'C': np.float64(0.1), 'cache_size': 2000, 'class_weight': 'balanced', 'gamma': np.float64(0.021544346900318832), 'kernel': 'sigmoid'}",0.7124999999999999,0.78125,0.5125,0.7414965986394557,0.5714285714285714,0.6638350340136053,0.10356362162415592,461
0.0027179718017578125,0.0005065743685002295,0.002000570297241211,5.223489356090222e-07,2.1544346900318834,2000,balanced,0.05994842503189409,sigmoid,"{'C': np.float64(2.1544346900318834), 'cache_size': 2000, 'class_weight': 'balanced', 'gamma': np.float64(0.05994842503189409), 'kernel': 'sigmoid'}",0.7124999999999999,0.78125,0.5125,0.7414965986394557,0.5714285714285714,0.6638350340136053,0.10356362162415592,461
0.0029026031494140624,0.0011135771794273733,0.002805805206298828,0.000239193353633927,129.15496650148827,2000,balanced,0.001,rbf,"{'C': np.float64(129.15496650148827), 'cache_size': 2000, 'class_weight': 'balanced', 'gamma': np.float64(0.001), 'kernel': 'rbf'}",0.7124999999999999,0.78125,0.5125,0.7414965986394557,0.5714285714285714,0.6638350340136053,0.10356362162415592,461
0.006822824478149414,0.008645156515506458,0.011026334762573243,0.014059959183111634,129.15496650148827,2000,balanced,0.001,sigmoid,"{'C': np.float64(129.15496650148827), 'cache_size': 2000, 'class_weight': 'balanced', 'gamma': np.float64(0.001), 'kernel': 'sigmoid'}",0.7124999999999999,0.78125,0.5125,0.7414965986394557,0.5714285714285714,0.6638350340136053,0.10356362162415592,461
0.0022031784057617186,0.0006800852486275598,0.002204132080078125,0.0003981178342331426,0.1,2000,balanced,10.0,linear,"{'C': np.float64(0.1), 'cache_size': 2000, 'class_weight': 'balanced', 'gamma': np.float64(10.0), 'kernel': 'linear'}",0.7124999999999999,0.78125,0.5125,0.7414965986394557,0.5714285714285714,0.6638350340136053,0.10356362162415592,461
0.0016762733459472657,0.0005514429573936457,0.002408933639526367,0.00037594714897303926,0.2782559402207124,2000,balanced,0.05994842503189409,linear,"{'C': np.float64(0.2782559402207124), 'cache_size': 2000, 'class_weight': 'balanced', 'gamma': np.float64(0.05994842503189409), 'kernel': 'linear'}",0.7124999999999999,0.78125,0.5125,0.7414965986394557,0.5714285714285714,0.6638350340136053,0.10356362162415592,461
0.0021049976348876953,0.00020921243222007138,0.0021023273468017576,0.0006653501695375648,0.774263682681127,2000,balanced,0.05994842503189409,sigmoid,"{'C': np.float64(0.774263682681127), 'cache_size': 2000, 'class_weight': 'balanced', 'gamma': np.float64(0.05994842503189409), 'kernel': 'sigmoid'}",0.7124999999999999,0.78125,0.5125,0.7414965986394557,0.5714285714285714,0.6638350340136053,0.10356362162415592,461
0.001804351806640625,0.00040156265929707787,0.002306365966796875,0.0005108964381442404,0.2782559402207124,2000,balanced,0.46415888336127775,linear,"{'C': np.float64(0.2782559402207124), 'cache_size': 2000, 'class_weight': 'balanced', 'gamma': np.float64(0.46415888336127775), 'kernel': 'linear'}",0.7124999999999999,0.78125,0.5125,0.7414965986394557,0.5714285714285714,0.6638350340136053,0.10356362162415592,461
0.002206277847290039,0.0002517080321008344,0.0020014762878417967,1.37706080228745e-06,0.2782559402207124,2000,balanced,0.1668100537200059,sigmoid,"{'C': np.float64(0.2782559402207124), 'cache_size': 2000, 'class_weight': 'balanced', 'gamma': np.float64(0.1668100537200059), 'kernel': 'sigmoid'}",0.7124999999999999,0.78125,0.5125,0.7414965986394557,0.5714285714285714,0.6638350340136053,0.10356362162415592,461
0.0020001888275146484,0.0006324098107789638,0.005317544937133789,0.005862856932580549,0.2782559402207124,2000,balanced,0.05994842503189409,sigmoid,"{'C': np.float64(0.2782559402207124), 'cache_size': 2000, 'class_weight': 'balanced', 'gamma': np.float64(0.05994842503189409), 'kernel': 'sigmoid'}",0.7124999999999999,0.78125,0.5125,0.7414965986394557,0.5714285714285714,0.6638350340136053,0.10356362162415592,461
0.002310323715209961,0.0006867198672032684,0.0031060695648193358,0.000666680223979497,0.2782559402207124,2000,balanced,10.0,linear,"{'C': np.float64(0.2782559402207124), 'cache_size': 2000, 'class_weight': 'balanced', 'gamma': np.float64(10.0), 'kernel': 'linear'}",0.7124999999999999,0.78125,0.5125,0.7414965986394557,0.5714285714285714,0.6638350340136053,0.10356362162415592,461
0.0021027565002441407,0.0005819837776335497,0.002413368225097656,0.0005028778023801188,16.68100537200059,2000,balanced,0.007742636826811269,rbf,"{'C': np.float64(16.68100537200059), 'cache_size': 2000, 'class_weight': 'balanced', 'gamma': np.float64(0.007742636826811269), 'kernel': 'rbf'}",0.7124999999999999,0.78125,0.5125,0.7414965986394557,0.5714285714285714,0.6638350340136053,0.10356362162415592,461
0.002302217483520508,0.0008722651083961741,0.0030069351196289062,0.000710603765259096,0.2782559402207124,2000,balanced,0.001,rbf,"{'C': np.float64(0.2782559402207124), 'cache_size': 2000, 'class_weight': 'balanced', 'gamma': np.float64(0.001), 'kernel': 'rbf'}",0.7124999999999999,0.78125,0.5125,0.7414965986394557,0.5714285714285714,0.6638350340136053,0.10356362162415592,461
0.0018914222717285156,0.0004574626538865169,0.002289295196533203,0.0002360665174259789,0.2782559402207124,2000,balanced,0.0027825594022071257,linear,"{'C': np.float64(0.2782559402207124), 'cache_size': 2000, 'class_weight': 'balanced', 'gamma': np.float64(0.0027825594022071257), 'kernel': 'linear'}",0.7124999999999999,0.78125,0.5125,0.7414965986394557,0.5714285714285714,0.6638350340136053,0.10356362162415592,461
0.0027019500732421873,0.0006016259243683473,0.0030071258544921873,0.0013868513386141952,16.68100537200059,2000,balanced,0.021544346900318832,sigmoid,"{'C': np.float64(16.68100537200059), 'cache_size': 2000, 'class_weight': 'balanced', 'gamma': np.float64(0.021544346900318832), 'kernel': 'sigmoid'}",0.7124999999999999,0.78125,0.5125,0.7414965986394557,0.5714285714285714,0.6638350340136053,0.10356362162415592,461
0.0018023014068603515,0.0006780588610000747,0.0026106834411621094,0.0005872274093638813,0.774263682681127,2000,balanced,0.0027825594022071257,sigmoid,"{'C': np.float64(0.774263682681127), 'cache_size': 2000, 'class_weight': 'balanced', 'gamma': np.float64(0.0027825594022071257), 'kernel': 'sigmoid'}",0.7124999999999999,0.78125,0.5125,0.7414965986394557,0.5714285714285714,0.6638350340136053,0.10356362162415592,461
0.002903127670288086,0.0005840761903448007,0.00240631103515625,0.0004871420871210148,0.774263682681127,2000,balanced,0.0027825594022071257,rbf,"{'C': np.float64(0.774263682681127), 'cache_size': 2000, 'class_weight': 'balanced', 'gamma': np.float64(0.0027825594022071257), 'kernel': 'rbf'}",0.7124999999999999,0.78125,0.5125,0.7414965986394557,0.5714285714285714,0.6638350340136053,0.10356362162415592,461
0.0017075538635253906,0.0004046023558896598,0.002167034149169922,0.0007576248822594138,0.774263682681127,2000,balanced,0.007742636826811269,rbf,"{'C': np.float64(0.774263682681127), 'cache_size': 2000, 'class_weight': 'balanced', 'gamma': np.float64(0.007742636826811269), 'kernel': 'rbf'}",0.7124999999999999,0.78125,0.5125,0.7414965986394557,0.5714285714285714,0.6638350340136053,0.10356362162415592,461
0.0023056507110595704,0.0004033162029967806,0.0038036823272705076,0.0009293853638549425,16.68100537200059,2000,balanced,0.007742636826811269,sigmoid,"{'C': np.float64(16.68100537200059), 'cache_size': 2000, 'class_weight': 'balanced', 'gamma': np.float64(0.007742636826811269), 'kernel': 'sigmoid'}",0.7124999999999999,0.78125,0.5125,0.7414965986394557,0.5714285714285714,0.6638350340136053,0.10356362162415592,461
0.005618095397949219,0.005114104928879928,0.005412101745605469,0.004881318961024736,46.41588833612777,2000,balanced,0.0027825594022071257,sigmoid,"{'C': np.float64(46.41588833612777), 'cache_size': 2000, 'class_weight': 'balanced', 'gamma': np.float64(0.0027825594022071257), 'kernel': 'sigmoid'}",0.7124999999999999,0.78125,0.5125,0.7414965986394557,0.5714285714285714,0.6638350340136053,0.10356362162415592,461
0.0016485691070556641,0.0005041508104190395,0.0016051292419433593,0.0004912608105470453,0.2782559402207124,2000,balanced,0.021544346900318832,sigmoid,"{'C': np.float64(0.2782559402207124), 'cache_size': 2000, 'class_weight': 'balanced', 'gamma': np.float64(0.021544346900318832), 'kernel': 'sigmoid'}",0.7124999999999999,0.78125,0.5125,0.7414965986394557,0.5714285714285714,0.6638350340136053,0.10356362162415592,461
0.002402210235595703,0.0012419737878266246,0.002106332778930664,0.00020712104660740934,5.994842503189409,2000,balanced,0.05994842503189409,sigmoid,"{'C': np.float64(5.994842503189409), 'cache_size': 2000, 'class_weight': 'balanced', 'gamma': np.float64(0.05994842503189409), 'kernel': 'sigmoid'}",0.7124999999999999,0.78125,0.5125,0.7414965986394557,0.5714285714285714,0.6638350340136053,0.10356362162415592,461
0.002406740188598633,0.0004960763086028833,0.0023015499114990234,0.00040059343658920693,0.774263682681127,2000,balanced,0.001,rbf,"{'C': np.float64(0.774263682681127), 'cache_size': 2000, 'class_weight': 'balanced', 'gamma': np.float64(0.001), 'kernel': 'rbf'}",0.7124999999999999,0.78125,0.5125,0.7414965986394557,0.5714285714285714,0.6638350340136053,0.10356362162415592,461
0.00270991325378418,0.0006764248026216553,0.002902650833129883,0.0009180883212569706,0.774263682681127,2000,balanced,0.001,sigmoid,"{'C': np.float64(0.774263682681127), 'cache_size': 2000, 'class_weight': 'balanced', 'gamma': np.float64(0.001), 'kernel': 'sigmoid'}",0.7124999999999999,0.78125,0.5125,0.7414965986394557,0.5714285714285714,0.6638350340136053,0.10356362162415592,461
0.0029058456420898438,0.001112636717035494,0.0036039352416992188,0.0016568099663793183,0.2782559402207124,2000,balanced,0.021544346900318832,linear,"{'C': np.float64(0.2782559402207124), 'cache_size': 2000, 'class_weight': 'balanced', 'gamma': np.float64(0.021544346900318832), 'kernel': 'linear'}",0.7124999999999999,0.78125,0.5125,0.7414965986394557,0.5714285714285714,0.6638350340136053,0.10356362162415592,461
0.0024089813232421875,0.000738782277064457,0.0024048328399658204,0.001022518128008899,0.2782559402207124,2000,balanced,0.0027825594022071257,sigmoid,"{'C': np.float64(0.2782559402207124), 'cache_size': 2000, 'class_weight': 'balanced', 'gamma': np.float64(0.0027825594022071257), 'kernel': 'sigmoid'}",0.7124999999999999,0.78125,0.5125,0.7414965986394557,0.5714285714285714,0.6638350340136053,0.10356362162415592,461
0.0036124229431152345,0.002517648196947775,0.002556896209716797,0.00039496501545800835,0.2782559402207124,2000,balanced,0.0027825594022071257,rbf,"{'C': np.float64(0.2782559402207124), 'cache_size': 2000, 'class_weight': 'balanced', 'gamma': np.float64(0.0027825594022071257), 'kernel': 'rbf'}",0.7124999999999999,0.78125,0.5125,0.7414965986394557,0.5714285714285714,0.6638350340136053,0.10356362162415592,461
0.0019684314727783205,0.0005229613006694982,0.0027990341186523438,0.0005183058036936655,0.2782559402207124,2000,balanced,0.007742636826811269,rbf,"{'C': np.float64(0.2782559402207124), 'cache_size': 2000, 'class_weight': 'balanced', 'gamma': np.float64(0.007742636826811269), 'kernel': 'rbf'}",0.7124999999999999,0.78125,0.5125,0.7414965986394557,0.5714285714285714,0.6638350340136053,0.10356362162415592,461
0.002201747894287109,0.000748341882887029,0.002315235137939453,0.00025759233182664164,0.2782559402207124,2000,balanced,0.007742636826811269,sigmoid,"{'C': np.float64(0.2782559402207124), 'cache_size': 2000, 'class_weight': 'balanced', 'gamma': np.float64(0.007742636826811269), 'kernel': 'sigmoid'}",0.7124999999999999,0.78125,0.5125,0.7414965986394557,0.5714285714285714,0.6638350340136053,0.10356362162415592,461
0.002316999435424805,0.0002594181888461646,0.0020015716552734377,1.1018962868014662e-06,0.2782559402207124,2000,balanced,0.46415888336127775,sigmoid,"{'C': np.float64(0.2782559402207124), 'cache_size': 2000, 'class_weight': 'balanced', 'gamma': np.float64(0.46415888336127775), 'kernel': 'sigmoid'}",0.7124999999999999,0.78125,0.5125,0.7414965986394557,0.5714285714285714,0.6638350340136053,0.10356362162415592,461
0.001904296875,0.0004915872520980221,0.0019028186798095703,0.0004912458930843299,0.2782559402207124,2000,balanced,1.2915496650148828,linear,"{'C': np.float64(0.2782559402207124), 'cache_size': 2000, 'class_weight': 'balanced', 'gamma': np.float64(1.2915496650148828), 'kernel': 'linear'}",0.7124999999999999,0.78125,0.5125,0.7414965986394557,0.5714285714285714,0.6638350340136053,0.10356362162415592,461
0.0036066055297851564,0.0011615786391870014,0.007214879989624024,0.004017421072658646,46.41588833612777,2000,balanced,0.007742636826811269,sigmoid,"{'C': np.float64(46.41588833612777), 'cache_size': 2000, 'class_weight': 'balanced', 'gamma': np.float64(0.007742636826811269), 'kernel': 'sigmoid'}",0.7124999999999999,0.78125,0.5125,0.7414965986394557,0.5714285714285714,0.6638350340136053,0.10356362162415592,461
0.003507041931152344,0.0020742507178009204,0.0034102439880371095,0.0012497591049741043,46.41588833612777,2000,balanced,0.007742636826811269,rbf,"{'C': np.float64(46.41588833612777), 'cache_size': 2000, 'class_weight': 'balanced', 'gamma': np.float64(0.007742636826811269), 'kernel': 'rbf'}",0.7124999999999999,0.78125,0.5125,0.7414965986394557,0.5714285714285714,0.6638350340136053,0.10356362162415592,461
0.0027033805847167967,0.0011664754979442856,0.002313709259033203,0.0004030483560882451,0.2782559402207124,2000,balanced,0.001,linear,"{'C': np.float64(0.2782559402207124), 'cache_size': 2000, 'class_weight': 'balanced', 'gamma': np.float64(0.001), 'kernel': 'linear'}",0.7124999999999999,0.78125,0.5125,0.7414965986394557,0.5714285714285714,0.6638350340136053,0.10356362162415592,461
0.0020026683807373045,0.0003168860933493966,0.00240473747253418,0.0007983428146350044,46.41588833612777,2000,balanced,0.001,rbf,"{'C': np.float64(46.41588833612777), 'cache_size': 2000, 'class_weight': 'balanced', 'gamma': np.float64(0.001), 'kernel': 'rbf'}",0.7124999999999999,0.78125,0.5125,0.7414965986394557,0.5714285714285714,0.6638350340136053,0.10356362162415592,461
0.0024018287658691406,0.000582130860632876,0.005512762069702149,0.003579921645255801,46.41588833612777,2000,balanced,0.0027825594022071257,rbf,"{'C': np.float64(46.41588833612777), 'cache_size': 2000, 'class_weight': 'balanced', 'gamma': np.float64(0.0027825594022071257), 'kernel': 'rbf'}",0.7124999999999999,0.78125,0.5125,0.7414965986394557,0.5714285714285714,0.6638350340136053,0.10356362162415592,461
0.004906845092773437,0.0038018523932404117,0.0016019821166992187,0.0003740278693241931,46.41588833612777,2000,balanced,0.001,sigmoid,"{'C': np.float64(46.41588833612777), 'cache_size': 2000, 'class_weight': 'balanced', 'gamma': np.float64(0.001), 'kernel': 'sigmoid'}",0.7124999999999999,0.78125,0.5125,0.7414965986394557,0.5714285714285714,0.6638350340136053,0.10356362162415592,461
0.0019016265869140625,0.0009157842658074691,0.0027065277099609375,0.00039262138636788957,0.2782559402207124,2000,balanced,0.007742636826811269,linear,"{'C': np.float64(0.2782559402207124), 'cache_size': 2000, 'class_weight': 'balanced', 'gamma': np.float64(0.007742636826811269), 'kernel': 'linear'}",0.7124999999999999,0.78125,0.5125,0.7414965986394557,0.5714285714285714,0.6638350340136053,0.10356362162415592,461
0.0019053936004638672,0.0004920285154687053,0.0023056507110595704,0.00040171971559695385,0.2782559402207124,2000,balanced,0.1668100537200059,linear,"{'C': np.float64(0.2782559402207124), 'cache_size': 2000, 'class_weight': 'balanced', 'gamma': np.float64(0.1668100537200059), 'kernel': 'linear'}",0.7124999999999999,0.78125,0.5125,0.7414965986394557,0.5714285714285714,0.6638350340136053,0.10356362162415592,461
0.0022021770477294923,0.0012092522698432884,0.002205228805541992,0.00039747286394321466,0.2782559402207124,2000,balanced,3.593813663804626,linear,"{'C': np.float64(0.2782559402207124), 'cache_size': 2000, 'class_weight': 'balanced', 'gamma': np.float64(3.593813663804626), 'kernel': 'linear'}",0.7124999999999999,0.78125,0.5125,0.7414965986394557,0.5714285714285714,0.6638350340136053,0.10356362162415592,461
0.002365303039550781,0.0006232638227298166,0.0022027015686035155,0.0005096336725341926,0.1,2000,balanced,3.593813663804626,linear,"{'C': np.float64(0.1), 'cache_size': 2000, 'class_weight': 'balanced', 'gamma': np.float64(3.593813663804626), 'kernel': 'linear'}",0.7124999999999999,0.78125,0.5125,0.7414965986394557,0.5714285714285714,0.6638350340136053,0.10356362162415592,461
0.003809356689453125,0.0012095693286418303,0.0021028041839599608,0.00020244735769780052,359.38136638046257,2000,balanced,0.001,rbf,"{'C': np.float64(359.38136638046257), 'cache_size': 2000, 'class_weight': 'balanced', 'gamma': np.float64(0.001), 'kernel': 'rbf'}",0.7124999999999999,0.78125,0.5125,0.7414965986394557,0.5714285714285714,0.6638350340136053,0.10356362162415592,461
0.0022048473358154295,0.0002505333195625575,0.0023138999938964845,0.0004070828219266009,359.38136638046257,2000,balanced,0.001,sigmoid,"{'C': np.float64(359.38136638046257), 'cache_size': 2000, 'class_weight': 'balanced', 'gamma': np.float64(0.001), 'kernel': 'sigmoid'}",0.7124999999999999,0.78125,0.5125,0.7414965986394557,0.5714285714285714,0.6638350340136053,0.10356362162415592,461
0.0015499114990234375,0.0004005904794233793,0.0017150402069091796,0.00038573210149832435,5.994842503189409,2000,balanced,0.021544346900318832,sigmoid,"{'C': np.float64(5.994842503189409), 'cache_size': 2000, 'class_weight': 'balanced', 'gamma': np.float64(0.021544346900318832), 'kernel': 'sigmoid'}",0.7124999999999999,0.78125,0.5125,0.7414965986394557,0.5714285714285714,0.6638350340136053,0.10356362162415592,461
0.0025002002716064454,0.0007106077905019608,0.0021684646606445314,0.0006691299787463318,0.2782559402207124,2000,balanced,0.001,sigmoid,"{'C': np.float64(0.2782559402207124), 'cache_size': 2000, 'class_weight': 'balanced', 'gamma': np.float64(0.001), 'kernel': 'sigmoid'}",0.7124999999999999,0.78125,0.5125,0.7414965986394557,0.5714285714285714,0.6638350340136053,0.10356362162415592,461
0.0030050754547119142,0.0015488168970917168,0.00440683364868164,0.002036074539996345,16.68100537200059,2000,balanced,0.001,rbf,"{'C': np.float64(16.68100537200059), 'cache_size': 2000, 'class_weight': 'balanced', 'gamma': np.float64(0.001), 'kernel': 'rbf'}",0.7124999999999999,0.78125,0.5125,0.7414965986394557,0.5714285714285714,0.6638350340136053,0.10356362162415592,461
0.0026046276092529298,0.0004919871359665205,0.0039040565490722655,0.0023563279917385204,16.68100537200059,2000,balanced,0.001,sigmoid,"{'C': np.float64(16.68100537200059), 'cache_size': 2000, 'class_weight': 'balanced', 'gamma': np.float64(0.001), 'kernel': 'sigmoid'}",0.7124999999999999,0.78125,0.5125,0.7414965986394557,0.5714285714285714,0.6638350340136053,0.10356362162415592,461
0.0036149024963378906,0.0027235868660702464,0.003303670883178711,0.0006795487397698023,16.68100537200059,2000,balanced,0.0027825594022071257,rbf,"{'C': np.float64(16.68100537200059), 'cache_size': 2000, 'class_weight': 'balanced', 'gamma': np.float64(0.0027825594022071257), 'kernel': 'rbf'}",0.7124999999999999,0.78125,0.5125,0.7414965986394557,0.5714285714285714,0.6638350340136053,0.10356362162415592,461
0.004807424545288086,0.0036663703524005414,0.003206205368041992,0.0015004937205591754,16.68100537200059,2000,balanced,0.0027825594022071257,sigmoid,"{'C': np.float64(16.68100537200059), 'cache_size': 2000, 'class_weight': 'balanced', 'gamma': np.float64(0.0027825594022071257), 'kernel': 'sigmoid'}",0.7124999999999999,0.78125,0.5125,0.7414965986394557,0.5714285714285714,0.6638350340136053,0.10356362162415592,461
0.0020813941955566406,0.00015319487425058083,0.0019872188568115234,0.0005477400437020548,5.994842503189409,2000,balanced,0.0027825594022071257,sigmoid,"{'C': np.float64(5.994842503189409), 'cache_size': 2000, 'class_weight': 'balanced', 'gamma': np.float64(0.0027825594022071257), 'kernel': 'sigmoid'}",0.7124999999999999,0.78125,0.5125,0.7414965986394557,0.5714285714285714,0.6638350340136053,0.10356362162415592,461
0.0026049137115478514,0.00079870203217461,0.0022147178649902345,0.0002619794467361992,5.994842503189409,2000,balanced,0.0027825594022071257,rbf,"{'C': np.float64(5.994842503189409), 'cache_size': 2000, 'class_weight': 'balanced', 'gamma': np.float64(0.0027825594022071257), 'kernel': 'rbf'}",0.7124999999999999,0.78125,0.5125,0.7414965986394557,0.5714285714285714,0.6638350340136053,0.10356362162415592,461
0.0017303943634033204,0.0003576759433222929,0.0022117137908935548,0.0007591756217774361,2.1544346900318834,2000,balanced,0.001,rbf,"{'C': np.float64(2.1544346900318834), 'cache_size': 2000, 'class_weight': 'balanced', 'gamma': np.float64(0.001), 'kernel': 'rbf'}",0.7124999999999999,0.78125,0.5125,0.7414965986394557,0.5714285714285714,0.6638350340136053,0.10356362162415592,461
0.003106212615966797,0.0013550467756168688,0.0022057533264160157,0.0002508661362139495,2.1544346900318834,2000,balanced,0.001,sigmoid,"{'C': np.float64(2.1544346900318834), 'cache_size': 2000, 'class_weight': 'balanced', 'gamma': np.float64(0.001), 'kernel': 'sigmoid'}",0.7124999999999999,0.78125,0.5125,0.7414965986394557,0.5714285714285714,0.6638350340136053,0.10356362162415592,461
0.002905130386352539,0.0004844941718946974,0.002304363250732422,0.0006017127101875109,0.1,2000,balanced,0.46415888336127775,sigmoid,"{'C': np.float64(0.1), 'cache_size': 2000, 'class_weight': 'balanced', 'gamma': np.float64(0.46415888336127775), 'kernel': 'sigmoid'}",0.7124999999999999,0.78125,0.5125,0.7414965986394557,0.5714285714285714,0.6638350340136053,0.10356362162415592,461
0.001701498031616211,0.0007486414696420587,0.0029343128204345702,0.0005651458549671512,0.1,2000,balanced,0.46415888336127775,linear,"{'C': np.float64(0.1), 'cache_size': 2000, 'class_weight': 'balanced', 'gamma': np.float64(0.46415888336127775), 'kernel': 'linear'}",0.7124999999999999,0.78125,0.5125,0.7414965986394557,0.5714285714285714,0.6638350340136053,0.10356362162415592,461
0.002573251724243164,0.0005925932800442318,0.0020713329315185545,0.00014212134499974312,0.1,2000,balanced,0.05994842503189409,sigmoid,"{'C': np.float64(0.1), 'cache_size': 2000, 'class_weight': 'balanced', 'gamma': np.float64(0.05994842503189409), 'kernel': 'sigmoid'}",0.7124999999999999,0.78125,0.5125,0.7414965986394557,0.5714285714285714,0.6638350340136053,0.10356362162415592,461
0.0023056507110595704,0.0003975219140582815,0.0017022132873535157,0.00040041605316041776,0.1,2000,balanced,0.001,sigmoid,"{'C': np.float64(0.1), 'cache_size': 2000, 'class_weight': 'balanced', 'gamma': np.float64(0.001), 'kernel': 'sigmoid'}",0.7124999999999999,0.78125,0.5125,0.7414965986394557,0.5714285714285714,0.6638350340136053,0.10356362162415592,461
0.002302074432373047,0.00040115229527347765,0.003105497360229492,0.0008017936009099961,0.1,2000,balanced,0.0027825594022071257,linear,"{'C': np.float64(0.1), 'cache_size': 2000, 'class_weight': 'balanced', 'gamma': np.float64(0.0027825594022071257), 'kernel': 'linear'}",0.7124999999999999,0.78125,0.5125,0.7414965986394557,0.5714285714285714,0.6638350340136053,0.10356362162415592,461
0.004310894012451172,0.003148378839220682,0.0036043167114257813,0.0005863170501203516,0.1,2000,balanced,0.0027825594022071257,rbf,"{'C': np.float64(0.1), 'cache_size': 2000, 'class_weight': 'balanced', 'gamma': np.float64(0.0027825594022071257), 'kernel': 'rbf'}",0.7124999999999999,0.78125,0.5125,0.7414965986394557,0.5714285714285714,0.6638350340136053,0.10356362162415592,461
0.0020018577575683593,2.0038510693979927e-06,0.002706098556518555,0.00024063526597773975,2.1544346900318834,2000,balanced,0.0027825594022071257,rbf,"{'C': np.float64(2.1544346900318834), 'cache_size': 2000, 'class_weight': 'balanced', 'gamma': np.float64(0.0027825594022071257), 'kernel': 'rbf'}",0.7124999999999999,0.78125,0.5125,0.7414965986394557,0.5714285714285714,0.6638350340136053,0.10356362162415592,461
0.002506065368652344,0.0003217969539737388,0.0027033329010009766,0.0007487713421148195,0.1,2000,balanced,1.2915496650148828,linear,"{'C': np.float64(0.1), 'cache_size': 2000, 'class_weight': 'balanced', 'gamma': np.float64(1.2915496650148828), 'kernel': 'linear'}",0.7124999999999999,0.78125,0.5125,0.7414965986394557,0.5714285714285714,0.6638350340136053,0.10356362162415592,461
0.002707052230834961,0.0005174814794864248,0.002506446838378906,0.0004527582100260665,5.994842503189409,2000,balanced,0.007742636826811269,rbf,"{'C': np.float64(5.994842503189409), 'cache_size': 2000, 'class_weight': 'balanced', 'gamma': np.float64(0.007742636826811269), 'kernel': 'rbf'}",0.7124999999999999,0.78125,0.5125,0.7414965986394557,0.5714285714285714,0.6638350340136053,0.10356362162415592,461
0.002201557159423828,0.0004005437521703814,0.0020056247711181642,0.00032087344246878264,5.994842503189409,2000,balanced,0.007742636826811269,sigmoid,"{'C': np.float64(5.994842503189409), 'cache_size': 2000, 'class_weight': 'balanced', 'gamma': np.float64(0.007742636826811269), 'kernel': 'sigmoid'}",0.7124999999999999,0.78125,0.5125,0.7414965986394557,0.5714285714285714,0.6638350340136053,0.10356362162415592,461
0.0020018100738525392,0.000316134671349435,0.003206634521484375,0.0006782346686465945,0.774263682681127,2000,balanced,0.021544346900318832,sigmoid,"{'C': np.float64(0.774263682681127), 'cache_size': 2000, 'class_weight': 'balanced', 'gamma': np.float64(0.021544346900318832), 'kernel': 'sigmoid'}",0.7124999999999999,0.78125,0.5125,0.7414965986394557,0.5714285714285714,0.6638350340136053,0.10356362162415592,461
0.0026025295257568358,0.0005834077863091143,0.002810382843017578,0.0006810785599120992,0.774263682681127,2000,balanced,0.007742636826811269,sigmoid,"{'C': np.float64(0.774263682681127), 'cache_size': 2000, 'class_weight': 'balanced', 'gamma': np.float64(0.007742636826811269), 'kernel': 'sigmoid'}",0.7124999999999999,0.78125,0.5125,0.7414965986394557,0.5714285714285714,0.6638350340136053,0.10356362162415592,461
0.0022014617919921876,0.0009804652388816337,0.002006340026855469,0.00032163553176201503,5.994842503189409,2000,balanced,0.001,sigmoid,"{'C': np.float64(5.994842503189409), 'cache_size': 2000, 'class_weight': 'balanced', 'gamma': np.float64(0.001), 'kernel': 'sigmoid'}",0.7124999999999999,0.78125,0.5125,0.7414965986394557,0.5714285714285714,0.6638350340136053,0.10356362162415592,461
0.002001190185546875,0.0006327121616530561,0.003314495086669922,0.0008170740297860448,5.994842503189409,2000,balanced,0.001,rbf,"{'C': np.float64(5.994842503189409), 'cache_size': 2000, 'class_weight': 'balanced', 'gamma': np.float64(0.001), 'kernel': 'rbf'}",0.7124999999999999,0.78125,0.5125,0.7414965986394557,0.5714285714285714,0.6638350340136053,0.10356362162415592,461
0.002202558517456055,0.0006794923046175916,0.0025087833404541016,0.0006370588262487163,2.1544346900318834,2000,balanced,0.46415888336127775,sigmoid,"{'C': np.float64(2.1544346900318834), 'cache_size': 2000, 'class_weight': 'balanced', 'gamma': np.float64(0.46415888336127775), 'kernel': 'sigmoid'}",0.70625,0.78125,0.525,0.7346938775510203,0.5714285714285714,0.6637244897959184,0.0984076614716466,547
0.002206230163574219,0.0005120949053679691,0.002606630325317383,0.000734983561401487,0.1,2000,"{1: 2, 0: 1}",1.2915496650148828,rbf,"{'C': np.float64(0.1), 'cache_size': 2000, 'class_weight': {1: 2, 0: 1}, 'gamma': np.float64(1.2915496650148828), 'kernel': 'rbf'}",0.64375,0.775,0.66875,0.7482993197278913,0.47857142857142854,0.6628741496598641,0.10415125319811006,548
0.0024132728576660156,0.0005907377535290606,0.002364063262939453,0.0003823956814848859,0.774263682681127,2000,balanced,3.593813663804626,rbf,"{'C': np.float64(0.774263682681127), 'cache_size': 2000, 'class_weight': 'balanced', 'gamma': np.float64(3.593813663804626), 'kernel': 'rbf'}",0.6625,0.8500000000000001,0.5437500000000001,0.7074829931972788,0.55,0.6627465986394558,0.11308158835331376,549
0.0017020702362060547,0.0003997175755821528,0.0021018505096435545,0.0004898935108871966,0.774263682681127,2000,balanced,0.001,linear,"{'C': np.float64(0.774263682681127), 'cache_size': 2000, 'class_weight': 'balanced', 'gamma': np.float64(0.001), 'kernel': 'linear'}",0.7124999999999999,0.78125,0.5062500000000001,0.7414965986394557,0.5714285714285714,0.6625850340136055,0.10540403839011739,550
0.002201414108276367,0.0007483673318103977,0.0027118682861328124,0.0009338195318243738,0.774263682681127,2000,balanced,0.46415888336127775,linear,"{'C': np.float64(0.774263682681127), 'cache_size': 2000, 'class_weight': 'balanced', 'gamma': np.float64(0.46415888336127775), 'kernel': 'linear'}",0.7124999999999999,0.78125,0.5062500000000001,0.7414965986394557,0.5714285714285714,0.6625850340136055,0.10540403839011739,550
0.0019020557403564454,0.00019882310699040676,0.0023049831390380858,0.00040678101249461406,0.774263682681127,2000,balanced,1.2915496650148828,linear,"{'C': np.float64(0.774263682681127), 'cache_size': 2000, 'class_weight': 'balanced', 'gamma': np.float64(1.2915496650148828), 'kernel': 'linear'}",0.7124999999999999,0.78125,0.5062500000000001,0.7414965986394557,0.5714285714285714,0.6625850340136055,0.10540403839011739,550
0.0019054889678955078,0.0004955343827274221,0.001921367645263672,0.0004966805835895733,0.774263682681127,2000,balanced,3.593813663804626,linear,"{'C': np.float64(0.774263682681127), 'cache_size': 2000, 'class_weight': 'balanced', 'gamma': np.float64(3.593813663804626), 'kernel': 'linear'}",0.7124999999999999,0.78125,0.5062500000000001,0.7414965986394557,0.5714285714285714,0.6625850340136055,0.10540403839011739,550
0.0022058010101318358,0.0006851525500571721,0.0026017189025878905,0.0008001228281890278,0.774263682681127,2000,balanced,10.0,linear,"{'C': np.float64(0.774263682681127), 'cache_size': 2000, 'class_weight': 'balanced', 'gamma': np.float64(10.0), 'kernel': 'linear'}",0.7124999999999999,0.78125,0.5062500000000001,0.7414965986394557,0.5714285714285714,0.6625850340136055,0.10540403839011739,550
0.0018043041229248047,0.0004021487923859418,0.002507591247558594,0.000315699244264858,0.774263682681127,2000,balanced,0.1668100537200059,linear,"{'C': np.float64(0.774263682681127), 'cache_size': 2000, 'class_weight': 'balanced', 'gamma': np.float64(0.1668100537200059), 'kernel': 'linear'}",0.7124999999999999,0.78125,0.5062500000000001,0.7414965986394557,0.5714285714285714,0.6625850340136055,0.10540403839011739,550
0.0021085739135742188,0.0004949377677294295,0.0030029773712158202,0.0007077319138427098,0.774263682681127,2000,balanced,0.05994842503189409,linear,"{'C': np.float64(0.774263682681127), 'cache_size': 2000, 'class_weight': 'balanced', 'gamma': np.float64(0.05994842503189409), 'kernel': 'linear'}",0.7124999999999999,0.78125,0.5062500000000001,0.7414965986394557,0.5714285714285714,0.6625850340136055,0.10540403839011739,550
0.0021015167236328124,0.00020189302171457727,0.002505636215209961,0.0010085833480417488,0.774263682681127,2000,balanced,0.0027825594022071257,linear,"{'C': np.float64(0.774263682681127), 'cache_size': 2000, 'class_weight': 'balanced', 'gamma': np.float64(0.0027825594022071257), 'kernel': 'linear'}",0.7124999999999999,0.78125,0.5062500000000001,0.7414965986394557,0.5714285714285714,0.6625850340136055,0.10540403839011739,550
0.0025224685668945312,0.0007704411887187026,0.002007198333740234,0.0007072054570108121,0.774263682681127,2000,balanced,0.007742636826811269,linear,"{'C': np.float64(0.774263682681127), 'cache_size': 2000, 'class_weight': 'balanced', 'gamma': np.float64(0.007742636826811269), 'kernel': 'linear'}",0.7124999999999999,0.78125,0.5062500000000001,0.7414965986394557,0.5714285714285714,0.6625850340136055,0.10540403839011739,550
0.0025052547454833983,0.0006391712172896603,0.002302122116088867,0.00040028931313456604,0.774263682681127,2000,balanced,0.021544346900318832,linear,"{'C': np.float64(0.774263682681127), 'cache_size': 2000, 'class_weight': 'balanced', 'gamma': np.float64(0.021544346900318832), 'kernel': 'linear'}",0.7124999999999999,0.78125,0.5062500000000001,0.7414965986394557,0.5714285714285714,0.6625850340136055,0.10540403839011739,550
0.0036079883575439453,0.0014686346826240744,0.0036081790924072264,0.0019369296014936522,46.41588833612777,2000,balanced,0.46415888336127775,poly,"{'C': np.float64(46.41588833612777), 'cache_size': 2000, 'class_weight': 'balanced', 'gamma': np.float64(0.46415888336127775), 'kernel': 'poly'}",0.6812499999999999,0.78125,0.5375,0.7482993197278912,0.5642857142857143,0.6625170068027211,0.09704194220849,560
0.004713678359985351,0.005938735516208442,0.003412771224975586,0.0011174025118676067,5.994842503189409,2000,balanced,0.021544346900318832,rbf,"{'C': np.float64(5.994842503189409), 'cache_size': 2000, 'class_weight': 'balanced', 'gamma': np.float64(0.021544346900318832), 'kernel': 'rbf'}",0.7124999999999999,0.78125,0.5125,0.7346938775510203,0.5714285714285714,0.6624744897959183,0.10257438306325803,561
0.002002048492431641,0.000707125541167768,0.003111743927001953,0.0014408829508658334,0.774263682681127,2000,balanced,0.021544346900318832,rbf,"{'C': np.float64(0.774263682681127), 'cache_size': 2000, 'class_weight': 'balanced', 'gamma': np.float64(0.021544346900318832), 'kernel': 'rbf'}",0.7124999999999999,0.78125,0.5125,0.7346938775510203,0.5714285714285714,0.6624744897959183,0.10257438306325803,561
0.00310664176940918,0.0006656273104503283,0.0020021438598632813,0.0007071250620634627,0.1,2000,balanced,1.2915496650148828,sigmoid,"{'C': np.float64(0.1), 'cache_size': 2000, 'class_weight': 'balanced', 'gamma': np.float64(1.2915496650148828), 'kernel': 'sigmoid'}",0.7124999999999999,0.78125,0.5125,0.7346938775510203,0.5714285714285714,0.6624744897959183,0.10257438306325803,561
0.001800537109375,0.00039970892918415093,0.0033112525939941405,0.0011281943139818916,0.1,2000,balanced,0.021544346900318832,rbf,"{'C': np.float64(0.1), 'cache_size': 2000, 'class_weight': 'balanced', 'gamma': np.float64(0.021544346900318832), 'kernel': 'rbf'}",0.7124999999999999,0.78125,0.5125,0.7346938775510203,0.5714285714285714,0.6624744897959183,0.10257438306325803,561
0.0018268108367919921,0.0003483537897892593,0.0024057865142822266,0.0007409230822803891,2.1544346900318834,2000,balanced,0.021544346900318832,rbf,"{'C': np.float64(2.1544346900318834), 'cache_size': 2000, 'class_weight': 'balanced', 'gamma': np.float64(0.021544346900318832), 'kernel': 'rbf'}",0.7124999999999999,0.78125,0.5125,0.7346938775510203,0.5714285714285714,0.6624744897959183,0.10257438306325803,561
0.0026031970977783204,0.0003726003418378215,0.0036108970642089845,0.0020931710495605093,16.68100537200059,2000,balanced,0.021544346900318832,rbf,"{'C': np.float64(16.68100537200059), 'cache_size': 2000, 'class_weight': 'balanced', 'gamma': np.float64(0.021544346900318832), 'kernel': 'rbf'}",0.7124999999999999,0.78125,0.5125,0.7346938775510203,0.5714285714285714,0.6624744897959183,0.10257438306325803,561
0.0020052433013916016,0.0003163439053558591,0.0024085044860839844,0.0004837035991792045,0.2782559402207124,2000,balanced,0.021544346900318832,rbf,"{'C': np.float64(0.2782559402207124), 'cache_size': 2000, 'class_weight': 'balanced', 'gamma': np.float64(0.021544346900318832), 'kernel': 'rbf'}",0.7124999999999999,0.78125,0.5125,0.7346938775510203,0.5714285714285714,0.6624744897959183,0.10257438306325803,561
0.0018027782440185546,0.0005104948020531033,0.0023050308227539062,0.0006027087001865192,0.2782559402207124,2000,balanced,1.2915496650148828,sigmoid,"{'C': np.float64(0.2782559402207124), 'cache_size': 2000, 'class_weight': 'balanced', 'gamma': np.float64(1.2915496650148828), 'kernel': 'sigmoid'}",0.7124999999999999,0.78125,0.5125,0.7346938775510203,0.5714285714285714,0.6624744897959183,0.10257438306325803,561
0.0017023086547851562,0.0008732417054573008,0.003402853012084961,0.0012419556541693863,0.2782559402207124,2000,"{1: 3.5, 0: 1}",3.593813663804626,rbf,"{'C': np.float64(0.2782559402207124), 'cache_size': 2000, 'class_weight': {1: 3.5, 0: 1}, 'gamma': np.float64(3.593813663804626), 'kernel': 'rbf'}",0.6312500000000001,0.875,0.5125,0.7142857142857142,0.5785714285714286,0.6623214285714286,0.12518659542247082,569
0.001901388168334961,0.0006635806791339828,0.002306079864501953,0.00040774686950441504,0.1,2000,"{1: 3.5, 0: 1}",3.593813663804626,rbf,"{'C': np.float64(0.1), 'cache_size': 2000, 'class_weight': {1: 3.5, 0: 1}, 'gamma': np.float64(3.593813663804626), 'kernel': 'rbf'}",0.6312500000000001,0.875,0.5125,0.7142857142857142,0.5785714285714286,0.6623214285714286,0.12518659542247082,569
0.002201366424560547,0.0014704184575863744,0.0033069610595703124,0.0011211108512787214,0.774263682681127,2000,"{1: 3.5, 0: 1}",3.593813663804626,rbf,"{'C': np.float64(0.774263682681127), 'cache_size': 2000, 'class_weight': {1: 3.5, 0: 1}, 'gamma': np.float64(3.593813663804626), 'kernel': 'rbf'}",0.6312500000000001,0.875,0.5125,0.7142857142857142,0.5785714285714286,0.6623214285714286,0.12518659542247082,569
0.0019011497497558594,0.0004909051859922352,0.002617645263671875,0.0006039232007888665,0.2782559402207124,2000,balanced,3.593813663804626,rbf,"{'C': np.float64(0.2782559402207124), 'cache_size': 2000, 'class_weight': 'balanced', 'gamma': np.float64(3.593813663804626), 'kernel': 'rbf'}",0.66875,0.8187500000000001,0.5375,0.7006802721088435,0.5857142857142857,0.6622789115646259,0.09739780253803618,572
0.0020369529724121095,6.0407683988660496e-05,0.002301740646362305,0.0004003927084313244,0.1,2000,balanced,3.593813663804626,rbf,"{'C': np.float64(0.1), 'cache_size': 2000, 'class_weight': 'balanced', 'gamma': np.float64(3.593813663804626), 'kernel': 'rbf'}",0.66875,0.8187500000000001,0.5375,0.7006802721088435,0.5857142857142857,0.6622789115646259,0.09739780253803618,572
0.0015012741088867188,0.00044739652370599846,0.0028178215026855467,0.000662399079326142,359.38136638046257,2000,"{1: 2, 0: 1}",0.0027825594022071257,rbf,"{'C': np.float64(359.38136638046257), 'cache_size': 2000, 'class_weight': {1: 2, 0: 1}, 'gamma': np.float64(0.0027825594022071257), 'kernel': 'rbf'}",0.70625,0.76875,0.65,0.7619047619047619,0.4214285714285714,0.6616666666666666,0.12755598232979087,574
0.0018015384674072265,0.000748405609906655,0.0030065536499023437,0.0007098036010414338,1000.0,2000,"{1: 2, 0: 1}",0.001,rbf,"{'C': np.float64(1000.0), 'cache_size': 2000, 'class_weight': {1: 2, 0: 1}, 'gamma': np.float64(0.001), 'kernel': 'rbf'}",0.70625,0.76875,0.65,0.7619047619047619,0.4214285714285714,0.6616666666666666,0.12755598232979087,574
0.0018009662628173829,0.0007490803125192597,0.0030148983001708984,0.0009582453804565184,129.15496650148827,2000,"{1: 2, 0: 1}",0.007742636826811269,rbf,"{'C': np.float64(129.15496650148827), 'cache_size': 2000, 'class_weight': {1: 2, 0: 1}, 'gamma': np.float64(0.007742636826811269), 'kernel': 'rbf'}",0.70625,0.76875,0.65,0.7619047619047619,0.4214285714285714,0.6616666666666666,0.12755598232979087,574
0.0019020557403564454,0.0004888069640120764,0.0021489620208740234,0.0006975036093737178,0.774263682681127,2000,"{1: 3.5, 0: 1}",10.0,sigmoid,"{'C': np.float64(0.774263682681127), 'cache_size': 2000, 'class_weight': {1: 3.5, 0: 1}, 'gamma': np.float64(10.0), 'kernel': 'sigmoid'}",0.725,0.725,0.5875,0.727891156462585,0.5428571428571429,0.6616496598639456,0.08003037075646399,577
0.002378559112548828,0.00035814827883762007,0.005615234375,0.006305536600549576,0.2782559402207124,2000,balanced,0.1668100537200059,rbf,"{'C': np.float64(0.2782559402207124), 'cache_size': 2000, 'class_weight': 'balanced', 'gamma': np.float64(0.1668100537200059), 'kernel': 'rbf'}",0.70625,0.7875,0.5062500000000001,0.7346938775510203,0.5714285714285714,0.6612244897959183,0.10530997239244623,578
0.002105855941772461,0.0002083160474632509,0.0023016929626464844,0.0004010810250046148,5.994842503189409,2000,balanced,0.05994842503189409,rbf,"{'C': np.float64(5.994842503189409), 'cache_size': 2000, 'class_weight': 'balanced', 'gamma': np.float64(0.05994842503189409), 'kernel': 'rbf'}",0.70625,0.78125,0.5125,0.7346938775510203,0.5714285714285714,0.6612244897959183,0.10199357962782656,578
0.002101421356201172,0.00020134524525375978,0.002411937713623047,0.0003767498987041044,0.2782559402207124,2000,balanced,0.05994842503189409,rbf,"{'C': np.float64(0.2782559402207124), 'cache_size': 2000, 'class_weight': 'balanced', 'gamma': np.float64(0.05994842503189409), 'kernel': 'rbf'}",0.70625,0.78125,0.5125,0.7346938775510203,0.5714285714285714,0.6612244897959183,0.10199357962782656,578
0.0027091503143310547,0.0013298283240609891,0.002401399612426758,0.0007996331725187903,2.1544346900318834,2000,balanced,0.1668100537200059,rbf,"{'C': np.float64(2.1544346900318834), 'cache_size': 2000, 'class_weight': 'balanced', 'gamma': np.float64(0.1668100537200059), 'kernel': 'rbf'}",0.70625,0.7875,0.5062500000000001,0.7346938775510203,0.5714285714285714,0.6612244897959183,0.10530997239244623,578
0.0024260997772216795,0.0003837407105133531,0.00230255126953125,0.00040174872209010245,0.1,2000,balanced,0.1668100537200059,rbf,"{'C': np.float64(0.1), 'cache_size': 2000, 'class_weight': 'balanced', 'gamma': np.float64(0.1668100537200059), 'kernel': 'rbf'}",0.70625,0.7875,0.5062500000000001,0.7346938775510203,0.5714285714285714,0.6612244897959183,0.10530997239244623,578
0.002402496337890625,0.0005846978011634438,0.005415678024291992,0.0031912122842637737,0.1,2000,balanced,0.05994842503189409,rbf,"{'C': np.float64(0.1), 'cache_size': 2000, 'class_weight': 'balanced', 'gamma': np.float64(0.05994842503189409), 'kernel': 'rbf'}",0.70625,0.78125,0.5125,0.7346938775510203,0.5714285714285714,0.6612244897959183,0.10199357962782656,578
0.002605772018432617,0.00037275579722207856,0.002903175354003906,0.0013589906474917321,2.1544346900318834,2000,balanced,0.05994842503189409,rbf,"{'C': np.float64(2.1544346900318834), 'cache_size': 2000, 'class_weight': 'balanced', 'gamma': np.float64(0.05994842503189409), 'kernel': 'rbf'}",0.70625,0.78125,0.5125,0.7346938775510203,0.5714285714285714,0.6612244897959183,0.10199357962782656,578
0.002206230163574219,0.0002504871296461117,0.0022016048431396486,0.0003999273754345445,0.774263682681127,2000,balanced,0.05994842503189409,rbf,"{'C': np.float64(0.774263682681127), 'cache_size': 2000, 'class_weight': 'balanced', 'gamma': np.float64(0.05994842503189409), 'kernel': 'rbf'}",0.70625,0.78125,0.5125,0.7346938775510203,0.5714285714285714,0.6612244897959183,0.10199357962782656,578
0.002609586715698242,0.0008610031587112771,0.0020150184631347657,0.0007288010948329318,0.774263682681127,2000,balanced,0.1668100537200059,rbf,"{'C': np.float64(0.774263682681127), 'cache_size': 2000, 'class_weight': 'balanced', 'gamma': np.float64(0.1668100537200059), 'kernel': 'rbf'}",0.70625,0.7875,0.5062500000000001,0.7346938775510203,0.5714285714285714,0.6612244897959183,0.10530997239244623,578
0.002206087112426758,0.000244089816066545,0.002605104446411133,0.0007976046550388281,0.1,2000,balanced,3.593813663804626,sigmoid,"{'C': np.float64(0.1), 'cache_size': 2000, 'class_weight': 'balanced', 'gamma': np.float64(3.593813663804626), 'kernel': 'sigmoid'}",0.70625,0.78125,0.5125,0.7346938775510203,0.5714285714285714,0.6612244897959183,0.10199357962782656,578
0.0025024890899658205,0.0020527785353195533,0.0023101329803466796,0.0004057350358910913,0.2782559402207124,2000,balanced,3.593813663804626,sigmoid,"{'C': np.float64(0.2782559402207124), 'cache_size': 2000, 'class_weight': 'balanced', 'gamma': np.float64(3.593813663804626), 'kernel': 'sigmoid'}",0.70625,0.78125,0.5125,0.7346938775510203,0.5714285714285714,0.6612244897959183,0.10199357962782656,578
0.0020357608795166016,6.154961138043725e-05,0.0023038387298583984,0.00024693872136260185,0.1,2000,balanced,3.593813663804626,poly,"{'C': np.float64(0.1), 'cache_size': 2000, 'class_weight': 'balanced', 'gamma': np.float64(3.593813663804626), 'kernel': 'poly'}",0.6812499999999999,0.78125,0.5375,0.7482993197278912,0.5571428571428572,0.6610884353741497,0.09851884412976489,589
0.0065096855163574215,0.008766128665562015,0.002305412292480469,0.0006092077318247303,2.1544346900318834,2000,balanced,1.2915496650148828,poly,"{'C': np.float64(2.1544346900318834), 'cache_size': 2000, 'class_weight': 'balanced', 'gamma': np.float64(1.2915496650148828), 'kernel': 'poly'}",0.6812499999999999,0.78125,0.5375,0.7482993197278912,0.5571428571428572,0.6610884353741497,0.09851884412976489,589
0.0020050048828125,7.785160687240048e-06,0.0022025108337402344,0.00024635444635160304,1000.0,2000,balanced,0.1668100537200059,poly,"{'C': np.float64(1000.0), 'cache_size': 2000, 'class_weight': 'balanced', 'gamma': np.float64(0.1668100537200059), 'kernel': 'poly'}",0.6812499999999999,0.78125,0.5375,0.7482993197278912,0.5571428571428572,0.6610884353741497,0.09851884412976489,589
0.0017020225524902344,0.00040045516999230894,0.002204227447509766,0.00040719515755636813,2.1544346900318834,2000,"{1: 2, 0: 1}",0.021544346900318832,linear,"{'C': np.float64(2.1544346900318834), 'cache_size': 2000, 'class_weight': {1: 2, 0: 1}, 'gamma': np.float64(0.021544346900318832), 'kernel': 'linear'}",0.69375,0.76875,0.65625,0.7619047619047619,0.4214285714285714,0.6604166666666667,0.12671205662755453,592
0.0017018795013427734,0.0004002252065664969,0.0021047592163085938,0.00019968201498728912,2.1544346900318834,2000,"{1: 2, 0: 1}",0.1668100537200059,linear,"{'C': np.float64(2.1544346900318834), 'cache_size': 2000, 'class_weight': {1: 2, 0: 1}, 'gamma': np.float64(0.1668100537200059), 'kernel': 'linear'}",0.69375,0.76875,0.65625,0.7619047619047619,0.4214285714285714,0.6604166666666667,0.12671205662755453,592
0.0015044689178466796,0.0006387611935430073,0.0019054412841796875,0.0004954159772893597,2.1544346900318834,2000,"{1: 2, 0: 1}",0.007742636826811269,linear,"{'C': np.float64(2.1544346900318834), 'cache_size': 2000, 'class_weight': {1: 2, 0: 1}, 'gamma': np.float64(0.007742636826811269), 'kernel': 'linear'}",0.69375,0.76875,0.65625,0.7619047619047619,0.4214285714285714,0.6604166666666667,0.12671205662755453,592
0.0015014171600341796,0.0004467582635456484,0.0021057605743408205,0.00020064707029078839,2.1544346900318834,2000,"{1: 2, 0: 1}",0.001,linear,"{'C': np.float64(2.1544346900318834), 'cache_size': 2000, 'class_weight': {1: 2, 0: 1}, 'gamma': np.float64(0.001), 'kernel': 'linear'}",0.69375,0.76875,0.65625,0.7619047619047619,0.4214285714285714,0.6604166666666667,0.12671205662755453,592
0.0019051551818847657,0.000803768563986617,0.0030069351196289062,0.0007044733821079306,16.68100537200059,2000,"{1: 2, 0: 1}",0.05994842503189409,rbf,"{'C': np.float64(16.68100537200059), 'cache_size': 2000, 'class_weight': {1: 2, 0: 1}, 'gamma': np.float64(0.05994842503189409), 'kernel': 'rbf'}",0.7,0.76875,0.65,0.7619047619047619,0.4214285714285714,0.6604166666666667,0.127142912876749,592
0.0017017364501953126,0.00040017765825368045,0.0021052837371826174,0.0002076425936918816,2.1544346900318834,2000,"{1: 2, 0: 1}",3.593813663804626,linear,"{'C': np.float64(2.1544346900318834), 'cache_size': 2000, 'class_weight': {1: 2, 0: 1}, 'gamma': np.float64(3.593813663804626), 'kernel': 'linear'}",0.69375,0.76875,0.65625,0.7619047619047619,0.4214285714285714,0.6604166666666667,0.12671205662755453,592
0.0023050308227539062,0.0008708782378157278,0.002102375030517578,0.0004886201338187037,2.1544346900318834,2000,"{1: 2, 0: 1}",0.46415888336127775,linear,"{'C': np.float64(2.1544346900318834), 'cache_size': 2000, 'class_weight': {1: 2, 0: 1}, 'gamma': np.float64(0.46415888336127775), 'kernel': 'linear'}",0.69375,0.76875,0.65625,0.7619047619047619,0.4214285714285714,0.6604166666666667,0.12671205662755453,592
0.001603984832763672,0.0004853632796108341,0.0015019893646240235,0.00044798622364234183,2.1544346900318834,2000,"{1: 2, 0: 1}",1.2915496650148828,linear,"{'C': np.float64(2.1544346900318834), 'cache_size': 2000, 'class_weight': {1: 2, 0: 1}, 'gamma': np.float64(1.2915496650148828), 'kernel': 'linear'}",0.69375,0.76875,0.65625,0.7619047619047619,0.4214285714285714,0.6604166666666667,0.12671205662755453,592
0.0029032230377197266,0.0015643567659850775,0.003205680847167969,0.001363854976417147,2.1544346900318834,2000,"{1: 2, 0: 1}",10.0,linear,"{'C': np.float64(2.1544346900318834), 'cache_size': 2000, 'class_weight': {1: 2, 0: 1}, 'gamma': np.float64(10.0), 'kernel': 'linear'}",0.69375,0.76875,0.65625,0.7619047619047619,0.4214285714285714,0.6604166666666667,0.12671205662755453,592
0.001902627944946289,0.0011140866508916284,0.004806900024414062,0.004632758291787767,46.41588833612777,2000,"{1: 2, 0: 1}",0.021544346900318832,rbf,"{'C': np.float64(46.41588833612777), 'cache_size': 2000, 'class_weight': {1: 2, 0: 1}, 'gamma': np.float64(0.021544346900318832), 'kernel': 'rbf'}",0.7,0.76875,0.65,0.7619047619047619,0.4214285714285714,0.6604166666666667,0.127142912876749,592
0.001701688766479492,0.000601499383213703,0.002105903625488281,0.0002088859395355486,2.1544346900318834,2000,"{1: 2, 0: 1}",0.05994842503189409,linear,"{'C': np.float64(2.1544346900318834), 'cache_size': 2000, 'class_weight': {1: 2, 0: 1}, 'gamma': np.float64(0.05994842503189409), 'kernel': 'linear'}",0.69375,0.76875,0.65625,0.7619047619047619,0.4214285714285714,0.6604166666666667,0.12671205662755453,592
0.0018055438995361328,0.0006831003434982155,0.0020038127899169923,6.610001926865943e-06,2.1544346900318834,2000,"{1: 2, 0: 1}",0.0027825594022071257,linear,"{'C': np.float64(2.1544346900318834), 'cache_size': 2000, 'class_weight': {1: 2, 0: 1}, 'gamma': np.float64(0.0027825594022071257), 'kernel': 'linear'}",0.69375,0.76875,0.65625,0.7619047619047619,0.4214285714285714,0.6604166666666667,0.12671205662755453,592
0.0019060134887695312,0.00020066634513219987,0.0026065826416015623,0.0005875059985516981,0.774263682681127,2000,balanced,1.2915496650148828,sigmoid,"{'C': np.float64(0.774263682681127), 'cache_size': 2000, 'class_weight': 'balanced', 'gamma': np.float64(1.2915496650148828), 'kernel': 'sigmoid'}",0.7124999999999999,0.78125,0.5,0.7346938775510203,0.5714285714285714,0.6599744897959183,0.10628441329652992,604
0.0024046897888183594,0.00037538915560152684,0.002506113052368164,0.0006379632941211214,0.1,2000,balanced,10.0,sigmoid,"{'C': np.float64(0.1), 'cache_size': 2000, 'class_weight': 'balanced', 'gamma': np.float64(10.0), 'kernel': 'sigmoid'}",0.70625,0.7875000000000001,0.5062500000000001,0.727891156462585,0.5714285714285714,0.6598639455782311,0.10439194368434995,605
0.0016024112701416016,0.0003737287087104061,0.0056114673614501955,0.004530500098871011,5.994842503189409,2000,"{1: 2, 0: 1}",0.1668100537200059,rbf,"{'C': np.float64(5.994842503189409), 'cache_size': 2000, 'class_weight': {1: 2, 0: 1}, 'gamma': np.float64(0.1668100537200059), 'kernel': 'rbf'}",0.6875,0.76875,0.65,0.7619047619047619,0.4214285714285714,0.6579166666666667,0.12646107554547334,606
0.0024060726165771483,0.0003758356673922636,0.00270538330078125,0.0003981034988240882,0.1,2000,balanced,0.46415888336127775,rbf,"{'C': np.float64(0.1), 'cache_size': 2000, 'class_weight': 'balanced', 'gamma': np.float64(0.46415888336127775), 'kernel': 'rbf'}",0.6875,0.7875,0.50625,0.7346938775510203,0.5714285714285714,0.6574744897959184,0.10396513338022118,607
0.002805805206298828,0.0007485229658393076,0.0024056434631347656,0.00037580141177113877,0.2782559402207124,2000,balanced,0.46415888336127775,rbf,"{'C': np.float64(0.2782559402207124), 'cache_size': 2000, 'class_weight': 'balanced', 'gamma': np.float64(0.46415888336127775), 'kernel': 'rbf'}",0.6875,0.7875,0.50625,0.7346938775510203,0.5714285714285714,0.6574744897959184,0.10396513338022118,607
0.002102518081665039,0.0004885394514517581,0.0038071632385253905,0.002387085655969315,0.774263682681127,2000,balanced,0.46415888336127775,rbf,"{'C': np.float64(0.774263682681127), 'cache_size': 2000, 'class_weight': 'balanced', 'gamma': np.float64(0.46415888336127775), 'kernel': 'rbf'}",0.6875,0.7875,0.50625,0.7346938775510203,0.5714285714285714,0.6574744897959184,0.10396513338022118,607
0.002916240692138672,0.0008137061396557271,0.0024027347564697264,0.0005855562904369758,0.2782559402207124,2000,balanced,10.0,sigmoid,"{'C': np.float64(0.2782559402207124), 'cache_size': 2000, 'class_weight': 'balanced', 'gamma': np.float64(10.0), 'kernel': 'sigmoid'}",0.70625,0.7875000000000001,0.5125,0.7142857142857142,0.5642857142857143,0.6569642857142857,0.10218967458523753,610
0.0011013031005859375,0.00020120236415449138,0.002306079864501953,0.00039792552542691404,5.994842503189409,2000,"{1: 2, 0: 1}",0.46415888336127775,sigmoid,"{'C': np.float64(5.994842503189409), 'cache_size': 2000, 'class_weight': {1: 2, 0: 1}, 'gamma': np.float64(0.46415888336127775), 'kernel': 'sigmoid'}",0.66875,0.76875,0.6625,0.761904761904762,0.4214285714285714,0.6566666666666666,0.1258210844603741,611
0.002401113510131836,0.0010197866822215043,0.002906942367553711,0.0007400710033214126,46.41588833612777,2000,"{1: 2, 0: 1}",0.05994842503189409,sigmoid,"{'C': np.float64(46.41588833612777), 'cache_size': 2000, 'class_weight': {1: 2, 0: 1}, 'gamma': np.float64(0.05994842503189409), 'kernel': 'sigmoid'}",0.66875,0.76875,0.6625,0.761904761904762,0.4214285714285714,0.6566666666666666,0.1258210844603741,611
0.0012042999267578125,0.0003981906455728538,0.0026032447814941405,0.0005855315161366853,129.15496650148827,2000,"{1: 2, 0: 1}",0.021544346900318832,sigmoid,"{'C': np.float64(129.15496650148827), 'cache_size': 2000, 'class_weight': {1: 2, 0: 1}, 'gamma': np.float64(0.021544346900318832), 'kernel': 'sigmoid'}",0.66875,0.76875,0.6625,0.761904761904762,0.4214285714285714,0.6566666666666666,0.1258210844603741,611
0.0019092082977294922,0.0004913463770264775,0.002601766586303711,0.0012019157693432044,16.68100537200059,2000,"{1: 2, 0: 1}",0.1668100537200059,sigmoid,"{'C': np.float64(16.68100537200059), 'cache_size': 2000, 'class_weight': {1: 2, 0: 1}, 'gamma': np.float64(0.1668100537200059), 'kernel': 'sigmoid'}",0.66875,0.76875,0.6625,0.761904761904762,0.4214285714285714,0.6566666666666666,0.1258210844603741,611
0.0013020038604736328,0.00040078323416131316,0.002604389190673828,0.0004927709943242417,359.38136638046257,2000,"{1: 2, 0: 1}",0.007742636826811269,sigmoid,"{'C': np.float64(359.38136638046257), 'cache_size': 2000, 'class_weight': {1: 2, 0: 1}, 'gamma': np.float64(0.007742636826811269), 'kernel': 'sigmoid'}",0.66875,0.76875,0.6625,0.761904761904762,0.4214285714285714,0.6566666666666666,0.1258210844603741,611
0.0016009807586669922,0.0008002522786220928,0.002605724334716797,0.0008580782956797556,1000.0,2000,"{1: 2, 0: 1}",0.0027825594022071257,sigmoid,"{'C': np.float64(1000.0), 'cache_size': 2000, 'class_weight': {1: 2, 0: 1}, 'gamma': np.float64(0.0027825594022071257), 'kernel': 'sigmoid'}",0.66875,0.76875,0.6625,0.761904761904762,0.4214285714285714,0.6566666666666666,0.1258210844603741,611
0.0048043251037597655,0.0022510764517207687,0.004710674285888672,0.002387520746481111,2.1544346900318834,2000,"{1: 3, 0: 1}",3.593813663804626,rbf,"{'C': np.float64(2.1544346900318834), 'cache_size': 2000, 'class_weight': {1: 3, 0: 1}, 'gamma': np.float64(3.593813663804626), 'kernel': 'rbf'}",0.60625,0.8687500000000001,0.5875,0.7551020408163264,0.46428571428571425,0.6563775510204082,0.1407158442514805,617
0.0018064498901367188,0.0006835350874653474,0.002801799774169922,0.0004007350257993393,359.38136638046257,2000,"{1: 2, 0: 1}",0.46415888336127775,rbf,"{'C': np.float64(359.38136638046257), 'cache_size': 2000, 'class_weight': {1: 2, 0: 1}, 'gamma': np.float64(0.46415888336127775), 'kernel': 'rbf'}",0.50625,0.8687499999999999,0.69375,0.7891156462585035,0.42142857142857143,0.655858843537415,0.1684375957173013,618
0.002101612091064453,0.0006630848281306642,0.002906322479248047,0.000201053172900753,0.1,2000,balanced,1.2915496650148828,rbf,"{'C': np.float64(0.1), 'cache_size': 2000, 'class_weight': 'balanced', 'gamma': np.float64(1.2915496650148828), 'kernel': 'rbf'}",0.675,0.79375,0.5375,0.693877551020408,0.5785714285714285,0.6557397959183673,0.09034142628268885,619
0.0017104625701904296,0.0004068484172964917,0.002505636215209961,0.0006391844183690163,0.2782559402207124,2000,balanced,1.2915496650148828,rbf,"{'C': np.float64(0.2782559402207124), 'cache_size': 2000, 'class_weight': 'balanced', 'gamma': np.float64(1.2915496650148828), 'kernel': 'rbf'}",0.675,0.79375,0.5375,0.693877551020408,0.5785714285714285,0.6557397959183673,0.09034142628268885,619
0.0019058704376220704,0.0004952668954300806,0.002101755142211914,0.00020141844269345012,0.774263682681127,2000,"{1: 3, 0: 1}",3.593813663804626,rbf,"{'C': np.float64(0.774263682681127), 'cache_size': 2000, 'class_weight': {1: 3, 0: 1}, 'gamma': np.float64(3.593813663804626), 'kernel': 'rbf'}",0.65,0.825,0.5375,0.7074829931972788,0.5571428571428572,0.6554251700680271,0.1049388690001709,621
0.0015042781829833984,0.00045093884231565566,0.0019051551818847657,0.000495413576948519,2.1544346900318834,2000,"{1: 2, 0: 1}",1.2915496650148828,sigmoid,"{'C': np.float64(2.1544346900318834), 'cache_size': 2000, 'class_weight': {1: 2, 0: 1}, 'gamma': np.float64(1.2915496650148828), 'kernel': 'sigmoid'}",0.66875,0.76875,0.6625,0.7551020408163267,0.4214285714285714,0.6553061224489796,0.12470760783987693,622
0.0019012451171875,0.0004912173713748926,0.0030110836029052734,0.0013114356285167433,2.1544346900318834,2000,balanced,1.2915496650148828,rbf,"{'C': np.float64(2.1544346900318834), 'cache_size': 2000, 'class_weight': 'balanced', 'gamma': np.float64(1.2915496650148828), 'kernel': 'rbf'}",0.65625,0.825,0.5437500000000001,0.7142857142857142,0.5357142857142857,0.6549999999999999,0.10864805801395658,623
0.0018070697784423827,0.0005167479377350709,0.0025050163269042967,0.0006321039304281495,5.994842503189409,2000,"{1: 3, 0: 1}",3.593813663804626,linear,"{'C': np.float64(5.994842503189409), 'cache_size': 2000, 'class_weight': {1: 3, 0: 1}, 'gamma': np.float64(3.593813663804626), 'kernel': 'linear'}",0.63125,0.8375000000000001,0.525,0.7142857142857142,0.5642857142857143,0.6544642857142856,0.11181480680307135,624
0.00220637321472168,0.0008207600139138201,0.0020014762878417967,2.064214784804665e-06,5.994842503189409,2000,"{1: 3, 0: 1}",0.001,linear,"{'C': np.float64(5.994842503189409), 'cache_size': 2000, 'class_weight': {1: 3, 0: 1}, 'gamma': np.float64(0.001), 'kernel': 'linear'}",0.63125,0.8375000000000001,0.525,0.7142857142857142,0.5642857142857143,0.6544642857142856,0.11181480680307135,624
0.0017025470733642578,0.0004006678807296222,0.0022136211395263673,0.0008315881538411761,5.994842503189409,2000,"{1: 3, 0: 1}",10.0,linear,"{'C': np.float64(5.994842503189409), 'cache_size': 2000, 'class_weight': {1: 3, 0: 1}, 'gamma': np.float64(10.0), 'kernel': 'linear'}",0.63125,0.8375000000000001,0.525,0.7142857142857142,0.5642857142857143,0.6544642857142856,0.11181480680307135,624
0.0021019458770751955,0.0010212779589868501,0.0025056838989257813,0.0004463539558605386,5.994842503189409,2000,"{1: 3, 0: 1}",0.007742636826811269,linear,"{'C': np.float64(5.994842503189409), 'cache_size': 2000, 'class_weight': {1: 3, 0: 1}, 'gamma': np.float64(0.007742636826811269), 'kernel': 'linear'}",0.63125,0.8375000000000001,0.525,0.7142857142857142,0.5642857142857143,0.6544642857142856,0.11181480680307135,624
0.0014007568359375,0.0004908166055648087,0.002514505386352539,0.0005567858373182736,5.994842503189409,2000,"{1: 3, 0: 1}",0.1668100537200059,linear,"{'C': np.float64(5.994842503189409), 'cache_size': 2000, 'class_weight': {1: 3, 0: 1}, 'gamma': np.float64(0.1668100537200059), 'kernel': 'linear'}",0.63125,0.8375000000000001,0.525,0.7142857142857142,0.5642857142857143,0.6544642857142856,0.11181480680307135,624
0.006619119644165039,0.00848035439291635,0.0027057647705078123,0.0013326380610899436,5.994842503189409,2000,"{1: 3, 0: 1}",0.0027825594022071257,linear,"{'C': np.float64(5.994842503189409), 'cache_size': 2000, 'class_weight': {1: 3, 0: 1}, 'gamma': np.float64(0.0027825594022071257), 'kernel': 'linear'}",0.63125,0.8375000000000001,0.525,0.7142857142857142,0.5642857142857143,0.6544642857142856,0.11181480680307135,624
0.0017056941986083984,0.0004031460467859468,0.0022026538848876954,0.00024614122567936106,5.994842503189409,2000,"{1: 3, 0: 1}",0.021544346900318832,linear,"{'C': np.float64(5.994842503189409), 'cache_size': 2000, 'class_weight': {1: 3, 0: 1}, 'gamma': np.float64(0.021544346900318832), 'kernel': 'linear'}",0.63125,0.8375000000000001,0.525,0.7142857142857142,0.5642857142857143,0.6544642857142856,0.11181480680307135,624
0.0017065048217773438,0.0006077184466698454,0.001912689208984375,0.0005049845897967105,5.994842503189409,2000,"{1: 3, 0: 1}",1.2915496650148828,linear,"{'C': np.float64(5.994842503189409), 'cache_size': 2000, 'class_weight': {1: 3, 0: 1}, 'gamma': np.float64(1.2915496650148828), 'kernel': 'linear'}",0.63125,0.8375000000000001,0.525,0.7142857142857142,0.5642857142857143,0.6544642857142856,0.11181480680307135,624
0.001811838150024414,0.0004063794877644298,0.0019013404846191407,0.0004910904523677285,5.994842503189409,2000,"{1: 3, 0: 1}",0.46415888336127775,linear,"{'C': np.float64(5.994842503189409), 'cache_size': 2000, 'class_weight': {1: 3, 0: 1}, 'gamma': np.float64(0.46415888336127775), 'kernel': 'linear'}",0.63125,0.8375000000000001,0.525,0.7142857142857142,0.5642857142857143,0.6544642857142856,0.11181480680307135,624
0.0016020774841308595,0.00037362361241214726,0.002204608917236328,0.0003978809482061726,5.994842503189409,2000,"{1: 3, 0: 1}",0.05994842503189409,linear,"{'C': np.float64(5.994842503189409), 'cache_size': 2000, 'class_weight': {1: 3, 0: 1}, 'gamma': np.float64(0.05994842503189409), 'kernel': 'linear'}",0.63125,0.8375000000000001,0.525,0.7142857142857142,0.5642857142857143,0.6544642857142856,0.11181480680307135,624
0.002002048492431641,0.00031666114118798143,0.0021054744720458984,0.00019988829397123818,359.38136638046257,2000,balanced,0.46415888336127775,rbf,"{'C': np.float64(359.38136638046257), 'cache_size': 2000, 'class_weight': 'balanced', 'gamma': np.float64(0.46415888336127775), 'kernel': 'rbf'}",0.5374999999999999,0.8500000000000001,0.6875,0.7891156462585035,0.4071428571428571,0.6542517006802722,0.16266829443827258,634
0.0018020153045654296,0.0005106626630072736,0.002404594421386719,0.0004936908733697921,2.1544346900318834,2000,"{1: 2, 0: 1}",0.46415888336127775,rbf,"{'C': np.float64(2.1544346900318834), 'cache_size': 2000, 'class_weight': {1: 2, 0: 1}, 'gamma': np.float64(0.46415888336127775), 'kernel': 'rbf'}",0.6687500000000001,0.76875,0.65,0.7619047619047619,0.4214285714285714,0.6541666666666666,0.12580452546755985,635
0.0022003650665283203,0.0009800558709331763,0.0031173229217529297,0.0008818547429073245,2.1544346900318834,2000,"{1: 3.5, 0: 1}",3.593813663804626,rbf,"{'C': np.float64(2.1544346900318834), 'cache_size': 2000, 'class_weight': {1: 3.5, 0: 1}, 'gamma': np.float64(3.593813663804626), 'kernel': 'rbf'}",0.63125,0.875,0.55,0.7142857142857142,0.5,0.654107142857143,0.1323063660214274,636
0.00250859260559082,0.0006287506746259467,0.003603076934814453,0.001462784721053603,359.38136638046257,2000,"{1: 3, 0: 1}",0.1668100537200059,poly,"{'C': np.float64(359.38136638046257), 'cache_size': 2000, 'class_weight': {1: 3, 0: 1}, 'gamma': np.float64(0.1668100537200059), 'kernel': 'poly'}",0.5625,0.8,0.6,0.8435374149659863,0.46428571428571425,0.6540646258503402,0.14458227484278113,637
0.0014007091522216797,0.0004898832674580238,0.0026056766510009766,0.0009782299599112338,16.68100537200059,2000,"{1: 3, 0: 1}",0.46415888336127775,poly,"{'C': np.float64(16.68100537200059), 'cache_size': 2000, 'class_weight': {1: 3, 0: 1}, 'gamma': np.float64(0.46415888336127775), 'kernel': 'poly'}",0.5625,0.8,0.6,0.8435374149659863,0.46428571428571425,0.6540646258503402,0.14458227484278113,637
0.0024015426635742186,0.001020833602459784,0.002207183837890625,0.00040350400421440146,0.774263682681127,2000,"{1: 3, 0: 1}",1.2915496650148828,poly,"{'C': np.float64(0.774263682681127), 'cache_size': 2000, 'class_weight': {1: 3, 0: 1}, 'gamma': np.float64(1.2915496650148828), 'kernel': 'poly'}",0.5625,0.8,0.6,0.8435374149659863,0.46428571428571425,0.6540646258503402,0.14458227484278113,637
0.0018064022064208985,0.0005152729028353387,0.002400779724121094,0.0004901549823158812,0.1,2000,"{1: 3.5, 0: 1}",0.1668100537200059,rbf,"{'C': np.float64(0.1), 'cache_size': 2000, 'class_weight': {1: 3.5, 0: 1}, 'gamma': np.float64(0.1668100537200059), 'kernel': 'rbf'}",0.625,0.8500000000000001,0.50625,0.7142857142857143,0.5714285714285714,0.6533928571428571,0.11961406903121427,640
0.0018055438995361328,0.000513099803727152,0.002601909637451172,0.0008000977466460078,0.2782559402207124,2000,"{1: 3.5, 0: 1}",0.46415888336127775,rbf,"{'C': np.float64(0.2782559402207124), 'cache_size': 2000, 'class_weight': {1: 3.5, 0: 1}, 'gamma': np.float64(0.46415888336127775), 'kernel': 'rbf'}",0.625,0.8562500000000001,0.50625,0.7074829931972788,0.5714285714285714,0.6532823129251701,0.12103885409568273,641
0.0019077301025390626,0.0005891039045272119,0.0031061172485351562,0.00102698062782255,2.1544346900318834,2000,"{1: 3.5, 0: 1}",0.46415888336127775,rbf,"{'C': np.float64(2.1544346900318834), 'cache_size': 2000, 'class_weight': {1: 3.5, 0: 1}, 'gamma': np.float64(0.46415888336127775), 'kernel': 'rbf'}",0.625,0.8562500000000001,0.50625,0.7074829931972788,0.5714285714285714,0.6532823129251701,0.12103885409568273,641
0.0014085769653320312,0.0004985470338883113,0.003107786178588867,0.00106912382224728,5.994842503189409,2000,"{1: 3.5, 0: 1}",0.46415888336127775,rbf,"{'C': np.float64(5.994842503189409), 'cache_size': 2000, 'class_weight': {1: 3.5, 0: 1}, 'gamma': np.float64(0.46415888336127775), 'kernel': 'rbf'}",0.625,0.8562500000000001,0.50625,0.7074829931972788,0.5714285714285714,0.6532823129251701,0.12103885409568273,641
0.002106380462646484,0.0008091536047733288,0.0021016597747802734,0.00020134558403526496,0.774263682681127,2000,"{1: 3.5, 0: 1}",0.46415888336127775,rbf,"{'C': np.float64(0.774263682681127), 'cache_size': 2000, 'class_weight': {1: 3.5, 0: 1}, 'gamma': np.float64(0.46415888336127775), 'kernel': 'rbf'}",0.625,0.8562500000000001,0.50625,0.7074829931972788,0.5714285714285714,0.6532823129251701,0.12103885409568273,641
0.0023676395416259766,0.0005886350209456259,0.00250091552734375,0.00032215753620179797,0.1,2000,"{1: 3.5, 0: 1}",0.46415888336127775,rbf,"{'C': np.float64(0.1), 'cache_size': 2000, 'class_weight': {1: 3.5, 0: 1}, 'gamma': np.float64(0.46415888336127775), 'kernel': 'rbf'}",0.625,0.8562500000000001,0.50625,0.7142857142857143,0.5642857142857143,0.6532142857142859,0.1226833800263666,645
0.0018008232116699218,0.0004002098387788007,0.002506875991821289,0.0003163239592835321,0.774263682681127,2000,balanced,1.2915496650148828,rbf,"{'C': np.float64(0.774263682681127), 'cache_size': 2000, 'class_weight': 'balanced', 'gamma': np.float64(1.2915496650148828), 'kernel': 'rbf'}",0.675,0.79375,0.525,0.7074829931972789,0.5642857142857143,0.6531037414965987,0.09748551659199439,646
0.0020510196685791016,0.001020160939983883,0.0021193504333496095,0.0006802455916561772,0.1,2000,"{1: 3, 0: 1}",3.593813663804626,rbf,"{'C': np.float64(0.1), 'cache_size': 2000, 'class_weight': {1: 3, 0: 1}, 'gamma': np.float64(3.593813663804626), 'kernel': 'rbf'}",0.65625,0.8125000000000001,0.53125,0.7074829931972788,0.5571428571428572,0.6529251700680272,0.10240198766320492,647
0.001300811767578125,0.0004004852502754865,0.0026063919067382812,0.0003738613451190272,0.2782559402207124,2000,"{1: 3, 0: 1}",3.593813663804626,rbf,"{'C': np.float64(0.2782559402207124), 'cache_size': 2000, 'class_weight': {1: 3, 0: 1}, 'gamma': np.float64(3.593813663804626), 'kernel': 'rbf'}",0.65625,0.8125000000000001,0.53125,0.7074829931972788,0.5571428571428572,0.6529251700680272,0.10240198766320492,647
0.0019016742706298828,0.0004912074610586415,0.0024061203002929688,0.0005830639125604539,5.994842503189409,2000,balanced,0.46415888336127775,rbf,"{'C': np.float64(5.994842503189409), 'cache_size': 2000, 'class_weight': 'balanced', 'gamma': np.float64(0.46415888336127775), 'kernel': 'rbf'}",0.65625,0.8187500000000001,0.5375,0.7142857142857142,0.5357142857142857,0.6525000000000001,0.10801342745327586,649
0.0021019458770751955,0.00020191823595264768,0.0032148838043212892,0.00129119229192544,2.1544346900318834,2000,balanced,3.593813663804626,rbf,"{'C': np.float64(2.1544346900318834), 'cache_size': 2000, 'class_weight': 'balanced', 'gamma': np.float64(3.593813663804626), 'kernel': 'rbf'}",0.60625,0.86875,0.575,0.7551020408163264,0.4571428571428572,0.6524489795918367,0.1439450964983323,650
0.001800537109375,0.00039923203528975524,0.0019012928009033204,0.00019879355422591506,0.2782559402207124,2000,"{1: 3.5, 0: 1}",0.1668100537200059,sigmoid,"{'C': np.float64(0.2782559402207124), 'cache_size': 2000, 'class_weight': {1: 3.5, 0: 1}, 'gamma': np.float64(0.1668100537200059), 'kernel': 'sigmoid'}",0.625,0.8437500000000001,0.50625,0.7142857142857143,0.5714285714285714,0.6521428571428572,0.11756809793928469,651
0.001603412628173828,0.0007983289871321568,0.0024031639099121095,0.0003754821373967195,5.994842503189409,2000,"{1: 3.5, 0: 1}",0.007742636826811269,sigmoid,"{'C': np.float64(5.994842503189409), 'cache_size': 2000, 'class_weight': {1: 3.5, 0: 1}, 'gamma': np.float64(0.007742636826811269), 'kernel': 'sigmoid'}",0.625,0.8437500000000001,0.50625,0.7142857142857143,0.5714285714285714,0.6521428571428572,0.11756809793928469,651
0.0014096736907958985,0.00048267252443395017,0.0019060134887695312,0.0006637838135015639,0.774263682681127,2000,"{1: 3.5, 0: 1}",0.05994842503189409,sigmoid,"{'C': np.float64(0.774263682681127), 'cache_size': 2000, 'class_weight': {1: 3.5, 0: 1}, 'gamma': np.float64(0.05994842503189409), 'kernel': 'sigmoid'}",0.625,0.8437500000000001,0.50625,0.7142857142857143,0.5714285714285714,0.6521428571428572,0.11756809793928469,651
0.0033014774322509765,0.0018883833264178767,0.0032106876373291016,0.0015072169420982176,16.68100537200059,2000,"{1: 3.5, 0: 1}",0.0027825594022071257,sigmoid,"{'C': np.float64(16.68100537200059), 'cache_size': 2000, 'class_weight': {1: 3.5, 0: 1}, 'gamma': np.float64(0.0027825594022071257), 'kernel': 'sigmoid'}",0.625,0.8437500000000001,0.50625,0.7142857142857143,0.5714285714285714,0.6521428571428572,0.11756809793928469,651
0.002002716064453125,0.0003169653555920086,0.0023057937622070314,0.0003974179091846455,2.1544346900318834,2000,"{1: 3.5, 0: 1}",0.021544346900318832,sigmoid,"{'C': np.float64(2.1544346900318834), 'cache_size': 2000, 'class_weight': {1: 3.5, 0: 1}, 'gamma': np.float64(0.021544346900318832), 'kernel': 'sigmoid'}",0.625,0.8437500000000001,0.50625,0.7142857142857143,0.5714285714285714,0.6521428571428572,0.11756809793928469,651
0.001300811767578125,0.00040036685785109537,0.002706432342529297,0.0006071614851932376,46.41588833612777,2000,"{1: 3.5, 0: 1}",0.001,sigmoid,"{'C': np.float64(46.41588833612777), 'cache_size': 2000, 'class_weight': {1: 3.5, 0: 1}, 'gamma': np.float64(0.001), 'kernel': 'sigmoid'}",0.625,0.8437500000000001,0.50625,0.7142857142857143,0.5714285714285714,0.6521428571428572,0.11756809793928469,651
0.0016020774841308595,0.0007347256903043731,0.002605104446411133,0.0004935429197136998,5.994842503189409,2000,"{1: 3.5, 0: 1}",0.1668100537200059,rbf,"{'C': np.float64(5.994842503189409), 'cache_size': 2000, 'class_weight': {1: 3.5, 0: 1}, 'gamma': np.float64(0.1668100537200059), 'kernel': 'rbf'}",0.625,0.8500000000000001,0.50625,0.7074829931972788,0.5714285714285714,0.65203231292517,0.11895055688440008,657
0.002402639389038086,0.0008010403103270644,0.002414083480834961,0.0006078227301169884,2.1544346900318834,2000,"{1: 3.5, 0: 1}",0.1668100537200059,rbf,"{'C': np.float64(2.1544346900318834), 'cache_size': 2000, 'class_weight': {1: 3.5, 0: 1}, 'gamma': np.float64(0.1668100537200059), 'kernel': 'rbf'}",0.625,0.8500000000000001,0.50625,0.7074829931972788,0.5714285714285714,0.65203231292517,0.11895055688440008,657
0.001406383514404297,0.000371584496708453,0.0019043922424316407,0.0004914066751117035,16.68100537200059,2000,"{1: 3.5, 0: 1}",0.1668100537200059,rbf,"{'C': np.float64(16.68100537200059), 'cache_size': 2000, 'class_weight': {1: 3.5, 0: 1}, 'gamma': np.float64(0.1668100537200059), 'kernel': 'rbf'}",0.625,0.8500000000000001,0.50625,0.7142857142857143,0.5642857142857143,0.6519642857142858,0.1206228521009995,659
0.0027106761932373046,0.0006843783049322133,0.0024015426635742186,0.0004901160796956538,5.994842503189409,2000,"{1: 3, 0: 1}",0.46415888336127775,rbf,"{'C': np.float64(5.994842503189409), 'cache_size': 2000, 'class_weight': {1: 3, 0: 1}, 'gamma': np.float64(0.46415888336127775), 'kernel': 'rbf'}",0.63125,0.83125,0.525,0.7074829931972788,0.5642857142857143,0.6518537414965986,0.10905244288391486,660
0.0019713878631591798,0.0005215670600739592,0.0024977207183837892,0.0003166042677354247,0.1,2000,"{1: 3.5, 0: 1}",1.2915496650148828,rbf,"{'C': np.float64(0.1), 'cache_size': 2000, 'class_weight': {1: 3.5, 0: 1}, 'gamma': np.float64(1.2915496650148828), 'kernel': 'rbf'}",0.625,0.8562500000000001,0.5125,0.7006802721088435,0.5642857142857143,0.6517431972789115,0.11997545380015918,661
0.0020205497741699217,0.0006023167841876958,0.0030064105987548826,0.0005533362986342846,0.2782559402207124,2000,"{1: 3.5, 0: 1}",1.2915496650148828,rbf,"{'C': np.float64(0.2782559402207124), 'cache_size': 2000, 'class_weight': {1: 3.5, 0: 1}, 'gamma': np.float64(1.2915496650148828), 'kernel': 'rbf'}",0.625,0.8562500000000001,0.5125,0.7006802721088435,0.5642857142857143,0.6517431972789115,0.11997545380015918,661
0.001500988006591797,0.0007746035018017116,0.002647066116333008,0.001040328880486524,0.774263682681127,2000,"{1: 3.5, 0: 1}",1.2915496650148828,rbf,"{'C': np.float64(0.774263682681127), 'cache_size': 2000, 'class_weight': {1: 3.5, 0: 1}, 'gamma': np.float64(1.2915496650148828), 'kernel': 'rbf'}",0.625,0.8562500000000001,0.5125,0.7006802721088435,0.5642857142857143,0.6517431972789115,0.11997545380015918,661
0.0020014286041259766,0.0006331639538930856,0.004707193374633789,0.003966112372130943,16.68100537200059,2000,"{1: 3, 0: 1}",0.1668100537200059,sigmoid,"{'C': np.float64(16.68100537200059), 'cache_size': 2000, 'class_weight': {1: 3, 0: 1}, 'gamma': np.float64(0.1668100537200059), 'kernel': 'sigmoid'}",0.65,0.81875,0.525,0.7074829931972788,0.5571428571428572,0.6516751700680272,0.10584354020224962,664
0.0017016410827636718,0.0007490821185629047,0.002406454086303711,0.0005791162178264668,5.994842503189409,2000,"{1: 3, 0: 1}",0.46415888336127775,sigmoid,"{'C': np.float64(5.994842503189409), 'cache_size': 2000, 'class_weight': {1: 3, 0: 1}, 'gamma': np.float64(0.46415888336127775), 'kernel': 'sigmoid'}",0.65,0.81875,0.525,0.7074829931972788,0.5571428571428572,0.6516751700680272,0.10584354020224962,664
0.00430765151977539,0.001364298571825597,0.0033067703247070313,0.002145554423907705,46.41588833612777,2000,"{1: 3, 0: 1}",0.05994842503189409,sigmoid,"{'C': np.float64(46.41588833612777), 'cache_size': 2000, 'class_weight': {1: 3, 0: 1}, 'gamma': np.float64(0.05994842503189409), 'kernel': 'sigmoid'}",0.65,0.81875,0.525,0.7074829931972788,0.5571428571428572,0.6516751700680272,0.10584354020224962,664
0.0017017364501953126,0.0006022010735615091,0.0021142959594726562,0.00022780917066347048,1000.0,2000,"{1: 3, 0: 1}",0.0027825594022071257,sigmoid,"{'C': np.float64(1000.0), 'cache_size': 2000, 'class_weight': {1: 3, 0: 1}, 'gamma': np.float64(0.0027825594022071257), 'kernel': 'sigmoid'}",0.65,0.81875,0.525,0.7074829931972788,0.5571428571428572,0.6516751700680272,0.10584354020224962,664
0.0015045166015625,0.00044348443888948813,0.002606105804443359,0.0007980539822611686,359.38136638046257,2000,"{1: 3, 0: 1}",0.007742636826811269,sigmoid,"{'C': np.float64(359.38136638046257), 'cache_size': 2000, 'class_weight': {1: 3, 0: 1}, 'gamma': np.float64(0.007742636826811269), 'kernel': 'sigmoid'}",0.65,0.81875,0.525,0.7074829931972788,0.5571428571428572,0.6516751700680272,0.10584354020224962,664
0.002705955505371094,0.0009861461256566355,0.0022044658660888674,0.0004063611018266023,129.15496650148827,2000,"{1: 3, 0: 1}",0.021544346900318832,sigmoid,"{'C': np.float64(129.15496650148827), 'cache_size': 2000, 'class_weight': {1: 3, 0: 1}, 'gamma': np.float64(0.021544346900318832), 'kernel': 'sigmoid'}",0.65,0.81875,0.525,0.7074829931972788,0.5571428571428572,0.6516751700680272,0.10584354020224962,664
0.002006673812866211,0.0005502714771933988,0.004004049301147461,0.0013057033778110765,2.1544346900318834,2000,"{1: 3, 0: 1}",1.2915496650148828,sigmoid,"{'C': np.float64(2.1544346900318834), 'cache_size': 2000, 'class_weight': {1: 3, 0: 1}, 'gamma': np.float64(1.2915496650148828), 'kernel': 'sigmoid'}",0.65,0.81875,0.525,0.7074829931972788,0.5571428571428572,0.6516751700680272,0.10584354020224962,664
0.002405691146850586,0.0007398997752725752,0.003313493728637695,0.00039240871758730426,16.68100537200059,2000,balanced,0.1668100537200059,rbf,"{'C': np.float64(16.68100537200059), 'cache_size': 2000, 'class_weight': 'balanced', 'gamma': np.float64(0.1668100537200059), 'kernel': 'rbf'}",0.6625,0.80625,0.5375,0.7142857142857142,0.5357142857142857,0.6512499999999999,0.10431934389270325,671
0.0025061607360839845,0.001181048497378533,0.0029047012329101564,0.0009153449030733082,5.994842503189409,2000,"{1: 3.5, 0: 1}",0.0027825594022071257,rbf,"{'C': np.float64(5.994842503189409), 'cache_size': 2000, 'class_weight': {1: 3.5, 0: 1}, 'gamma': np.float64(0.0027825594022071257), 'kernel': 'rbf'}",0.6187499999999999,0.8437500000000001,0.50625,0.7142857142857143,0.5714285714285714,0.6508928571428572,0.11788284351812346,672
0.0039056777954101563,0.0033927629816805764,0.002708148956298828,0.000517058310383617,2.1544346900318834,2000,"{1: 3.5, 0: 1}",0.007742636826811269,rbf,"{'C': np.float64(2.1544346900318834), 'cache_size': 2000, 'class_weight': {1: 3.5, 0: 1}, 'gamma': np.float64(0.007742636826811269), 'kernel': 'rbf'}",0.6187499999999999,0.84375,0.50625,0.7142857142857143,0.5714285714285714,0.6508928571428572,0.11788284351812342,672
0.0022061824798583984,0.002168087350182408,0.004508781433105469,0.001554597995608941,0.774263682681127,2000,"{1: 3.5, 0: 1}",0.021544346900318832,rbf,"{'C': np.float64(0.774263682681127), 'cache_size': 2000, 'class_weight': {1: 3.5, 0: 1}, 'gamma': np.float64(0.021544346900318832), 'kernel': 'rbf'}",0.6187499999999999,0.8437500000000001,0.50625,0.7142857142857143,0.5714285714285714,0.6508928571428572,0.11788284351812346,672
0.0031182289123535155,0.00123713850345039,0.0020008087158203125,0.000632787217461654,2.1544346900318834,2000,"{1: 3, 0: 1}",3.593813663804626,sigmoid,"{'C': np.float64(2.1544346900318834), 'cache_size': 2000, 'class_weight': {1: 3, 0: 1}, 'gamma': np.float64(3.593813663804626), 'kernel': 'sigmoid'}",0.625,0.8500000000000001,0.54375,0.7142857142857142,0.5214285714285715,0.6508928571428572,0.12047683747238282,672
0.0030062198638916016,0.0013779743128720873,0.002605247497558594,0.0008069577569353877,0.774263682681127,2000,"{1: 3.5, 0: 1}",0.1668100537200059,rbf,"{'C': np.float64(0.774263682681127), 'cache_size': 2000, 'class_weight': {1: 3.5, 0: 1}, 'gamma': np.float64(0.1668100537200059), 'kernel': 'rbf'}",0.625,0.8500000000000001,0.50625,0.7006802721088434,0.5714285714285714,0.6506717687074829,0.11834590445199174,676
0.0016011238098144532,0.0004895130606812661,0.0024065494537353514,0.000376351423338918,5.994842503189409,2000,"{1: 3.5, 0: 1}",0.05994842503189409,rbf,"{'C': np.float64(5.994842503189409), 'cache_size': 2000, 'class_weight': {1: 3.5, 0: 1}, 'gamma': np.float64(0.05994842503189409), 'kernel': 'rbf'}",0.625,0.8500000000000001,0.50625,0.7006802721088434,0.5714285714285714,0.6506717687074829,0.11834590445199174,676
0.0031061172485351562,0.0012820523379648678,0.0026031494140625,0.0003739533387382047,2.1544346900318834,2000,"{1: 3.5, 0: 1}",0.05994842503189409,rbf,"{'C': np.float64(2.1544346900318834), 'cache_size': 2000, 'class_weight': {1: 3.5, 0: 1}, 'gamma': np.float64(0.05994842503189409), 'kernel': 'rbf'}",0.625,0.8500000000000001,0.50625,0.7006802721088434,0.5714285714285714,0.6506717687074829,0.11834590445199174,676
0.0022056102752685547,0.00025088373700276007,0.0030010223388671877,0.0008944698760468991,359.38136638046257,2000,"{1: 3, 0: 1}",0.007742636826811269,rbf,"{'C': np.float64(359.38136638046257), 'cache_size': 2000, 'class_weight': {1: 3, 0: 1}, 'gamma': np.float64(0.007742636826811269), 'kernel': 'rbf'}",0.625,0.83125,0.525,0.7074829931972788,0.5642857142857143,0.6506037414965986,0.10931694586243712,679
0.0016604423522949218,0.0004337795674170959,0.002002859115600586,0.001049847321715398,1000.0,2000,"{1: 3, 0: 1}",0.0027825594022071257,rbf,"{'C': np.float64(1000.0), 'cache_size': 2000, 'class_weight': {1: 3, 0: 1}, 'gamma': np.float64(0.0027825594022071257), 'kernel': 'rbf'}",0.625,0.83125,0.525,0.7074829931972788,0.5642857142857143,0.6506037414965986,0.10931694586243712,679
0.003610992431640625,0.0015671018092047117,0.0036031246185302735,0.0008005629912738312,129.15496650148827,2000,"{1: 3, 0: 1}",0.021544346900318832,rbf,"{'C': np.float64(129.15496650148827), 'cache_size': 2000, 'class_weight': {1: 3, 0: 1}, 'gamma': np.float64(0.021544346900318832), 'kernel': 'rbf'}",0.625,0.83125,0.525,0.7074829931972788,0.5642857142857143,0.6506037414965986,0.10931694586243712,679
0.0019150733947753905,0.00039301428274336075,0.0034024715423583984,0.001020254594403078,2.1544346900318834,2000,"{1: 3, 0: 1}",1.2915496650148828,rbf,"{'C': np.float64(2.1544346900318834), 'cache_size': 2000, 'class_weight': {1: 3, 0: 1}, 'gamma': np.float64(1.2915496650148828), 'kernel': 'rbf'}",0.6375,0.8187500000000001,0.525,0.7074829931972788,0.5642857142857143,0.6506037414965986,0.10479238833374784,679
0.00220184326171875,0.00024680049356874407,0.003014373779296875,0.0010624558453429093,16.68100537200059,2000,"{1: 3, 0: 1}",0.1668100537200059,rbf,"{'C': np.float64(16.68100537200059), 'cache_size': 2000, 'class_weight': {1: 3, 0: 1}, 'gamma': np.float64(0.1668100537200059), 'kernel': 'rbf'}",0.625,0.83125,0.525,0.7074829931972788,0.5642857142857143,0.6506037414965986,0.10931694586243712,679
0.001802206039428711,0.0005103666536964716,0.004809951782226563,0.0007465112796011075,46.41588833612777,2000,"{1: 3, 0: 1}",0.05994842503189409,rbf,"{'C': np.float64(46.41588833612777), 'cache_size': 2000, 'class_weight': {1: 3, 0: 1}, 'gamma': np.float64(0.05994842503189409), 'kernel': 'rbf'}",0.625,0.83125,0.525,0.7074829931972788,0.5642857142857143,0.6506037414965986,0.10931694586243712,679
0.0019014835357666015,0.0009179006501581072,0.003511810302734375,0.0013098963883397523,2.1544346900318834,2000,"{1: 3.5, 0: 1}",1.2915496650148828,rbf,"{'C': np.float64(2.1544346900318834), 'cache_size': 2000, 'class_weight': {1: 3.5, 0: 1}, 'gamma': np.float64(1.2915496650148828), 'kernel': 'rbf'}",0.625,0.8562500000000001,0.50625,0.7006802721088435,0.5642857142857143,0.6504931972789116,0.121443268680283,685
0.0029060840606689453,0.0021545102337429496,0.00260310173034668,0.0005829805986941031,0.1,2000,"{1: 3, 0: 1}",0.46415888336127775,rbf,"{'C': np.float64(0.1), 'cache_size': 2000, 'class_weight': {1: 3, 0: 1}, 'gamma': np.float64(0.46415888336127775), 'kernel': 'rbf'}",0.65,0.8250000000000001,0.5125,0.7074829931972788,0.5571428571428572,0.6504251700680271,0.11086666734287322,686
0.002002573013305664,0.000546031029023622,0.003106498718261719,0.0015033404931460578,0.774263682681127,2000,"{1: 3, 0: 1}",1.2915496650148828,rbf,"{'C': np.float64(0.774263682681127), 'cache_size': 2000, 'class_weight': {1: 3, 0: 1}, 'gamma': np.float64(1.2915496650148828), 'kernel': 'rbf'}",0.65,0.8187500000000001,0.51875,0.7074829931972788,0.5571428571428572,0.6504251700680271,0.10735824573694983,686
0.0018004894256591797,0.000748442932127633,0.002712106704711914,0.0005161695523965179,0.774263682681127,2000,"{1: 3, 0: 1}",0.46415888336127775,rbf,"{'C': np.float64(0.774263682681127), 'cache_size': 2000, 'class_weight': {1: 3, 0: 1}, 'gamma': np.float64(0.46415888336127775), 'kernel': 'rbf'}",0.65,0.8250000000000001,0.5125,0.7074829931972788,0.5571428571428572,0.6504251700680271,0.11086666734287322,686
0.0016042709350585938,0.0004934725386424274,0.0026027202606201173,0.0003732375228412939,0.2782559402207124,2000,"{1: 3, 0: 1}",1.2915496650148828,rbf,"{'C': np.float64(0.2782559402207124), 'cache_size': 2000, 'class_weight': {1: 3, 0: 1}, 'gamma': np.float64(1.2915496650148828), 'kernel': 'rbf'}",0.65,0.8187500000000001,0.51875,0.7074829931972788,0.5571428571428572,0.6504251700680271,0.10735824573694983,686
0.0012009620666503906,0.0003999243053207298,0.0029017448425292967,0.0001985806307515058,0.1,2000,"{1: 3, 0: 1}",1.2915496650148828,rbf,"{'C': np.float64(0.1), 'cache_size': 2000, 'class_weight': {1: 3, 0: 1}, 'gamma': np.float64(1.2915496650148828), 'kernel': 'rbf'}",0.65,0.8187500000000001,0.51875,0.7074829931972788,0.5571428571428572,0.6504251700680271,0.10735824573694983,686
0.001415109634399414,0.0004854163064779603,0.0017014026641845703,0.00041855296315361376,0.2782559402207124,2000,"{1: 3, 0: 1}",0.46415888336127775,rbf,"{'C': np.float64(0.2782559402207124), 'cache_size': 2000, 'class_weight': {1: 3, 0: 1}, 'gamma': np.float64(0.46415888336127775), 'kernel': 'rbf'}",0.65,0.8250000000000001,0.5125,0.7074829931972788,0.5571428571428572,0.6504251700680271,0.11086666734287322,686
0.002002429962158203,0.0003161338082717415,0.003106832504272461,0.0010187143512575053,2.1544346900318834,2000,"{1: 3, 0: 1}",0.46415888336127775,rbf,"{'C': np.float64(2.1544346900318834), 'cache_size': 2000, 'class_weight': {1: 3, 0: 1}, 'gamma': np.float64(0.46415888336127775), 'kernel': 'rbf'}",0.65,0.8250000000000001,0.5125,0.7074829931972788,0.5571428571428572,0.6504251700680271,0.11086666734287322,686
0.0016056060791015624,0.0005889199247281194,0.00240178108215332,0.0010203208306254555,5.994842503189409,2000,"{1: 2, 0: 1}",1.2915496650148828,poly,"{'C': np.float64(5.994842503189409), 'cache_size': 2000, 'class_weight': {1: 2, 0: 1}, 'gamma': np.float64(1.2915496650148828), 'kernel': 'poly'}",0.61875,0.8250000000000001,0.68125,0.7755102040816326,0.35,0.6501020408163265,0.16633152693760261,693
0.0015013694763183593,0.00044729235289086704,0.00230555534362793,0.00040202939110758017,0.2782559402207124,2000,"{1: 2, 0: 1}",3.593813663804626,poly,"{'C': np.float64(0.2782559402207124), 'cache_size': 2000, 'class_weight': {1: 2, 0: 1}, 'gamma': np.float64(3.593813663804626), 'kernel': 'poly'}",0.61875,0.8250000000000001,0.68125,0.7755102040816326,0.35,0.6501020408163265,0.16633152693760261,693
0.0025053977966308593,0.0010003801589271867,0.0023051738739013673,0.0006084920750750673,16.68100537200059,2000,"{1: 3.5, 0: 1}",1.2915496650148828,rbf,"{'C': np.float64(16.68100537200059), 'cache_size': 2000, 'class_weight': {1: 3.5, 0: 1}, 'gamma': np.float64(1.2915496650148828), 'kernel': 'rbf'}",0.61875,0.8875,0.59375,0.7346938775510204,0.41428571428571426,0.649795918367347,0.1570228926862954,695
0.0016051292419433593,0.0005812792349770305,0.0025062084197998045,0.00100528190524779,0.1,2000,"{1: 2, 0: 1}",3.593813663804626,rbf,"{'C': np.float64(0.1), 'cache_size': 2000, 'class_weight': {1: 2, 0: 1}, 'gamma': np.float64(3.593813663804626), 'kernel': 'rbf'}",0.5750000000000001,0.76875,0.64375,0.7755102040816326,0.4857142857142857,0.6497448979591838,0.11181047076345245,696
0.0021059513092041016,0.0006652484373974341,0.0030062198638916016,0.00031008588778002195,0.2782559402207124,2000,"{1: 2, 0: 1}",3.593813663804626,rbf,"{'C': np.float64(0.2782559402207124), 'cache_size': 2000, 'class_weight': {1: 2, 0: 1}, 'gamma': np.float64(3.593813663804626), 'kernel': 'rbf'}",0.5750000000000001,0.76875,0.6499999999999999,0.7755102040816326,0.4785714285714286,0.6495663265306122,0.1139001216568829,697
0.0019048213958740234,0.0004950092817236629,0.002102041244506836,0.0004897127736498096,46.41588833612777,2000,"{1: 3, 0: 1}",0.1668100537200059,sigmoid,"{'C': np.float64(46.41588833612777), 'cache_size': 2000, 'class_weight': {1: 3, 0: 1}, 'gamma': np.float64(0.1668100537200059), 'kernel': 'sigmoid'}",0.625,0.8500000000000001,0.54375,0.7142857142857142,0.5142857142857142,0.6494642857142857,0.12203577177138163,698
0.0016043663024902343,0.00048635100329483456,0.0022025108337402344,0.0002474232154384641,1000.0,2000,"{1: 3, 0: 1}",0.007742636826811269,sigmoid,"{'C': np.float64(1000.0), 'cache_size': 2000, 'class_weight': {1: 3, 0: 1}, 'gamma': np.float64(0.007742636826811269), 'kernel': 'sigmoid'}",0.625,0.8500000000000001,0.54375,0.7142857142857142,0.5142857142857142,0.6494642857142857,0.12203577177138163,698
0.002005481719970703,0.0003169372917931902,0.0031058788299560547,0.0010233553660928285,16.68100537200059,2000,"{1: 3, 0: 1}",0.46415888336127775,sigmoid,"{'C': np.float64(16.68100537200059), 'cache_size': 2000, 'class_weight': {1: 3, 0: 1}, 'gamma': np.float64(0.46415888336127775), 'kernel': 'sigmoid'}",0.625,0.8500000000000001,0.54375,0.7142857142857142,0.5142857142857142,0.6494642857142857,0.12203577177138163,698
0.0031024456024169923,0.0018005694534439553,0.0039078712463378905,0.0015348287195101598,359.38136638046257,2000,"{1: 3, 0: 1}",0.021544346900318832,sigmoid,"{'C': np.float64(359.38136638046257), 'cache_size': 2000, 'class_weight': {1: 3, 0: 1}, 'gamma': np.float64(0.021544346900318832), 'kernel': 'sigmoid'}",0.625,0.8500000000000001,0.54375,0.7142857142857142,0.5142857142857142,0.6494642857142857,0.12203577177138163,698
0.0017016410827636718,0.0004001049755148611,0.002106046676635742,0.0006664275270089683,5.994842503189409,2000,"{1: 3, 0: 1}",1.2915496650148828,sigmoid,"{'C': np.float64(5.994842503189409), 'cache_size': 2000, 'class_weight': {1: 3, 0: 1}, 'gamma': np.float64(1.2915496650148828), 'kernel': 'sigmoid'}",0.625,0.8500000000000001,0.54375,0.7142857142857142,0.5142857142857142,0.6494642857142857,0.12203577177138163,698
0.0019017696380615235,0.0004908410000128948,0.002502918243408203,0.0004470268375952785,129.15496650148827,2000,"{1: 3, 0: 1}",0.05994842503189409,sigmoid,"{'C': np.float64(129.15496650148827), 'cache_size': 2000, 'class_weight': {1: 3, 0: 1}, 'gamma': np.float64(0.05994842503189409), 'kernel': 'sigmoid'}",0.625,0.8500000000000001,0.54375,0.7142857142857142,0.5142857142857142,0.6494642857142857,0.12203577177138163,698
0.0018055438995361328,0.0006838551588524969,0.002503061294555664,0.00044638895041808276,129.15496650148827,2000,"{1: 3.5, 0: 1}",0.007742636826811269,sigmoid,"{'C': np.float64(129.15496650148827), 'cache_size': 2000, 'class_weight': {1: 3.5, 0: 1}, 'gamma': np.float64(0.007742636826811269), 'kernel': 'sigmoid'}",0.6187499999999999,0.8500000000000001,0.50625,0.7006802721088434,0.5714285714285714,0.649421768707483,0.11864308880979402,704
0.0033028125762939453,0.0016028610522545777,0.004011344909667969,0.00141646967472554,1000.0,2000,"{1: 3.5, 0: 1}",0.001,sigmoid,"{'C': np.float64(1000.0), 'cache_size': 2000, 'class_weight': {1: 3.5, 0: 1}, 'gamma': np.float64(0.001), 'kernel': 'sigmoid'}",0.6187499999999999,0.8500000000000001,0.50625,0.7006802721088434,0.5714285714285714,0.649421768707483,0.11864308880979402,704
0.0021051406860351563,0.000208426749121745,0.002202606201171875,0.0002467626350506246,16.68100537200059,2000,"{1: 3.5, 0: 1}",0.05994842503189409,sigmoid,"{'C': np.float64(16.68100537200059), 'cache_size': 2000, 'class_weight': {1: 3.5, 0: 1}, 'gamma': np.float64(0.05994842503189409), 'kernel': 'sigmoid'}",0.6187499999999999,0.8500000000000001,0.50625,0.7006802721088434,0.5714285714285714,0.649421768707483,0.11864308880979402,704
0.002819681167602539,0.0013617239574005516,0.0025015830993652343,0.00044681012164159666,359.38136638046257,2000,"{1: 3.5, 0: 1}",0.0027825594022071257,sigmoid,"{'C': np.float64(359.38136638046257), 'cache_size': 2000, 'class_weight': {1: 3.5, 0: 1}, 'gamma': np.float64(0.0027825594022071257), 'kernel': 'sigmoid'}",0.6187499999999999,0.8500000000000001,0.50625,0.7006802721088434,0.5714285714285714,0.649421768707483,0.11864308880979402,704
0.002204704284667969,0.00040755379307235947,0.003103828430175781,0.0011592512162241055,359.38136638046257,2000,"{1: 3.5, 0: 1}",0.001,sigmoid,"{'C': np.float64(359.38136638046257), 'cache_size': 2000, 'class_weight': {1: 3.5, 0: 1}, 'gamma': np.float64(0.001), 'kernel': 'sigmoid'}",0.6187499999999999,0.8500000000000001,0.50625,0.7006802721088434,0.5714285714285714,0.649421768707483,0.11864308880979402,704
0.0029012203216552735,0.0023344912469048878,0.002810239791870117,0.0005163809368162487,16.68100537200059,2000,"{1: 3.5, 0: 1}",0.021544346900318832,rbf,"{'C': np.float64(16.68100537200059), 'cache_size': 2000, 'class_weight': {1: 3.5, 0: 1}, 'gamma': np.float64(0.021544346900318832), 'kernel': 'rbf'}",0.6187499999999999,0.8500000000000001,0.50625,0.7006802721088434,0.5714285714285714,0.649421768707483,0.11864308880979402,704
0.0012859821319580079,0.0009777492780245639,0.0021036624908447265,0.00037597594250474625,2.1544346900318834,2000,"{1: 3.5, 0: 1}",0.1668100537200059,sigmoid,"{'C': np.float64(2.1544346900318834), 'cache_size': 2000, 'class_weight': {1: 3.5, 0: 1}, 'gamma': np.float64(0.1668100537200059), 'kernel': 'sigmoid'}",0.6187499999999999,0.8500000000000001,0.50625,0.7006802721088434,0.5714285714285714,0.649421768707483,0.11864308880979402,704
0.00150146484375,0.00044723697161375457,0.002620410919189453,0.000584051037925073,16.68100537200059,2000,"{1: 3.5, 0: 1}",0.021544346900318832,sigmoid,"{'C': np.float64(16.68100537200059), 'cache_size': 2000, 'class_weight': {1: 3.5, 0: 1}, 'gamma': np.float64(0.021544346900318832), 'kernel': 'sigmoid'}",0.6187499999999999,0.8500000000000001,0.50625,0.7006802721088434,0.5714285714285714,0.649421768707483,0.11864308880979402,704
0.0020023345947265624,0.0008382548593255404,0.0031062602996826173,0.001569489123713175,46.41588833612777,2000,"{1: 3.5, 0: 1}",0.021544346900318832,sigmoid,"{'C': np.float64(46.41588833612777), 'cache_size': 2000, 'class_weight': {1: 3.5, 0: 1}, 'gamma': np.float64(0.021544346900318832), 'kernel': 'sigmoid'}",0.6187499999999999,0.8500000000000001,0.50625,0.7006802721088434,0.5714285714285714,0.649421768707483,0.11864308880979402,704
0.0020049571990966796,0.0007096556557406892,0.0021914005279541015,0.000406029418986403,2.1544346900318834,2000,balanced,0.001,linear,"{'C': np.float64(2.1544346900318834), 'cache_size': 2000, 'class_weight': 'balanced', 'gamma': np.float64(0.001), 'kernel': 'linear'}",0.675,0.78125,0.525,0.693877551020408,0.5714285714285714,0.649311224489796,0.09118431807365379,713
0.002001953125,0.0006325625732753799,0.004111433029174804,0.0008658872891948817,46.41588833612777,2000,balanced,0.021544346900318832,rbf,"{'C': np.float64(46.41588833612777), 'cache_size': 2000, 'class_weight': 'balanced', 'gamma': np.float64(0.021544346900318832), 'kernel': 'rbf'}",0.675,0.78125,0.525,0.693877551020408,0.5714285714285714,0.649311224489796,0.09118431807365379,713
0.0036077499389648438,0.0020435675911810365,0.002901172637939453,0.0006630190252382739,16.68100537200059,2000,balanced,0.05994842503189409,rbf,"{'C': np.float64(16.68100537200059), 'cache_size': 2000, 'class_weight': 'balanced', 'gamma': np.float64(0.05994842503189409), 'kernel': 'rbf'}",0.675,0.78125,0.525,0.693877551020408,0.5714285714285714,0.649311224489796,0.09118431807365379,713
0.002208995819091797,0.0005158479915580159,0.0026028633117675783,0.001201012500218037,1000.0,2000,balanced,0.001,rbf,"{'C': np.float64(1000.0), 'cache_size': 2000, 'class_weight': 'balanced', 'gamma': np.float64(0.001), 'kernel': 'rbf'}",0.675,0.78125,0.525,0.693877551020408,0.5714285714285714,0.649311224489796,0.09118431807365379,713
0.002005338668823242,0.000542297950606385,0.0023023605346679686,0.0004003430729343323,2.1544346900318834,2000,balanced,0.46415888336127775,linear,"{'C': np.float64(2.1544346900318834), 'cache_size': 2000, 'class_weight': 'balanced', 'gamma': np.float64(0.46415888336127775), 'kernel': 'linear'}",0.675,0.78125,0.525,0.693877551020408,0.5714285714285714,0.649311224489796,0.09118431807365379,713
0.0024056434631347656,0.00048738876283385685,0.0027030467987060546,0.0008114003018580184,2.1544346900318834,2000,balanced,0.0027825594022071257,linear,"{'C': np.float64(2.1544346900318834), 'cache_size': 2000, 'class_weight': 'balanced', 'gamma': np.float64(0.0027825594022071257), 'kernel': 'linear'}",0.675,0.78125,0.525,0.693877551020408,0.5714285714285714,0.649311224489796,0.09118431807365379,713
0.002303028106689453,0.0004013915841288389,0.0023071765899658203,0.0002505601637085867,359.38136638046257,2000,balanced,0.0027825594022071257,rbf,"{'C': np.float64(359.38136638046257), 'cache_size': 2000, 'class_weight': 'balanced', 'gamma': np.float64(0.0027825594022071257), 'kernel': 'rbf'}",0.675,0.78125,0.525,0.693877551020408,0.5714285714285714,0.649311224489796,0.09118431807365379,713
0.0013019084930419923,0.00040026171192853696,0.0032169342041015623,0.001428968466823076,2.1544346900318834,2000,balanced,1.2915496650148828,linear,"{'C': np.float64(2.1544346900318834), 'cache_size': 2000, 'class_weight': 'balanced', 'gamma': np.float64(1.2915496650148828), 'kernel': 'linear'}",0.675,0.78125,0.525,0.693877551020408,0.5714285714285714,0.649311224489796,0.09118431807365379,713
0.0025066852569580076,0.0011427279520835538,0.0021052837371826174,0.00048756575875871186,2.1544346900318834,2000,balanced,3.593813663804626,linear,"{'C': np.float64(2.1544346900318834), 'cache_size': 2000, 'class_weight': 'balanced', 'gamma': np.float64(3.593813663804626), 'kernel': 'linear'}",0.675,0.78125,0.525,0.693877551020408,0.5714285714285714,0.649311224489796,0.09118431807365379,713
0.0020017623901367188,0.0006326382793850589,0.002506732940673828,0.0005563044570463269,2.1544346900318834,2000,balanced,0.1668100537200059,linear,"{'C': np.float64(2.1544346900318834), 'cache_size': 2000, 'class_weight': 'balanced', 'gamma': np.float64(0.1668100537200059), 'kernel': 'linear'}",0.675,0.78125,0.525,0.693877551020408,0.5714285714285714,0.649311224489796,0.09118431807365379,713
0.001901388168334961,0.0008009080887016835,0.002305889129638672,0.00040165249737973707,2.1544346900318834,2000,balanced,10.0,linear,"{'C': np.float64(2.1544346900318834), 'cache_size': 2000, 'class_weight': 'balanced', 'gamma': np.float64(10.0), 'kernel': 'linear'}",0.675,0.78125,0.525,0.693877551020408,0.5714285714285714,0.649311224489796,0.09118431807365379,713
0.0018007278442382813,0.0007483797095913872,0.003008127212524414,0.001099170478329138,2.1544346900318834,2000,balanced,0.05994842503189409,linear,"{'C': np.float64(2.1544346900318834), 'cache_size': 2000, 'class_weight': 'balanced', 'gamma': np.float64(0.05994842503189409), 'kernel': 'linear'}",0.675,0.78125,0.525,0.693877551020408,0.5714285714285714,0.649311224489796,0.09118431807365379,713
0.002517843246459961,0.0005677854160713792,0.0022010326385498045,0.00039961469976192474,2.1544346900318834,2000,balanced,0.007742636826811269,linear,"{'C': np.float64(2.1544346900318834), 'cache_size': 2000, 'class_weight': 'balanced', 'gamma': np.float64(0.007742636826811269), 'kernel': 'linear'}",0.675,0.78125,0.525,0.693877551020408,0.5714285714285714,0.649311224489796,0.09118431807365379,713
0.002608776092529297,0.0007989400964960928,0.003005313873291016,0.0006316977780477003,129.15496650148827,2000,balanced,0.007742636826811269,rbf,"{'C': np.float64(129.15496650148827), 'cache_size': 2000, 'class_weight': 'balanced', 'gamma': np.float64(0.007742636826811269), 'kernel': 'rbf'}",0.675,0.78125,0.525,0.693877551020408,0.5714285714285714,0.649311224489796,0.09118431807365379,713
0.0018942832946777343,0.0004791656718013832,0.002512359619140625,0.00045901929985303413,2.1544346900318834,2000,balanced,0.021544346900318832,linear,"{'C': np.float64(2.1544346900318834), 'cache_size': 2000, 'class_weight': 'balanced', 'gamma': np.float64(0.021544346900318832), 'kernel': 'linear'}",0.675,0.78125,0.525,0.693877551020408,0.5714285714285714,0.649311224489796,0.09118431807365379,713
0.002102375030517578,0.0004913083740021031,0.002483367919921875,0.00047393655707676856,2.1544346900318834,2000,"{1: 3.5, 0: 1}",0.021544346900318832,rbf,"{'C': np.float64(2.1544346900318834), 'cache_size': 2000, 'class_weight': {1: 3.5, 0: 1}, 'gamma': np.float64(0.021544346900318832), 'kernel': 'rbf'}",0.6187499999999999,0.85,0.50625,0.7142857142857143,0.5571428571428572,0.6492857142857144,0.12197801114988567,728
0.0021010875701904298,0.0008017246026097413,0.002611112594604492,0.0007470926489336695,16.68100537200059,2000,"{1: 3.5, 0: 1}",0.05994842503189409,rbf,"{'C': np.float64(16.68100537200059), 'cache_size': 2000, 'class_weight': {1: 3.5, 0: 1}, 'gamma': np.float64(0.05994842503189409), 'kernel': 'rbf'}",0.625,0.8500000000000001,0.50625,0.7006802721088434,0.5642857142857143,0.6492431972789114,0.11933283496569032,729
0.002206897735595703,0.0005079156644803513,0.0022049903869628905,0.0004078872019307158,46.41588833612777,2000,"{1: 3.5, 0: 1}",0.05994842503189409,rbf,"{'C': np.float64(46.41588833612777), 'cache_size': 2000, 'class_weight': {1: 3.5, 0: 1}, 'gamma': np.float64(0.05994842503189409), 'kernel': 'rbf'}",0.625,0.8500000000000001,0.50625,0.7006802721088434,0.5642857142857143,0.6492431972789114,0.11933283496569032,729
0.002902507781982422,0.0012012134599531984,0.0034099102020263674,0.001719680744442721,5.994842503189409,2000,"{1: 3, 0: 1}",0.007742636826811269,rbf,"{'C': np.float64(5.994842503189409), 'cache_size': 2000, 'class_weight': {1: 3, 0: 1}, 'gamma': np.float64(0.007742636826811269), 'kernel': 'rbf'}",0.65,0.81875,0.5125,0.7074829931972788,0.5571428571428572,0.6491751700680272,0.10890927808449274,731
0.0021051406860351563,0.00020795445236293446,0.001901721954345703,0.00019853266114958833,5.994842503189409,2000,"{1: 3, 0: 1}",0.021544346900318832,sigmoid,"{'C': np.float64(5.994842503189409), 'cache_size': 2000, 'class_weight': {1: 3, 0: 1}, 'gamma': np.float64(0.021544346900318832), 'kernel': 'sigmoid'}",0.65,0.81875,0.5125,0.7074829931972788,0.5571428571428572,0.6491751700680272,0.10890927808449274,731
0.0018029212951660156,0.00024314295613882267,0.0020050048828125,8.168542023860249e-06,5.994842503189409,2000,"{1: 3, 0: 1}",0.05994842503189409,sigmoid,"{'C': np.float64(5.994842503189409), 'cache_size': 2000, 'class_weight': {1: 3, 0: 1}, 'gamma': np.float64(0.05994842503189409), 'kernel': 'sigmoid'}",0.65,0.81875,0.5125,0.7074829931972788,0.5571428571428572,0.6491751700680272,0.10890927808449274,731
0.002001953125,0.0006318825265371557,0.0032030582427978516,0.0009292627398766149,1000.0,2000,"{1: 3, 0: 1}",0.001,sigmoid,"{'C': np.float64(1000.0), 'cache_size': 2000, 'class_weight': {1: 3, 0: 1}, 'gamma': np.float64(0.001), 'kernel': 'sigmoid'}",0.65,0.81875,0.5125,0.7074829931972788,0.5571428571428572,0.6491751700680272,0.10890927808449274,731
0.002105569839477539,0.00019944386633361695,0.002105855941772461,0.0002083160474632509,5.994842503189409,2000,"{1: 3, 0: 1}",0.021544346900318832,rbf,"{'C': np.float64(5.994842503189409), 'cache_size': 2000, 'class_weight': {1: 3, 0: 1}, 'gamma': np.float64(0.021544346900318832), 'kernel': 'rbf'}",0.65,0.81875,0.5125,0.7074829931972788,0.5571428571428572,0.6491751700680272,0.10890927808449274,731
0.0023021697998046875,0.0004011416222614679,0.0034064292907714845,0.0013171287753400232,5.994842503189409,2000,"{1: 3, 0: 1}",0.007742636826811269,sigmoid,"{'C': np.float64(5.994842503189409), 'cache_size': 2000, 'class_weight': {1: 3, 0: 1}, 'gamma': np.float64(0.007742636826811269), 'kernel': 'sigmoid'}",0.65,0.81875,0.5125,0.7074829931972788,0.5571428571428572,0.6491751700680272,0.10890927808449274,731
0.0022054195404052736,0.0004082706759193497,0.002402496337890625,0.00037485774301497976,1000.0,2000,"{1: 3, 0: 1}",0.001,rbf,"{'C': np.float64(1000.0), 'cache_size': 2000, 'class_weight': {1: 3, 0: 1}, 'gamma': np.float64(0.001), 'kernel': 'rbf'}",0.65,0.81875,0.5125,0.7074829931972788,0.5571428571428572,0.6491751700680272,0.10890927808449274,731
0.0017011165618896484,0.0006010548361969231,0.002305746078491211,0.0005965687751958377,46.41588833612777,2000,"{1: 3, 0: 1}",0.001,sigmoid,"{'C': np.float64(46.41588833612777), 'cache_size': 2000, 'class_weight': {1: 3, 0: 1}, 'gamma': np.float64(0.001), 'kernel': 'sigmoid'}",0.65,0.81875,0.5125,0.7074829931972788,0.5571428571428572,0.6491751700680272,0.10890927808449274,731
0.0016040325164794922,0.0008068496217897668,0.0032059669494628905,0.0006760486410036938,46.41588833612777,2000,"{1: 3, 0: 1}",0.001,rbf,"{'C': np.float64(46.41588833612777), 'cache_size': 2000, 'class_weight': {1: 3, 0: 1}, 'gamma': np.float64(0.001), 'kernel': 'rbf'}",0.65,0.81875,0.5125,0.7074829931972788,0.5571428571428572,0.6491751700680272,0.10890927808449274,731
0.001400136947631836,0.0004899597886342959,0.002406883239746094,0.0003763574346088712,0.1,2000,"{1: 3, 0: 1}",1.2915496650148828,linear,"{'C': np.float64(0.1), 'cache_size': 2000, 'class_weight': {1: 3, 0: 1}, 'gamma': np.float64(1.2915496650148828), 'kernel': 'linear'}",0.65,0.81875,0.5125,0.7074829931972788,0.5571428571428572,0.6491751700680272,0.10890927808449274,731
0.0023061752319335936,0.0006853721553900698,0.0023008346557617187,0.0005979077573936615,0.1,2000,"{1: 3, 0: 1}",1.2915496650148828,sigmoid,"{'C': np.float64(0.1), 'cache_size': 2000, 'class_weight': {1: 3, 0: 1}, 'gamma': np.float64(1.2915496650148828), 'kernel': 'sigmoid'}",0.65,0.81875,0.5125,0.7074829931972788,0.5571428571428572,0.6491751700680272,0.10890927808449274,731
0.0012026786804199218,0.0008104236946388881,0.0019423484802246094,0.0004998059471656575,0.1,2000,"{1: 3, 0: 1}",0.46415888336127775,sigmoid,"{'C': np.float64(0.1), 'cache_size': 2000, 'class_weight': {1: 3, 0: 1}, 'gamma': np.float64(0.46415888336127775), 'kernel': 'sigmoid'}",0.65,0.81875,0.5125,0.7074829931972788,0.5571428571428572,0.6491751700680272,0.10890927808449274,731
0.0018027782440185546,0.000511475740830654,0.003409719467163086,0.0018635050763095948,46.41588833612777,2000,"{1: 3, 0: 1}",0.0027825594022071257,rbf,"{'C': np.float64(46.41588833612777), 'cache_size': 2000, 'class_weight': {1: 3, 0: 1}, 'gamma': np.float64(0.0027825594022071257), 'kernel': 'rbf'}",0.65,0.81875,0.5125,0.7074829931972788,0.5571428571428572,0.6491751700680272,0.10890927808449274,731
0.002706289291381836,0.0016598225797430526,0.002402973175048828,0.0005831034613228012,46.41588833612777,2000,"{1: 3, 0: 1}",0.0027825594022071257,sigmoid,"{'C': np.float64(46.41588833612777), 'cache_size': 2000, 'class_weight': {1: 3, 0: 1}, 'gamma': np.float64(0.0027825594022071257), 'kernel': 'sigmoid'}",0.65,0.81875,0.5125,0.7074829931972788,0.5571428571428572,0.6491751700680272,0.10890927808449274,731
0.0028046131134033202,0.0013280173698107978,0.003904294967651367,0.0028201964482499576,359.38136638046257,2000,"{1: 3, 0: 1}",0.0027825594022071257,rbf,"{'C': np.float64(359.38136638046257), 'cache_size': 2000, 'class_weight': {1: 3, 0: 1}, 'gamma': np.float64(0.0027825594022071257), 'kernel': 'rbf'}",0.65,0.81875,0.5125,0.7074829931972788,0.5571428571428572,0.6491751700680272,0.10890927808449274,731
0.0023011684417724608,0.0011679091089405803,0.00410919189453125,0.0018324016134578785,359.38136638046257,2000,"{1: 3, 0: 1}",0.0027825594022071257,sigmoid,"{'C': np.float64(359.38136638046257), 'cache_size': 2000, 'class_weight': {1: 3, 0: 1}, 'gamma': np.float64(0.0027825594022071257), 'kernel': 'sigmoid'}",0.65,0.81875,0.5125,0.7074829931972788,0.5571428571428572,0.6491751700680272,0.10890927808449274,731
0.0014012813568115234,0.0004902916690434257,0.002105569839477539,0.00020952316973296082,0.774263682681127,2000,"{1: 3, 0: 1}",0.021544346900318832,linear,"{'C': np.float64(0.774263682681127), 'cache_size': 2000, 'class_weight': {1: 3, 0: 1}, 'gamma': np.float64(0.021544346900318832), 'kernel': 'linear'}",0.65,0.81875,0.5125,0.7074829931972788,0.5571428571428572,0.6491751700680272,0.10890927808449274,731
0.0022005081176757813,0.0014700804876256056,0.0033082008361816407,0.0012168788199508843,359.38136638046257,2000,"{1: 3, 0: 1}",0.001,sigmoid,"{'C': np.float64(359.38136638046257), 'cache_size': 2000, 'class_weight': {1: 3, 0: 1}, 'gamma': np.float64(0.001), 'kernel': 'sigmoid'}",0.65,0.81875,0.5125,0.7074829931972788,0.5571428571428572,0.6491751700680272,0.10890927808449274,731
0.003107595443725586,0.0018295604996962911,0.0024021148681640627,0.0004909149912515295,46.41588833612777,2000,"{1: 3, 0: 1}",0.021544346900318832,sigmoid,"{'C': np.float64(46.41588833612777), 'cache_size': 2000, 'class_weight': {1: 3, 0: 1}, 'gamma': np.float64(0.021544346900318832), 'kernel': 'sigmoid'}",0.65,0.81875,0.5125,0.7074829931972788,0.5571428571428572,0.6491751700680272,0.10890927808449274,731
0.0018034934997558593,0.0007497144700414373,0.0033075809478759766,0.0009266887609574076,359.38136638046257,2000,"{1: 3, 0: 1}",0.001,rbf,"{'C': np.float64(359.38136638046257), 'cache_size': 2000, 'class_weight': {1: 3, 0: 1}, 'gamma': np.float64(0.001), 'kernel': 'rbf'}",0.65,0.81875,0.5125,0.7074829931972788,0.5571428571428572,0.6491751700680272,0.10890927808449274,731
0.0016022205352783203,0.00037332550430431004,0.001992321014404297,0.000528118359159323,0.2782559402207124,2000,"{1: 3, 0: 1}",0.021544346900318832,linear,"{'C': np.float64(0.2782559402207124), 'cache_size': 2000, 'class_weight': {1: 3, 0: 1}, 'gamma': np.float64(0.021544346900318832), 'kernel': 'linear'}",0.65,0.81875,0.5125,0.7074829931972788,0.5571428571428572,0.6491751700680272,0.10890927808449274,731
0.001362752914428711,0.0005067525827160532,0.002335071563720703,0.0007361849182420142,0.2782559402207124,2000,"{1: 3, 0: 1}",0.007742636826811269,linear,"{'C': np.float64(0.2782559402207124), 'cache_size': 2000, 'class_weight': {1: 3, 0: 1}, 'gamma': np.float64(0.007742636826811269), 'kernel': 'linear'}",0.65,0.81875,0.5125,0.7074829931972788,0.5571428571428572,0.6491751700680272,0.10890927808449274,731
0.0012752056121826173,0.0004098819265608492,0.0015150070190429687,0.00045499997027618664,0.2782559402207124,2000,"{1: 3, 0: 1}",0.0027825594022071257,linear,"{'C': np.float64(0.2782559402207124), 'cache_size': 2000, 'class_weight': {1: 3, 0: 1}, 'gamma': np.float64(0.0027825594022071257), 'kernel': 'linear'}",0.65,0.81875,0.5125,0.7074829931972788,0.5571428571428572,0.6491751700680272,0.10890927808449274,731
0.0015050888061523438,0.00045197055756962887,0.002003908157348633,0.0006325982762884627,46.41588833612777,2000,"{1: 3, 0: 1}",0.007742636826811269,sigmoid,"{'C': np.float64(46.41588833612777), 'cache_size': 2000, 'class_weight': {1: 3, 0: 1}, 'gamma': np.float64(0.007742636826811269), 'kernel': 'sigmoid'}",0.65,0.81875,0.5125,0.7074829931972788,0.5571428571428572,0.6491751700680272,0.10890927808449274,731
0.0023010730743408202,0.0004001759252953371,0.0029059886932373048,0.0004840435646430349,46.41588833612777,2000,"{1: 3, 0: 1}",0.021544346900318832,rbf,"{'C': np.float64(46.41588833612777), 'cache_size': 2000, 'class_weight': {1: 3, 0: 1}, 'gamma': np.float64(0.021544346900318832), 'kernel': 'rbf'}",0.65,0.81875,0.5125,0.7074829931972788,0.5571428571428572,0.6491751700680272,0.10890927808449274,731
0.0016045093536376954,0.000493374709051456,0.0024026870727539063,0.0005816667852945925,0.2782559402207124,2000,"{1: 3, 0: 1}",0.001,linear,"{'C': np.float64(0.2782559402207124), 'cache_size': 2000, 'class_weight': {1: 3, 0: 1}, 'gamma': np.float64(0.001), 'kernel': 'linear'}",0.65,0.81875,0.5125,0.7074829931972788,0.5571428571428572,0.6491751700680272,0.10890927808449274,731
0.0010006427764892578,7.231593555499601e-07,0.0022063255310058594,0.0002508917122368889,0.774263682681127,2000,"{1: 3, 0: 1}",0.0027825594022071257,linear,"{'C': np.float64(0.774263682681127), 'cache_size': 2000, 'class_weight': {1: 3, 0: 1}, 'gamma': np.float64(0.0027825594022071257), 'kernel': 'linear'}",0.65,0.81875,0.5125,0.7074829931972788,0.5571428571428572,0.6491751700680272,0.10890927808449274,731
0.0015089035034179688,0.0006377226535878925,0.0027025222778320314,0.001167745572335431,0.774263682681127,2000,"{1: 3, 0: 1}",0.007742636826811269,linear,"{'C': np.float64(0.774263682681127), 'cache_size': 2000, 'class_weight': {1: 3, 0: 1}, 'gamma': np.float64(0.007742636826811269), 'kernel': 'linear'}",0.65,0.81875,0.5125,0.7074829931972788,0.5571428571428572,0.6491751700680272,0.10890927808449274,731
0.0012035369873046875,0.0007478368666541462,0.0018781661987304688,0.0004569181342143065,0.2782559402207124,2000,"{1: 3, 0: 1}",0.1668100537200059,linear,"{'C': np.float64(0.2782559402207124), 'cache_size': 2000, 'class_weight': {1: 3, 0: 1}, 'gamma': np.float64(0.1668100537200059), 'kernel': 'linear'}",0.65,0.81875,0.5125,0.7074829931972788,0.5571428571428572,0.6491751700680272,0.10890927808449274,731
0.0026515960693359376,0.0011425744548667594,0.0019929885864257814,0.0005260252490015675,0.1,2000,"{1: 3, 0: 1}",10.0,linear,"{'C': np.float64(0.1), 'cache_size': 2000, 'class_weight': {1: 3, 0: 1}, 'gamma': np.float64(10.0), 'kernel': 'linear'}",0.65,0.81875,0.5125,0.7074829931972788,0.5571428571428572,0.6491751700680272,0.10890927808449274,731
0.002005338668823242,0.000637778888172726,0.0026024341583251952,0.0009694921437100618,0.774263682681127,2000,"{1: 3, 0: 1}",0.05994842503189409,linear,"{'C': np.float64(0.774263682681127), 'cache_size': 2000, 'class_weight': {1: 3, 0: 1}, 'gamma': np.float64(0.05994842503189409), 'kernel': 'linear'}",0.65,0.81875,0.5125,0.7074829931972788,0.5571428571428572,0.6491751700680272,0.10890927808449274,731
0.001287555694580078,0.000574064660739573,0.002206277847290039,0.0002517259172624508,0.1,2000,"{1: 3, 0: 1}",0.007742636826811269,linear,"{'C': np.float64(0.1), 'cache_size': 2000, 'class_weight': {1: 3, 0: 1}, 'gamma': np.float64(0.007742636826811269), 'kernel': 'linear'}",0.65,0.81875,0.5125,0.7074829931972788,0.5571428571428572,0.6491751700680272,0.10890927808449274,731
0.0016011238098144532,0.0008003238698660239,0.002105522155761719,0.00020942877984010227,0.1,2000,"{1: 3, 0: 1}",3.593813663804626,linear,"{'C': np.float64(0.1), 'cache_size': 2000, 'class_weight': {1: 3, 0: 1}, 'gamma': np.float64(3.593813663804626), 'kernel': 'linear'}",0.65,0.81875,0.5125,0.7074829931972788,0.5571428571428572,0.6491751700680272,0.10890927808449274,731
0.0015005111694335938,0.0004359829493593025,0.0023096561431884765,0.000398599860285707,0.2782559402207124,2000,"{1: 3, 0: 1}",0.05994842503189409,linear,"{'C': np.float64(0.2782559402207124), 'cache_size': 2000, 'class_weight': {1: 3, 0: 1}, 'gamma': np.float64(0.05994842503189409), 'kernel': 'linear'}",0.65,0.81875,0.5125,0.7074829931972788,0.5571428571428572,0.6491751700680272,0.10890927808449274,731
0.0015363216400146485,0.0004110361860333005,0.0025286197662353514,0.0007601693109818538,0.774263682681127,2000,"{1: 3, 0: 1}",10.0,linear,"{'C': np.float64(0.774263682681127), 'cache_size': 2000, 'class_weight': {1: 3, 0: 1}, 'gamma': np.float64(10.0), 'kernel': 'linear'}",0.65,0.81875,0.5125,0.7074829931972788,0.5571428571428572,0.6491751700680272,0.10890927808449274,731
0.0013012409210205079,0.00040046266472494135,0.0027069091796875,0.0008755460331585336,0.774263682681127,2000,"{1: 3, 0: 1}",3.593813663804626,linear,"{'C': np.float64(0.774263682681127), 'cache_size': 2000, 'class_weight': {1: 3, 0: 1}, 'gamma': np.float64(3.593813663804626), 'kernel': 'linear'}",0.65,0.81875,0.5125,0.7074829931972788,0.5571428571428572,0.6491751700680272,0.10890927808449274,731
0.001802682876586914,0.0005114387178332166,0.001901721954345703,0.00019877044877265816,2.1544346900318834,2000,"{1: 3, 0: 1}",0.007742636826811269,linear,"{'C': np.float64(2.1544346900318834), 'cache_size': 2000, 'class_weight': {1: 3, 0: 1}, 'gamma': np.float64(0.007742636826811269), 'kernel': 'linear'}",0.65,0.81875,0.5125,0.7074829931972788,0.5571428571428572,0.6491751700680272,0.10890927808449274,731
0.0015012741088867188,0.00044670397658167036,0.0023050308227539062,0.0003990407135917401,2.1544346900318834,2000,"{1: 3, 0: 1}",0.0027825594022071257,linear,"{'C': np.float64(2.1544346900318834), 'cache_size': 2000, 'class_weight': {1: 3, 0: 1}, 'gamma': np.float64(0.0027825594022071257), 'kernel': 'linear'}",0.65,0.81875,0.5125,0.7074829931972788,0.5571428571428572,0.6491751700680272,0.10890927808449274,731
0.0019012451171875,0.0004909742077052251,0.0032147884368896483,0.000675681759617227,129.15496650148827,2000,"{1: 3, 0: 1}",0.001,rbf,"{'C': np.float64(129.15496650148827), 'cache_size': 2000, 'class_weight': {1: 3, 0: 1}, 'gamma': np.float64(0.001), 'kernel': 'rbf'}",0.65,0.81875,0.5125,0.7074829931972788,0.5571428571428572,0.6491751700680272,0.10890927808449274,731
0.0015041828155517578,0.00044379803266656224,0.0018016815185546875,0.00040099882711526843,0.2782559402207124,2000,"{1: 3, 0: 1}",3.593813663804626,linear,"{'C': np.float64(0.2782559402207124), 'cache_size': 2000, 'class_weight': {1: 3, 0: 1}, 'gamma': np.float64(3.593813663804626), 'kernel': 'linear'}",0.65,0.81875,0.5125,0.7074829931972788,0.5571428571428572,0.6491751700680272,0.10890927808449274,731
0.0018009185791015626,0.0007486217430901813,0.0023067474365234377,0.0005104272929759309,2.1544346900318834,2000,"{1: 3, 0: 1}",1.2915496650148828,linear,"{'C': np.float64(2.1544346900318834), 'cache_size': 2000, 'class_weight': {1: 3, 0: 1}, 'gamma': np.float64(1.2915496650148828), 'kernel': 'linear'}",0.65,0.81875,0.5125,0.7074829931972788,0.5571428571428572,0.6491751700680272,0.10890927808449274,731
0.0018045425415039063,0.00039277136058051666,0.0019012451171875,0.00066287614233847,16.68100537200059,2000,"{1: 3, 0: 1}",0.007742636826811269,sigmoid,"{'C': np.float64(16.68100537200059), 'cache_size': 2000, 'class_weight': {1: 3, 0: 1}, 'gamma': np.float64(0.007742636826811269), 'kernel': 'sigmoid'}",0.65,0.81875,0.5125,0.7074829931972788,0.5571428571428572,0.6491751700680272,0.10890927808449274,731
0.0014028549194335938,0.0003750575088144312,0.002809000015258789,0.0007525742085850649,16.68100537200059,2000,"{1: 3, 0: 1}",0.0027825594022071257,rbf,"{'C': np.float64(16.68100537200059), 'cache_size': 2000, 'class_weight': {1: 3, 0: 1}, 'gamma': np.float64(0.0027825594022071257), 'kernel': 'rbf'}",0.65,0.81875,0.5125,0.7074829931972788,0.5571428571428572,0.6491751700680272,0.10890927808449274,731
0.0013012886047363281,0.0004003090684990867,0.0025022029876708984,0.00044798367575350876,16.68100537200059,2000,"{1: 3, 0: 1}",0.007742636826811269,rbf,"{'C': np.float64(16.68100537200059), 'cache_size': 2000, 'class_weight': {1: 3, 0: 1}, 'gamma': np.float64(0.007742636826811269), 'kernel': 'rbf'}",0.65,0.81875,0.5125,0.7074829931972788,0.5571428571428572,0.6491751700680272,0.10890927808449274,731
0.0015999794006347657,0.0004897457332026785,0.0022033214569091796,0.0005100051855338832,16.68100537200059,2000,"{1: 3, 0: 1}",0.0027825594022071257,sigmoid,"{'C': np.float64(16.68100537200059), 'cache_size': 2000, 'class_weight': {1: 3, 0: 1}, 'gamma': np.float64(0.0027825594022071257), 'kernel': 'sigmoid'}",0.65,0.81875,0.5125,0.7074829931972788,0.5571428571428572,0.6491751700680272,0.10890927808449274,731
0.002808666229248047,0.0009337666569488586,0.0021028995513916017,0.00020239495713802343,16.68100537200059,2000,"{1: 3, 0: 1}",0.021544346900318832,rbf,"{'C': np.float64(16.68100537200059), 'cache_size': 2000, 'class_weight': {1: 3, 0: 1}, 'gamma': np.float64(0.021544346900318832), 'kernel': 'rbf'}",0.65,0.81875,0.5125,0.7074829931972788,0.5571428571428572,0.6491751700680272,0.10890927808449274,731
0.0020017147064208983,0.0006322599171138356,0.0028060436248779296,0.0008116402500409788,2.1544346900318834,2000,"{1: 3, 0: 1}",0.021544346900318832,rbf,"{'C': np.float64(2.1544346900318834), 'cache_size': 2000, 'class_weight': {1: 3, 0: 1}, 'gamma': np.float64(0.021544346900318832), 'kernel': 'rbf'}",0.65,0.81875,0.5125,0.7074829931972788,0.5571428571428572,0.6491751700680272,0.10890927808449274,731
0.001905345916748047,0.0004844798016801572,0.002601146697998047,0.0008004909101386451,2.1544346900318834,2000,"{1: 3, 0: 1}",0.021544346900318832,sigmoid,"{'C': np.float64(2.1544346900318834), 'cache_size': 2000, 'class_weight': {1: 3, 0: 1}, 'gamma': np.float64(0.021544346900318832), 'kernel': 'sigmoid'}",0.65,0.81875,0.5125,0.7074829931972788,0.5571428571428572,0.6491751700680272,0.10890927808449274,731
0.0014041900634765626,0.0004881458075995098,0.0024024009704589843,0.0007349507315062263,0.774263682681127,2000,"{1: 3, 0: 1}",0.46415888336127775,linear,"{'C': np.float64(0.774263682681127), 'cache_size': 2000, 'class_weight': {1: 3, 0: 1}, 'gamma': np.float64(0.46415888336127775), 'kernel': 'linear'}",0.65,0.81875,0.5125,0.7074829931972788,0.5571428571428572,0.6491751700680272,0.10890927808449274,731
0.0018013954162597657,0.0004003773527518803,0.002405881881713867,0.0005910018306351572,0.774263682681127,2000,"{1: 3, 0: 1}",0.46415888336127775,sigmoid,"{'C': np.float64(0.774263682681127), 'cache_size': 2000, 'class_weight': {1: 3, 0: 1}, 'gamma': np.float64(0.46415888336127775), 'kernel': 'sigmoid'}",0.65,0.81875,0.5125,0.7074829931972788,0.5571428571428572,0.6491751700680272,0.10890927808449274,731
0.0036026954650878905,0.0022465058264879737,0.00251154899597168,0.000556831752354645,0.774263682681127,2000,"{1: 3, 0: 1}",1.2915496650148828,sigmoid,"{'C': np.float64(0.774263682681127), 'cache_size': 2000, 'class_weight': {1: 3, 0: 1}, 'gamma': np.float64(1.2915496650148828), 'kernel': 'sigmoid'}",0.65,0.81875,0.5125,0.7074829931972788,0.5571428571428572,0.6491751700680272,0.10890927808449274,731
0.00230712890625,0.0013368046294091943,0.0025019168853759764,0.0007754035131915288,0.774263682681127,2000,"{1: 3, 0: 1}",1.2915496650148828,linear,"{'C': np.float64(0.774263682681127), 'cache_size': 2000, 'class_weight': {1: 3, 0: 1}, 'gamma': np.float64(1.2915496650148828), 'kernel': 'linear'}",0.65,0.81875,0.5125,0.7074829931972788,0.5571428571428572,0.6491751700680272,0.10890927808449274,731
0.0017012596130371095,0.0006011653929422644,0.003407716751098633,0.001401592248157448,0.774263682681127,2000,"{1: 3, 0: 1}",0.05994842503189409,sigmoid,"{'C': np.float64(0.774263682681127), 'cache_size': 2000, 'class_weight': {1: 3, 0: 1}, 'gamma': np.float64(0.05994842503189409), 'kernel': 'sigmoid'}",0.65,0.81875,0.5125,0.7074829931972788,0.5571428571428572,0.6491751700680272,0.10890927808449274,731
0.0019336700439453124,0.0005039383430975526,0.001902008056640625,0.0004913745395732467,0.1,2000,"{1: 3, 0: 1}",0.021544346900318832,linear,"{'C': np.float64(0.1), 'cache_size': 2000, 'class_weight': {1: 3, 0: 1}, 'gamma': np.float64(0.021544346900318832), 'kernel': 'linear'}",0.65,0.81875,0.5125,0.7074829931972788,0.5571428571428572,0.6491751700680272,0.10890927808449274,731
0.0011011600494384766,0.00020163078264117185,0.0025057315826416014,0.00045179598306803383,0.2782559402207124,2000,"{1: 3, 0: 1}",1.2915496650148828,linear,"{'C': np.float64(0.2782559402207124), 'cache_size': 2000, 'class_weight': {1: 3, 0: 1}, 'gamma': np.float64(1.2915496650148828), 'kernel': 'linear'}",0.65,0.81875,0.5125,0.7074829931972788,0.5571428571428572,0.6491751700680272,0.10890927808449274,731
0.0016062736511230468,0.00036874278369165175,0.002104330062866211,0.00020010915479954646,0.2782559402207124,2000,"{1: 3, 0: 1}",0.46415888336127775,sigmoid,"{'C': np.float64(0.2782559402207124), 'cache_size': 2000, 'class_weight': {1: 3, 0: 1}, 'gamma': np.float64(0.46415888336127775), 'kernel': 'sigmoid'}",0.65,0.81875,0.5125,0.7074829931972788,0.5571428571428572,0.6491751700680272,0.10890927808449274,731
0.0019886970520019533,0.0003406866316519494,0.002105093002319336,0.00020821347727055425,0.2782559402207124,2000,"{1: 3, 0: 1}",1.2915496650148828,sigmoid,"{'C': np.float64(0.2782559402207124), 'cache_size': 2000, 'class_weight': {1: 3, 0: 1}, 'gamma': np.float64(1.2915496650148828), 'kernel': 'sigmoid'}",0.65,0.81875,0.5125,0.7074829931972788,0.5571428571428572,0.6491751700680272,0.10890927808449274,731
0.0020069122314453126,0.0003224445213582538,0.0019114017486572266,0.00020459615000915633,2.1544346900318834,2000,"{1: 3, 0: 1}",0.021544346900318832,linear,"{'C': np.float64(2.1544346900318834), 'cache_size': 2000, 'class_weight': {1: 3, 0: 1}, 'gamma': np.float64(0.021544346900318832), 'kernel': 'linear'}",0.65,0.81875,0.5125,0.7074829931972788,0.5571428571428572,0.6491751700680272,0.10890927808449274,731
0.0017014503479003905,0.0004001403837894662,0.0022031784057617186,0.0009286328843076167,0.2782559402207124,2000,"{1: 3, 0: 1}",0.46415888336127775,linear,"{'C': np.float64(0.2782559402207124), 'cache_size': 2000, 'class_weight': {1: 3, 0: 1}, 'gamma': np.float64(0.46415888336127775), 'kernel': 'linear'}",0.65,0.81875,0.5125,0.7074829931972788,0.5571428571428572,0.6491751700680272,0.10890927808449274,731
0.002205181121826172,0.0005115194999093266,0.0019053936004638672,0.0004922945754664716,0.2782559402207124,2000,"{1: 3, 0: 1}",0.1668100537200059,sigmoid,"{'C': np.float64(0.2782559402207124), 'cache_size': 2000, 'class_weight': {1: 3, 0: 1}, 'gamma': np.float64(0.1668100537200059), 'kernel': 'sigmoid'}",0.65,0.81875,0.5125,0.7074829931972788,0.5571428571428572,0.6491751700680272,0.10890927808449274,731
0.001902008056640625,0.0004914711480724838,0.0026102542877197267,0.0003779021692322558,46.41588833612777,2000,"{1: 3, 0: 1}",0.007742636826811269,rbf,"{'C': np.float64(46.41588833612777), 'cache_size': 2000, 'class_weight': {1: 3, 0: 1}, 'gamma': np.float64(0.007742636826811269), 'kernel': 'rbf'}",0.65,0.81875,0.5125,0.7074829931972788,0.5571428571428572,0.6491751700680272,0.10890927808449274,731
0.0013011932373046876,0.00040025986572109966,0.002106189727783203,0.0002002161380610847,0.774263682681127,2000,"{1: 3, 0: 1}",0.001,linear,"{'C': np.float64(0.774263682681127), 'cache_size': 2000, 'class_weight': {1: 3, 0: 1}, 'gamma': np.float64(0.001), 'kernel': 'linear'}",0.65,0.81875,0.5125,0.7074829931972788,0.5571428571428572,0.6491751700680272,0.10890927808449274,731
0.0021027088165283202,0.001282431765759994,0.0033064842224121093,0.0012541830598481716,0.774263682681127,2000,"{1: 3, 0: 1}",0.1668100537200059,linear,"{'C': np.float64(0.774263682681127), 'cache_size': 2000, 'class_weight': {1: 3, 0: 1}, 'gamma': np.float64(0.1668100537200059), 'kernel': 'linear'}",0.65,0.81875,0.5125,0.7074829931972788,0.5571428571428572,0.6491751700680272,0.10890927808449274,731
0.0018312454223632813,0.0005273352329862768,0.0024337291717529295,0.0005319230900478393,0.774263682681127,2000,"{1: 3, 0: 1}",0.1668100537200059,sigmoid,"{'C': np.float64(0.774263682681127), 'cache_size': 2000, 'class_weight': {1: 3, 0: 1}, 'gamma': np.float64(0.1668100537200059), 'kernel': 'sigmoid'}",0.65,0.81875,0.5125,0.7074829931972788,0.5571428571428572,0.6491751700680272,0.10890927808449274,731
0.001805734634399414,0.0007445120054033236,0.002906608581542969,0.000975005337481183,16.68100537200059,2000,"{1: 3, 0: 1}",0.021544346900318832,sigmoid,"{'C': np.float64(16.68100537200059), 'cache_size': 2000, 'class_weight': {1: 3, 0: 1}, 'gamma': np.float64(0.021544346900318832), 'kernel': 'sigmoid'}",0.65,0.81875,0.5125,0.7074829931972788,0.5571428571428572,0.6491751700680272,0.10890927808449274,731
0.0021062850952148437,0.00020857484133928809,0.003305339813232422,0.0012536772249666537,2.1544346900318834,2000,"{1: 3, 0: 1}",0.46415888336127775,sigmoid,"{'C': np.float64(2.1544346900318834), 'cache_size': 2000, 'class_weight': {1: 3, 0: 1}, 'gamma': np.float64(0.46415888336127775), 'kernel': 'sigmoid'}",0.65,0.81875,0.5125,0.7074829931972788,0.5571428571428572,0.6491751700680272,0.10890927808449274,731
0.0019060611724853516,0.001113589767246272,0.002801990509033203,0.0005096531957368298,2.1544346900318834,2000,"{1: 3, 0: 1}",0.001,linear,"{'C': np.float64(2.1544346900318834), 'cache_size': 2000, 'class_weight': {1: 3, 0: 1}, 'gamma': np.float64(0.001), 'kernel': 'linear'}",0.65,0.81875,0.5125,0.7074829931972788,0.5571428571428572,0.6491751700680272,0.10890927808449274,731
0.0025058746337890624,0.0010013371942259324,0.002301597595214844,0.00040026049059226255,16.68100537200059,2000,"{1: 3, 0: 1}",0.05994842503189409,sigmoid,"{'C': np.float64(16.68100537200059), 'cache_size': 2000, 'class_weight': {1: 3, 0: 1}, 'gamma': np.float64(0.05994842503189409), 'kernel': 'sigmoid'}",0.65,0.81875,0.5125,0.7074829931972788,0.5571428571428572,0.6491751700680272,0.10890927808449274,731
0.0019049644470214844,0.0004950740065780707,0.0021019935607910155,0.0002021329867989185,129.15496650148827,2000,"{1: 3, 0: 1}",0.007742636826811269,rbf,"{'C': np.float64(129.15496650148827), 'cache_size': 2000, 'class_weight': {1: 3, 0: 1}, 'gamma': np.float64(0.007742636826811269), 'kernel': 'rbf'}",0.65,0.81875,0.5125,0.7074829931972788,0.5571428571428572,0.6491751700680272,0.10890927808449274,731
0.0015010833740234375,0.0004474504319175411,0.002102518081665039,0.0004902938486723418,2.1544346900318834,2000,"{1: 3, 0: 1}",0.1668100537200059,sigmoid,"{'C': np.float64(2.1544346900318834), 'cache_size': 2000, 'class_weight': {1: 3, 0: 1}, 'gamma': np.float64(0.1668100537200059), 'kernel': 'sigmoid'}",0.65,0.81875,0.5125,0.7074829931972788,0.5571428571428572,0.6491751700680272,0.10890927808449274,731
0.001204061508178711,0.00039902818917594363,0.0027120113372802734,0.0007591810936365957,129.15496650148827,2000,"{1: 3, 0: 1}",0.007742636826811269,sigmoid,"{'C': np.float64(129.15496650148827), 'cache_size': 2000, 'class_weight': {1: 3, 0: 1}, 'gamma': np.float64(0.007742636826811269), 'kernel': 'sigmoid'}",0.65,0.81875,0.5125,0.7074829931972788,0.5571428571428572,0.6491751700680272,0.10890927808449274,731
0.002105426788330078,0.00020816836095821693,0.0019016742706298828,0.00019862779891173946,0.1,2000,"{1: 3, 0: 1}",0.0027825594022071257,linear,"{'C': np.float64(0.1), 'cache_size': 2000, 'class_weight': {1: 3, 0: 1}, 'gamma': np.float64(0.0027825594022071257), 'kernel': 'linear'}",0.65,0.81875,0.5125,0.7074829931972788,0.5571428571428572,0.6491751700680272,0.10890927808449274,731
0.0014003753662109376,0.0004901549359277602,0.0035074710845947265,0.0007025662377034592,2.1544346900318834,2000,"{1: 3, 0: 1}",0.05994842503189409,sigmoid,"{'C': np.float64(2.1544346900318834), 'cache_size': 2000, 'class_weight': {1: 3, 0: 1}, 'gamma': np.float64(0.05994842503189409), 'kernel': 'sigmoid'}",0.65,0.81875,0.5125,0.7074829931972788,0.5571428571428572,0.6491751700680272,0.10890927808449274,731
0.002206754684448242,0.0006799791236439826,0.0021045684814453127,0.00020009767836320563,2.1544346900318834,2000,"{1: 3, 0: 1}",0.05994842503189409,linear,"{'C': np.float64(2.1544346900318834), 'cache_size': 2000, 'class_weight': {1: 3, 0: 1}, 'gamma': np.float64(0.05994842503189409), 'kernel': 'linear'}",0.65,0.81875,0.5125,0.7074829931972788,0.5571428571428572,0.6491751700680272,0.10890927808449274,731
0.0031128883361816405,0.0027525709905756135,0.003712034225463867,0.0011241361783653374,129.15496650148827,2000,"{1: 3, 0: 1}",0.0027825594022071257,rbf,"{'C': np.float64(129.15496650148827), 'cache_size': 2000, 'class_weight': {1: 3, 0: 1}, 'gamma': np.float64(0.0027825594022071257), 'kernel': 'rbf'}",0.65,0.81875,0.5125,0.7074829931972788,0.5571428571428572,0.6491751700680272,0.10890927808449274,731
0.0019023418426513672,0.0001993295104939426,0.0018129825592041015,0.0004071206056760234,129.15496650148827,2000,"{1: 3, 0: 1}",0.0027825594022071257,sigmoid,"{'C': np.float64(129.15496650148827), 'cache_size': 2000, 'class_weight': {1: 3, 0: 1}, 'gamma': np.float64(0.0027825594022071257), 'kernel': 'sigmoid'}",0.65,0.81875,0.5125,0.7074829931972788,0.5571428571428572,0.6491751700680272,0.10890927808449274,731
0.001916980743408203,0.000599167522080868,0.0028049468994140623,0.0007497006979537296,2.1544346900318834,2000,"{1: 3, 0: 1}",0.46415888336127775,linear,"{'C': np.float64(2.1544346900318834), 'cache_size': 2000, 'class_weight': {1: 3, 0: 1}, 'gamma': np.float64(0.46415888336127775), 'kernel': 'linear'}",0.65,0.81875,0.5125,0.7074829931972788,0.5571428571428572,0.6491751700680272,0.10890927808449274,731
0.0020043373107910155,0.0006379252787697216,0.002402591705322266,0.0003746332182830149,2.1544346900318834,2000,"{1: 3, 0: 1}",0.1668100537200059,linear,"{'C': np.float64(2.1544346900318834), 'cache_size': 2000, 'class_weight': {1: 3, 0: 1}, 'gamma': np.float64(0.1668100537200059), 'kernel': 'linear'}",0.65,0.81875,0.5125,0.7074829931972788,0.5571428571428572,0.6491751700680272,0.10890927808449274,731
0.0015015602111816406,0.00044745350623798556,0.0024068355560302734,0.00037560417852777826,5.994842503189409,2000,"{1: 3, 0: 1}",0.1668100537200059,sigmoid,"{'C': np.float64(5.994842503189409), 'cache_size': 2000, 'class_weight': {1: 3, 0: 1}, 'gamma': np.float64(0.1668100537200059), 'kernel': 'sigmoid'}",0.65,0.81875,0.5125,0.7074829931972788,0.5571428571428572,0.6491751700680272,0.10890927808449274,731
0.001801300048828125,0.0007496156669203815,0.002606105804443359,0.0005905062575621469,0.1,2000,"{1: 3, 0: 1}",0.1668100537200059,linear,"{'C': np.float64(0.1), 'cache_size': 2000, 'class_weight': {1: 3, 0: 1}, 'gamma': np.float64(0.1668100537200059), 'kernel': 'linear'}",0.65,0.81875,0.5125,0.7074829931972788,0.5571428571428572,0.6491751700680272,0.10890927808449274,731
0.0020064830780029295,0.0009538901013390013,0.002101612091064453,0.0002014890857931184,0.1,2000,"{1: 3, 0: 1}",0.05994842503189409,linear,"{'C': np.float64(0.1), 'cache_size': 2000, 'class_weight': {1: 3, 0: 1}, 'gamma': np.float64(0.05994842503189409), 'kernel': 'linear'}",0.65,0.81875,0.5125,0.7074829931972788,0.5571428571428572,0.6491751700680272,0.10890927808449274,731
0.0016215324401855468,0.0003951122701182483,0.0024469852447509765,0.0007821155486593176,0.1,2000,"{1: 3, 0: 1}",0.46415888336127775,linear,"{'C': np.float64(0.1), 'cache_size': 2000, 'class_weight': {1: 3, 0: 1}, 'gamma': np.float64(0.46415888336127775), 'kernel': 'linear'}",0.65,0.81875,0.5125,0.7074829931972788,0.5571428571428572,0.6491751700680272,0.10890927808449274,731
0.0018002510070800782,0.0003999233672256966,0.0027074813842773438,0.0008172312416960437,5.994842503189409,2000,"{1: 3, 0: 1}",0.0027825594022071257,rbf,"{'C': np.float64(5.994842503189409), 'cache_size': 2000, 'class_weight': {1: 3, 0: 1}, 'gamma': np.float64(0.0027825594022071257), 'kernel': 'rbf'}",0.65,0.81875,0.5125,0.7074829931972788,0.5571428571428572,0.6491751700680272,0.10890927808449274,731
0.0021052837371826174,0.0006657691247853311,0.0032027244567871095,0.0009268127264333166,129.15496650148827,2000,"{1: 3, 0: 1}",0.001,sigmoid,"{'C': np.float64(129.15496650148827), 'cache_size': 2000, 'class_weight': {1: 3, 0: 1}, 'gamma': np.float64(0.001), 'kernel': 'sigmoid'}",0.65,0.81875,0.5125,0.7074829931972788,0.5571428571428572,0.6491751700680272,0.10890927808449274,731
0.0034062862396240234,0.0015341907036797724,0.0034031391143798826,0.0009703097035570172,2.1544346900318834,2000,"{1: 3, 0: 1}",3.593813663804626,linear,"{'C': np.float64(2.1544346900318834), 'cache_size': 2000, 'class_weight': {1: 3, 0: 1}, 'gamma': np.float64(3.593813663804626), 'kernel': 'linear'}",0.65,0.81875,0.5125,0.7074829931972788,0.5571428571428572,0.6491751700680272,0.10890927808449274,731
0.0014011859893798828,0.0004899805876306026,0.0034069538116455076,0.0009639612241561972,0.2782559402207124,2000,"{1: 3, 0: 1}",10.0,linear,"{'C': np.float64(0.2782559402207124), 'cache_size': 2000, 'class_weight': {1: 3, 0: 1}, 'gamma': np.float64(10.0), 'kernel': 'linear'}",0.65,0.81875,0.5125,0.7074829931972788,0.5571428571428572,0.6491751700680272,0.10890927808449274,731
0.0018039703369140624,0.0007442385797887704,0.0022065162658691405,0.0005110570709369632,2.1544346900318834,2000,"{1: 3, 0: 1}",10.0,linear,"{'C': np.float64(2.1544346900318834), 'cache_size': 2000, 'class_weight': {1: 3, 0: 1}, 'gamma': np.float64(10.0), 'kernel': 'linear'}",0.65,0.81875,0.5125,0.7074829931972788,0.5571428571428572,0.6491751700680272,0.10890927808449274,731
0.0016011238098144532,0.0004903891863625048,0.002205944061279297,0.00051075302339978,0.1,2000,"{1: 3, 0: 1}",0.001,linear,"{'C': np.float64(0.1), 'cache_size': 2000, 'class_weight': {1: 3, 0: 1}, 'gamma': np.float64(0.001), 'kernel': 'linear'}",0.65,0.81875,0.5125,0.7074829931972788,0.5571428571428572,0.6491751700680272,0.10890927808449274,731
0.003006172180175781,0.0018167030048159174,0.002502298355102539,0.0006323737843118783,5.994842503189409,2000,balanced,0.1668100537200059,rbf,"{'C': np.float64(5.994842503189409), 'cache_size': 2000, 'class_weight': 'balanced', 'gamma': np.float64(0.1668100537200059), 'kernel': 'rbf'}",0.675,0.7875,0.525,0.693877551020408,0.5642857142857143,0.6491326530612245,0.09425992447005004,819
0.0020032405853271486,0.0013061426126984388,0.002301788330078125,0.00087391621155283,16.68100537200059,2000,"{1: 3.5, 0: 1}",0.46415888336127775,poly,"{'C': np.float64(16.68100537200059), 'cache_size': 2000, 'class_weight': {1: 3.5, 0: 1}, 'gamma': np.float64(0.46415888336127775), 'kernel': 'poly'}",0.58125,0.675,0.8375,0.6802721088435374,0.47142857142857136,0.6490901360544218,0.12108495275126345,820
0.0033333301544189453,0.0012675565587063268,0.0034046173095703125,0.001352910104112938,0.774263682681127,2000,"{1: 3.5, 0: 1}",1.2915496650148828,poly,"{'C': np.float64(0.774263682681127), 'cache_size': 2000, 'class_weight': {1: 3.5, 0: 1}, 'gamma': np.float64(1.2915496650148828), 'kernel': 'poly'}",0.58125,0.675,0.8375,0.6802721088435374,0.47142857142857136,0.6490901360544218,0.12108495275126345,820
0.0020034313201904297,5.296971922683264e-06,0.00280303955078125,0.0009295111174286768,359.38136638046257,2000,"{1: 3.5, 0: 1}",0.1668100537200059,poly,"{'C': np.float64(359.38136638046257), 'cache_size': 2000, 'class_weight': {1: 3.5, 0: 1}, 'gamma': np.float64(0.1668100537200059), 'kernel': 'poly'}",0.58125,0.675,0.8375,0.6802721088435374,0.47142857142857136,0.6490901360544218,0.12108495275126345,820
0.0022121429443359374,0.00024004224087178467,0.0020948410034179687,0.00017907419973040944,0.774263682681127,2000,"{1: 3, 0: 1}",3.593813663804626,sigmoid,"{'C': np.float64(0.774263682681127), 'cache_size': 2000, 'class_weight': {1: 3, 0: 1}, 'gamma': np.float64(3.593813663804626), 'kernel': 'sigmoid'}",0.65,0.8125,0.525,0.7006802721088434,0.5571428571428572,0.64906462585034,0.10316764447889559,823
0.001504993438720703,0.0006386136522846861,0.002502107620239258,0.00044718831542959895,1000.0,2000,"{1: 2, 0: 1}",0.0027825594022071257,rbf,"{'C': np.float64(1000.0), 'cache_size': 2000, 'class_weight': {1: 2, 0: 1}, 'gamma': np.float64(0.0027825594022071257), 'kernel': 'rbf'}",0.6312500000000001,0.76875,0.6625,0.7891156462585035,0.39285714285714285,0.6488945578231292,0.14147711970596583,824
0.003423595428466797,0.0026985913723872454,0.004203510284423828,0.0019152051372566987,46.41588833612777,2000,"{1: 2, 0: 1}",0.05994842503189409,rbf,"{'C': np.float64(46.41588833612777), 'cache_size': 2000, 'class_weight': {1: 2, 0: 1}, 'gamma': np.float64(0.05994842503189409), 'kernel': 'rbf'}",0.6312500000000001,0.76875,0.6625,0.7891156462585035,0.39285714285714285,0.6488945578231292,0.14147711970596583,824
0.0020017147064208983,0.0006342202625474008,0.002605772018432617,0.0005834835105500856,16.68100537200059,2000,"{1: 2, 0: 1}",0.1668100537200059,rbf,"{'C': np.float64(16.68100537200059), 'cache_size': 2000, 'class_weight': {1: 2, 0: 1}, 'gamma': np.float64(0.1668100537200059), 'kernel': 'rbf'}",0.6312500000000001,0.76875,0.6625,0.7891156462585035,0.39285714285714285,0.6488945578231292,0.14147711970596583,824
0.0032082557678222655,0.002413106376303844,0.00410771369934082,0.0008657872811237311,5.994842503189409,2000,"{1: 2, 0: 1}",0.46415888336127775,rbf,"{'C': np.float64(5.994842503189409), 'cache_size': 2000, 'class_weight': {1: 2, 0: 1}, 'gamma': np.float64(0.46415888336127775), 'kernel': 'rbf'}",0.625,0.76875,0.66875,0.7891156462585035,0.39285714285714285,0.6488945578231292,0.14180805830521825,824
0.0016010761260986327,0.000490641815795915,0.0029096126556396483,0.0005859894189333103,46.41588833612777,2000,balanced,0.05994842503189409,rbf,"{'C': np.float64(46.41588833612777), 'cache_size': 2000, 'class_weight': 'balanced', 'gamma': np.float64(0.05994842503189409), 'kernel': 'rbf'}",0.6625,0.80625,0.525,0.7142857142857142,0.5357142857142857,0.6487499999999999,0.1071273798344946,828
0.0019023895263671875,0.000663696113592191,0.004814434051513672,0.0019965614047914126,46.41588833612777,2000,balanced,0.1668100537200059,sigmoid,"{'C': np.float64(46.41588833612777), 'cache_size': 2000, 'class_weight': 'balanced', 'gamma': np.float64(0.1668100537200059), 'kernel': 'sigmoid'}",0.6375,0.8125,0.53125,0.7551020408163265,0.5071428571428571,0.6486989795918368,0.12009179945237776,829
0.0018052101135253907,0.0005118963513869267,0.0022046566009521484,0.00039796239029004336,1000.0,2000,balanced,0.007742636826811269,sigmoid,"{'C': np.float64(1000.0), 'cache_size': 2000, 'class_weight': 'balanced', 'gamma': np.float64(0.007742636826811269), 'kernel': 'sigmoid'}",0.6375,0.8125,0.53125,0.7551020408163265,0.5071428571428571,0.6486989795918368,0.12009179945237776,829
0.002508687973022461,0.0004431661390310529,0.0021022796630859376,0.0006646002392595176,129.15496650148827,2000,balanced,0.05994842503189409,sigmoid,"{'C': np.float64(129.15496650148827), 'cache_size': 2000, 'class_weight': 'balanced', 'gamma': np.float64(0.05994842503189409), 'kernel': 'sigmoid'}",0.6375,0.8125,0.53125,0.7551020408163265,0.5071428571428571,0.6486989795918368,0.12009179945237776,829
0.0021129131317138674,0.00022373326497152264,0.0023023128509521485,0.0006031277505154952,359.38136638046257,2000,balanced,0.021544346900318832,sigmoid,"{'C': np.float64(359.38136638046257), 'cache_size': 2000, 'class_weight': 'balanced', 'gamma': np.float64(0.021544346900318832), 'kernel': 'sigmoid'}",0.6375,0.8125,0.53125,0.7551020408163265,0.5071428571428571,0.6486989795918368,0.12009179945237776,829
0.0021044731140136717,0.00019969012221570268,0.001902627944946289,0.00019911079960389992,16.68100537200059,2000,balanced,0.46415888336127775,sigmoid,"{'C': np.float64(16.68100537200059), 'cache_size': 2000, 'class_weight': 'balanced', 'gamma': np.float64(0.46415888336127775), 'kernel': 'sigmoid'}",0.6375,0.8125,0.53125,0.7551020408163265,0.5071428571428571,0.6486989795918368,0.12009179945237776,829
0.0021065235137939452,0.0003780155435907266,0.0036052703857421876,0.0010218269686573733,5.994842503189409,2000,balanced,1.2915496650148828,sigmoid,"{'C': np.float64(5.994842503189409), 'cache_size': 2000, 'class_weight': 'balanced', 'gamma': np.float64(1.2915496650148828), 'kernel': 'sigmoid'}",0.6375,0.8125,0.53125,0.7551020408163265,0.5071428571428571,0.6486989795918368,0.12009179945237776,829
0.002803134918212891,0.0011240950955214541,0.002313709259033203,0.00041966054969027786,5.994842503189409,2000,balanced,10.0,linear,"{'C': np.float64(5.994842503189409), 'cache_size': 2000, 'class_weight': 'balanced', 'gamma': np.float64(10.0), 'kernel': 'linear'}",0.6625,0.80625,0.5375,0.7142857142857142,0.5214285714285715,0.6483928571428571,0.10758895228164099,835
0.0020095348358154298,0.000845192088729223,0.0023026466369628906,0.0006008166547777508,5.994842503189409,2000,balanced,0.46415888336127775,linear,"{'C': np.float64(5.994842503189409), 'cache_size': 2000, 'class_weight': 'balanced', 'gamma': np.float64(0.46415888336127775), 'kernel': 'linear'}",0.6625,0.80625,0.5375,0.7142857142857142,0.5214285714285715,0.6483928571428571,0.10758895228164099,835
0.0023066043853759766,0.000510282079896197,0.0024018287658691406,0.0004895912373109247,5.994842503189409,2000,balanced,0.021544346900318832,linear,"{'C': np.float64(5.994842503189409), 'cache_size': 2000, 'class_weight': 'balanced', 'gamma': np.float64(0.021544346900318832), 'kernel': 'linear'}",0.6625,0.80625,0.5375,0.7142857142857142,0.5214285714285715,0.6483928571428571,0.10758895228164099,835
0.0018125057220458984,0.000496354005767652,0.0021541595458984377,0.00029703282394074004,5.994842503189409,2000,balanced,1.2915496650148828,linear,"{'C': np.float64(5.994842503189409), 'cache_size': 2000, 'class_weight': 'balanced', 'gamma': np.float64(1.2915496650148828), 'kernel': 'linear'}",0.6625,0.80625,0.5375,0.7142857142857142,0.5214285714285715,0.6483928571428571,0.10758895228164099,835
0.006818342208862305,0.006991138738757403,0.005216217041015625,0.004679921622355042,5.994842503189409,2000,balanced,3.593813663804626,linear,"{'C': np.float64(5.994842503189409), 'cache_size': 2000, 'class_weight': 'balanced', 'gamma': np.float64(3.593813663804626), 'kernel': 'linear'}",0.6625,0.80625,0.5375,0.7142857142857142,0.5214285714285715,0.6483928571428571,0.10758895228164099,835
0.002409505844116211,0.00037172688985328075,0.002402067184448242,0.0008615130702297054,5.994842503189409,2000,balanced,0.0027825594022071257,linear,"{'C': np.float64(5.994842503189409), 'cache_size': 2000, 'class_weight': 'balanced', 'gamma': np.float64(0.0027825594022071257), 'kernel': 'linear'}",0.6625,0.80625,0.5375,0.7142857142857142,0.5214285714285715,0.6483928571428571,0.10758895228164099,835
0.0018360137939453125,0.0006782210878017369,0.0018143177032470704,0.0009699971845123403,5.994842503189409,2000,balanced,0.007742636826811269,linear,"{'C': np.float64(5.994842503189409), 'cache_size': 2000, 'class_weight': 'balanced', 'gamma': np.float64(0.007742636826811269), 'kernel': 'linear'}",0.6625,0.80625,0.5375,0.7142857142857142,0.5214285714285715,0.6483928571428571,0.10758895228164099,835
0.002705669403076172,0.0008788835125000316,0.0028078556060791016,0.0005161371612745114,5.994842503189409,2000,balanced,0.001,linear,"{'C': np.float64(5.994842503189409), 'cache_size': 2000, 'class_weight': 'balanced', 'gamma': np.float64(0.001), 'kernel': 'linear'}",0.6625,0.80625,0.5375,0.7142857142857142,0.5214285714285715,0.6483928571428571,0.10758895228164099,835
0.0029019832611083983,0.0011996991245507656,0.003322935104370117,0.0014549445654630443,5.994842503189409,2000,balanced,0.1668100537200059,linear,"{'C': np.float64(5.994842503189409), 'cache_size': 2000, 'class_weight': 'balanced', 'gamma': np.float64(0.1668100537200059), 'kernel': 'linear'}",0.6625,0.80625,0.5375,0.7142857142857142,0.5214285714285715,0.6483928571428571,0.10758895228164099,835
0.002002096176147461,0.0003157595571317505,0.00211029052734375,0.00020779474631680425,5.994842503189409,2000,balanced,0.05994842503189409,linear,"{'C': np.float64(5.994842503189409), 'cache_size': 2000, 'class_weight': 'balanced', 'gamma': np.float64(0.05994842503189409), 'kernel': 'linear'}",0.6625,0.80625,0.5375,0.7142857142857142,0.5214285714285715,0.6483928571428571,0.10758895228164099,835
0.0023113250732421874,0.0002530585895109314,0.002001523971557617,0.0006333162041833829,0.2782559402207124,2000,"{1: 3.5, 0: 1}",1.2915496650148828,linear,"{'C': np.float64(0.2782559402207124), 'cache_size': 2000, 'class_weight': {1: 3.5, 0: 1}, 'gamma': np.float64(1.2915496650148828), 'kernel': 'linear'}",0.6187499999999999,0.8500000000000001,0.50625,0.6938775510204082,0.5714285714285714,0.6480612244897959,0.11808517232820456,845
0.0017055988311767579,0.000606101058693562,0.0024007320404052734,0.0004901935293268777,0.2782559402207124,2000,"{1: 3.5, 0: 1}",3.593813663804626,linear,"{'C': np.float64(0.2782559402207124), 'cache_size': 2000, 'class_weight': {1: 3.5, 0: 1}, 'gamma': np.float64(3.593813663804626), 'kernel': 'linear'}",0.6187499999999999,0.8500000000000001,0.50625,0.6938775510204082,0.5714285714285714,0.6480612244897959,0.11808517232820456,845
0.0016062736511230468,0.00036874278369165175,0.0025044918060302735,0.0007729941650733233,0.2782559402207124,2000,"{1: 3.5, 0: 1}",0.46415888336127775,linear,"{'C': np.float64(0.2782559402207124), 'cache_size': 2000, 'class_weight': {1: 3.5, 0: 1}, 'gamma': np.float64(0.46415888336127775), 'kernel': 'linear'}",0.6187499999999999,0.8500000000000001,0.50625,0.6938775510204082,0.5714285714285714,0.6480612244897959,0.11808517232820456,845
0.0019094467163085938,0.0009218866230416122,0.002902698516845703,0.0009188992326232705,0.2782559402207124,2000,"{1: 3.5, 0: 1}",0.05994842503189409,linear,"{'C': np.float64(0.2782559402207124), 'cache_size': 2000, 'class_weight': {1: 3.5, 0: 1}, 'gamma': np.float64(0.05994842503189409), 'kernel': 'linear'}",0.6187499999999999,0.8500000000000001,0.50625,0.6938775510204082,0.5714285714285714,0.6480612244897959,0.11808517232820456,845
0.001704263687133789,0.00040205387931796537,0.002302694320678711,0.0005991242936534855,0.2782559402207124,2000,"{1: 3.5, 0: 1}",0.1668100537200059,linear,"{'C': np.float64(0.2782559402207124), 'cache_size': 2000, 'class_weight': {1: 3.5, 0: 1}, 'gamma': np.float64(0.1668100537200059), 'kernel': 'linear'}",0.6187499999999999,0.8500000000000001,0.50625,0.6938775510204082,0.5714285714285714,0.6480612244897959,0.11808517232820456,845
0.0017047882080078124,0.0006048309843409683,0.001901721954345703,0.00019865247759191812,0.774263682681127,2000,"{1: 3.5, 0: 1}",0.001,linear,"{'C': np.float64(0.774263682681127), 'cache_size': 2000, 'class_weight': {1: 3.5, 0: 1}, 'gamma': np.float64(0.001), 'kernel': 'linear'}",0.6187499999999999,0.8500000000000001,0.50625,0.6938775510204082,0.5714285714285714,0.6480612244897959,0.11808517232820456,845
0.0037069320678710938,0.0020408689530010578,0.0029133319854736327,0.000988510854186961,359.38136638046257,2000,"{1: 3.5, 0: 1}",0.001,rbf,"{'C': np.float64(359.38136638046257), 'cache_size': 2000, 'class_weight': {1: 3.5, 0: 1}, 'gamma': np.float64(0.001), 'kernel': 'rbf'}",0.6187499999999999,0.8500000000000001,0.50625,0.6938775510204082,0.5714285714285714,0.6480612244897959,0.11808517232820456,845
0.00150146484375,0.0004475041303979615,0.0022031784057617186,0.00024649379136630547,0.774263682681127,2000,"{1: 3.5, 0: 1}",0.0027825594022071257,linear,"{'C': np.float64(0.774263682681127), 'cache_size': 2000, 'class_weight': {1: 3.5, 0: 1}, 'gamma': np.float64(0.0027825594022071257), 'kernel': 'linear'}",0.6187499999999999,0.8500000000000001,0.50625,0.6938775510204082,0.5714285714285714,0.6480612244897959,0.11808517232820456,845
0.0012447834014892578,0.0003915879821693062,0.0021048069000244142,0.00037378657450791875,0.774263682681127,2000,"{1: 3.5, 0: 1}",0.007742636826811269,linear,"{'C': np.float64(0.774263682681127), 'cache_size': 2000, 'class_weight': {1: 3.5, 0: 1}, 'gamma': np.float64(0.007742636826811269), 'kernel': 'linear'}",0.6187499999999999,0.8500000000000001,0.50625,0.6938775510204082,0.5714285714285714,0.6480612244897959,0.11808517232820456,845
0.002206230163574219,0.00025095240633777607,0.002201271057128906,0.0003996147851092548,46.41588833612777,2000,"{1: 3.5, 0: 1}",0.007742636826811269,rbf,"{'C': np.float64(46.41588833612777), 'cache_size': 2000, 'class_weight': {1: 3.5, 0: 1}, 'gamma': np.float64(0.007742636826811269), 'kernel': 'rbf'}",0.6187499999999999,0.8500000000000001,0.50625,0.6938775510204082,0.5714285714285714,0.6480612244897959,0.11808517232820456,845
0.0015466690063476562,0.0007551156923399941,0.0021932125091552734,0.0003803043744721266,0.774263682681127,2000,"{1: 3.5, 0: 1}",1.2915496650148828,linear,"{'C': np.float64(0.774263682681127), 'cache_size': 2000, 'class_weight': {1: 3.5, 0: 1}, 'gamma': np.float64(1.2915496650148828), 'kernel': 'linear'}",0.6187499999999999,0.8500000000000001,0.50625,0.6938775510204082,0.5714285714285714,0.6480612244897959,0.11808517232820456,845
0.001401376724243164,0.0004905064504124413,0.004009103775024414,0.0032655975721654017,0.774263682681127,2000,"{1: 3.5, 0: 1}",0.46415888336127775,linear,"{'C': np.float64(0.774263682681127), 'cache_size': 2000, 'class_weight': {1: 3.5, 0: 1}, 'gamma': np.float64(0.46415888336127775), 'kernel': 'linear'}",0.6187499999999999,0.8500000000000001,0.50625,0.6938775510204082,0.5714285714285714,0.6480612244897959,0.11808517232820456,845
0.0031052589416503905,0.003301200609295635,0.002702760696411133,0.0007478443065202593,46.41588833612777,2000,"{1: 3.5, 0: 1}",0.0027825594022071257,rbf,"{'C': np.float64(46.41588833612777), 'cache_size': 2000, 'class_weight': {1: 3.5, 0: 1}, 'gamma': np.float64(0.0027825594022071257), 'kernel': 'rbf'}",0.6187499999999999,0.8500000000000001,0.50625,0.6938775510204082,0.5714285714285714,0.6480612244897959,0.11808517232820456,845
0.0014028549194335938,0.00037429897604301113,0.0022049427032470705,0.000398691797439168,0.774263682681127,2000,"{1: 3.5, 0: 1}",10.0,linear,"{'C': np.float64(0.774263682681127), 'cache_size': 2000, 'class_weight': {1: 3.5, 0: 1}, 'gamma': np.float64(10.0), 'kernel': 'linear'}",0.6187499999999999,0.8500000000000001,0.50625,0.6938775510204082,0.5714285714285714,0.6480612244897959,0.11808517232820456,845
0.001903533935546875,0.0008612084484802098,0.002504920959472656,0.00044465111279910963,0.774263682681127,2000,"{1: 3.5, 0: 1}",3.593813663804626,linear,"{'C': np.float64(0.774263682681127), 'cache_size': 2000, 'class_weight': {1: 3.5, 0: 1}, 'gamma': np.float64(3.593813663804626), 'kernel': 'linear'}",0.6187499999999999,0.8500000000000001,0.50625,0.6938775510204082,0.5714285714285714,0.6480612244897959,0.11808517232820456,845
0.0014010429382324218,0.0004903886763366315,0.0024085044860839844,0.0005913562876749379,0.774263682681127,2000,"{1: 3.5, 0: 1}",0.1668100537200059,sigmoid,"{'C': np.float64(0.774263682681127), 'cache_size': 2000, 'class_weight': {1: 3.5, 0: 1}, 'gamma': np.float64(0.1668100537200059), 'kernel': 'sigmoid'}",0.6187499999999999,0.8500000000000001,0.50625,0.6938775510204082,0.5714285714285714,0.6480612244897959,0.11808517232820456,845
0.0014864444732666016,0.000448609670609662,0.0024060726165771483,0.00037551286180980927,0.2782559402207124,2000,"{1: 3.5, 0: 1}",0.0027825594022071257,linear,"{'C': np.float64(0.2782559402207124), 'cache_size': 2000, 'class_weight': {1: 3.5, 0: 1}, 'gamma': np.float64(0.0027825594022071257), 'kernel': 'linear'}",0.6187499999999999,0.8500000000000001,0.50625,0.6938775510204082,0.5714285714285714,0.6480612244897959,0.11808517232820456,845
0.0014007091522216797,0.0004894933287697343,0.0038064956665039063,0.002550219803873473,0.2782559402207124,2000,"{1: 3.5, 0: 1}",0.001,linear,"{'C': np.float64(0.2782559402207124), 'cache_size': 2000, 'class_weight': {1: 3.5, 0: 1}, 'gamma': np.float64(0.001), 'kernel': 'linear'}",0.6187499999999999,0.8500000000000001,0.50625,0.6938775510204082,0.5714285714285714,0.6480612244897959,0.11808517232820456,845
0.0017020225524902344,0.000399858405899264,0.004208183288574219,0.0012895585781475896,0.774263682681127,2000,"{1: 3.5, 0: 1}",0.05994842503189409,linear,"{'C': np.float64(0.774263682681127), 'cache_size': 2000, 'class_weight': {1: 3.5, 0: 1}, 'gamma': np.float64(0.05994842503189409), 'kernel': 'linear'}",0.6187499999999999,0.8500000000000001,0.50625,0.6938775510204082,0.5714285714285714,0.6480612244897959,0.11808517232820456,845
0.0028407096862792967,0.0012742311720927387,0.00372929573059082,0.0029142258546043967,0.774263682681127,2000,"{1: 3.5, 0: 1}",0.1668100537200059,linear,"{'C': np.float64(0.774263682681127), 'cache_size': 2000, 'class_weight': {1: 3.5, 0: 1}, 'gamma': np.float64(0.1668100537200059), 'kernel': 'linear'}",0.6187499999999999,0.8500000000000001,0.50625,0.6938775510204082,0.5714285714285714,0.6480612244897959,0.11808517232820456,845
0.0014678001403808593,0.0005119208694876746,0.0020081520080566405,0.00031646268602384195,0.2782559402207124,2000,"{1: 3.5, 0: 1}",10.0,linear,"{'C': np.float64(0.2782559402207124), 'cache_size': 2000, 'class_weight': {1: 3.5, 0: 1}, 'gamma': np.float64(10.0), 'kernel': 'linear'}",0.6187499999999999,0.8500000000000001,0.50625,0.6938775510204082,0.5714285714285714,0.6480612244897959,0.11808517232820456,845
0.001805877685546875,0.0005162382440991683,0.0023047924041748047,0.0006077292293788923,0.774263682681127,2000,"{1: 3.5, 0: 1}",0.021544346900318832,linear,"{'C': np.float64(0.774263682681127), 'cache_size': 2000, 'class_weight': {1: 3.5, 0: 1}, 'gamma': np.float64(0.021544346900318832), 'kernel': 'linear'}",0.6187499999999999,0.8500000000000001,0.50625,0.6938775510204082,0.5714285714285714,0.6480612244897959,0.11808517232820456,845
0.001701688766479492,0.0004003776083060983,0.002002525329589844,0.0005466391261160051,0.2782559402207124,2000,"{1: 3.5, 0: 1}",0.021544346900318832,linear,"{'C': np.float64(0.2782559402207124), 'cache_size': 2000, 'class_weight': {1: 3.5, 0: 1}, 'gamma': np.float64(0.021544346900318832), 'kernel': 'linear'}",0.6187499999999999,0.8500000000000001,0.50625,0.6938775510204082,0.5714285714285714,0.6480612244897959,0.11808517232820456,845
0.0019012928009033204,0.0008009269760028302,0.0032076358795166014,0.0008097935301868384,129.15496650148827,2000,"{1: 3.5, 0: 1}",0.001,rbf,"{'C': np.float64(129.15496650148827), 'cache_size': 2000, 'class_weight': {1: 3.5, 0: 1}, 'gamma': np.float64(0.001), 'kernel': 'rbf'}",0.6187499999999999,0.8500000000000001,0.50625,0.6938775510204082,0.5714285714285714,0.6480612244897959,0.11808517232820456,845
0.002408933639526367,0.0005836159449166418,0.002201700210571289,0.00040047377029811093,129.15496650148827,2000,"{1: 3.5, 0: 1}",0.001,sigmoid,"{'C': np.float64(129.15496650148827), 'cache_size': 2000, 'class_weight': {1: 3.5, 0: 1}, 'gamma': np.float64(0.001), 'kernel': 'sigmoid'}",0.6187499999999999,0.8500000000000001,0.50625,0.6938775510204082,0.5714285714285714,0.6480612244897959,0.11808517232820456,845
0.0014040470123291016,0.00048681834894951764,0.004508399963378906,0.0017674781159808838,0.2782559402207124,2000,"{1: 3.5, 0: 1}",0.007742636826811269,linear,"{'C': np.float64(0.2782559402207124), 'cache_size': 2000, 'class_weight': {1: 3.5, 0: 1}, 'gamma': np.float64(0.007742636826811269), 'kernel': 'linear'}",0.6187499999999999,0.8500000000000001,0.50625,0.6938775510204082,0.5714285714285714,0.6480612244897959,0.11808517232820456,845
0.0020024776458740234,0.0005458145020094434,0.0029057025909423827,0.0009179490639084538,2.1544346900318834,2000,"{1: 3.5, 0: 1}",0.46415888336127775,sigmoid,"{'C': np.float64(2.1544346900318834), 'cache_size': 2000, 'class_weight': {1: 3.5, 0: 1}, 'gamma': np.float64(0.46415888336127775), 'kernel': 'sigmoid'}",0.6187499999999999,0.8500000000000001,0.50625,0.6938775510204082,0.5714285714285714,0.6480612244897959,0.11808517232820456,845
0.00140228271484375,0.0003753546472159993,0.0022103309631347655,0.00039572659163912034,129.15496650148827,2000,"{1: 3.5, 0: 1}",0.0027825594022071257,rbf,"{'C': np.float64(129.15496650148827), 'cache_size': 2000, 'class_weight': {1: 3.5, 0: 1}, 'gamma': np.float64(0.0027825594022071257), 'kernel': 'rbf'}",0.6187499999999999,0.8500000000000001,0.50625,0.6938775510204082,0.5714285714285714,0.6480612244897959,0.11808517232820456,845
0.0019047260284423828,0.0004955728691855916,0.002607107162475586,0.0005893888208395884,0.1,2000,"{1: 3.5, 0: 1}",0.46415888336127775,sigmoid,"{'C': np.float64(0.1), 'cache_size': 2000, 'class_weight': {1: 3.5, 0: 1}, 'gamma': np.float64(0.46415888336127775), 'kernel': 'sigmoid'}",0.6187499999999999,0.8437500000000001,0.50625,0.7142857142857143,0.5571428571428572,0.6480357142857143,0.11992956053365628,873
0.001301145553588867,0.000400354550980085,0.0030097484588623045,0.0007071949114019152,2.1544346900318834,2000,"{1: 2, 0: 1}",3.593813663804626,rbf,"{'C': np.float64(2.1544346900318834), 'cache_size': 2000, 'class_weight': {1: 2, 0: 1}, 'gamma': np.float64(3.593813663804626), 'kernel': 'rbf'}",0.54375,0.81875,0.73125,0.7891156462585034,0.35714285714285715,0.6480017006802721,0.17404924053584026,874
0.002305936813354492,0.0004024209389021938,0.0030031204223632812,0.0010491899255659313,46.41588833612777,2000,"{1: 3.5, 0: 1}",0.021544346900318832,rbf,"{'C': np.float64(46.41588833612777), 'cache_size': 2000, 'class_weight': {1: 3.5, 0: 1}, 'gamma': np.float64(0.021544346900318832), 'kernel': 'rbf'}",0.6187499999999999,0.8500000000000001,0.50625,0.7006802721088434,0.5642857142857143,0.6479931972789116,0.11961263935782859,875
0.001801300048828125,0.00039901827420949935,0.004910326004028321,0.004335895100640288,129.15496650148827,2000,"{1: 3.5, 0: 1}",0.0027825594022071257,sigmoid,"{'C': np.float64(129.15496650148827), 'cache_size': 2000, 'class_weight': {1: 3.5, 0: 1}, 'gamma': np.float64(0.0027825594022071257), 'kernel': 'sigmoid'}",0.6187499999999999,0.8500000000000001,0.50625,0.7006802721088434,0.5642857142857143,0.6479931972789116,0.11961263935782859,875
0.0021019458770751955,0.0006632138499196251,0.003406858444213867,0.0035785863729657997,46.41588833612777,2000,"{1: 3.5, 0: 1}",0.007742636826811269,sigmoid,"{'C': np.float64(46.41588833612777), 'cache_size': 2000, 'class_weight': {1: 3.5, 0: 1}, 'gamma': np.float64(0.007742636826811269), 'kernel': 'sigmoid'}",0.6187499999999999,0.8500000000000001,0.50625,0.7006802721088434,0.5642857142857143,0.6479931972789116,0.11961263935782859,875
0.001504802703857422,0.0004443313254848006,0.00250244140625,0.0004470784356790013,5.994842503189409,2000,"{1: 3.5, 0: 1}",0.1668100537200059,sigmoid,"{'C': np.float64(5.994842503189409), 'cache_size': 2000, 'class_weight': {1: 3.5, 0: 1}, 'gamma': np.float64(0.1668100537200059), 'kernel': 'sigmoid'}",0.6187499999999999,0.8500000000000001,0.50625,0.7006802721088434,0.5642857142857143,0.6479931972789116,0.11961263935782859,875
0.0021048545837402343,0.00019962362638902242,0.0019024848937988282,0.0001991592236228478,5.994842503189409,2000,"{1: 3.5, 0: 1}",0.05994842503189409,sigmoid,"{'C': np.float64(5.994842503189409), 'cache_size': 2000, 'class_weight': {1: 3.5, 0: 1}, 'gamma': np.float64(0.05994842503189409), 'kernel': 'sigmoid'}",0.6187499999999999,0.8500000000000001,0.50625,0.7006802721088434,0.5642857142857143,0.6479931972789116,0.11961263935782859,875
0.0017015457153320313,0.0004000334504483825,0.0021052837371826174,0.0002075257764956435,5.994842503189409,2000,"{1: 3, 0: 1}",0.1668100537200059,rbf,"{'C': np.float64(5.994842503189409), 'cache_size': 2000, 'class_weight': {1: 3, 0: 1}, 'gamma': np.float64(0.1668100537200059), 'kernel': 'rbf'}",0.65,0.81875,0.50625,0.7074829931972788,0.5571428571428572,0.6479251700680273,0.11049510748470014,880
0.001703166961669922,0.00040133003315199946,0.0028512954711914064,0.0006684254640545643,0.774263682681127,2000,"{1: 3, 0: 1}",0.1668100537200059,rbf,"{'C': np.float64(0.774263682681127), 'cache_size': 2000, 'class_weight': {1: 3, 0: 1}, 'gamma': np.float64(0.1668100537200059), 'kernel': 'rbf'}",0.65,0.81875,0.50625,0.7074829931972788,0.5571428571428572,0.6479251700680273,0.11049510748470014,880
0.001802349090576172,0.0005099528205580287,0.0024055004119873046,0.0008065235957298414,2.1544346900318834,2000,"{1: 3, 0: 1}",0.1668100537200059,rbf,"{'C': np.float64(2.1544346900318834), 'cache_size': 2000, 'class_weight': {1: 3, 0: 1}, 'gamma': np.float64(0.1668100537200059), 'kernel': 'rbf'}",0.65,0.81875,0.50625,0.7074829931972788,0.5571428571428572,0.6479251700680273,0.11049510748470014,880
0.001110410690307617,0.00019734605020033097,0.0014196872711181641,0.0004871741331369414,0.2782559402207124,2000,"{1: 3, 0: 1}",0.1668100537200059,rbf,"{'C': np.float64(0.2782559402207124), 'cache_size': 2000, 'class_weight': {1: 3, 0: 1}, 'gamma': np.float64(0.1668100537200059), 'kernel': 'rbf'}",0.65,0.81875,0.50625,0.7074829931972788,0.5571428571428572,0.6479251700680273,0.11049510748470014,880
0.002601432800292969,0.0008007530160041088,0.002507448196411133,0.0005511141250581489,2.1544346900318834,2000,balanced,0.46415888336127775,rbf,"{'C': np.float64(2.1544346900318834), 'cache_size': 2000, 'class_weight': 'balanced', 'gamma': np.float64(0.46415888336127775), 'kernel': 'rbf'}",0.66875,0.7875,0.525,0.693877551020408,0.5642857142857143,0.6478826530612244,0.09394953429236676,884
0.0019019603729248046,0.0004913146818190792,0.002105522155761719,0.00020907210002146518,0.2782559402207124,2000,"{1: 3.5, 0: 1}",0.1668100537200059,rbf,"{'C': np.float64(0.2782559402207124), 'cache_size': 2000, 'class_weight': {1: 3.5, 0: 1}, 'gamma': np.float64(0.1668100537200059), 'kernel': 'rbf'}",0.625,0.8500000000000001,0.50625,0.7006802721088434,0.5571428571428572,0.6478146258503401,0.12037950171000733,885
0.0025054454803466798,0.0016763202572016318,0.00384979248046875,0.0015066812892679214,0.774263682681127,2000,"{1: 3.5, 0: 1}",0.05994842503189409,rbf,"{'C': np.float64(0.774263682681127), 'cache_size': 2000, 'class_weight': {1: 3.5, 0: 1}, 'gamma': np.float64(0.05994842503189409), 'kernel': 'rbf'}",0.625,0.8500000000000001,0.50625,0.7006802721088434,0.5571428571428572,0.6478146258503401,0.12037950171000733,885
0.0017045974731445313,0.0005969425255898318,0.0032176971435546875,0.001494383134683375,129.15496650148827,2000,"{1: 2, 0: 1}",0.021544346900318832,rbf,"{'C': np.float64(129.15496650148827), 'cache_size': 2000, 'class_weight': {1: 2, 0: 1}, 'gamma': np.float64(0.021544346900318832), 'kernel': 'rbf'}",0.6312500000000001,0.76875,0.6625,0.7823129251700681,0.39285714285714285,0.6475340136054422,0.1401485845109833,887
0.002005767822265625,0.0008449616523454343,0.0026016712188720705,0.0008019452288396205,5.994842503189409,2000,"{1: 2, 0: 1}",1.2915496650148828,linear,"{'C': np.float64(5.994842503189409), 'cache_size': 2000, 'class_weight': {1: 2, 0: 1}, 'gamma': np.float64(1.2915496650148828), 'kernel': 'linear'}",0.6312500000000001,0.76875,0.6625,0.7823129251700681,0.39285714285714285,0.6475340136054422,0.1401485845109833,887
0.001512002944946289,0.0004598575476743071,0.0023024559020996095,0.0005993622371400527,5.994842503189409,2000,"{1: 2, 0: 1}",3.593813663804626,linear,"{'C': np.float64(5.994842503189409), 'cache_size': 2000, 'class_weight': {1: 2, 0: 1}, 'gamma': np.float64(3.593813663804626), 'kernel': 'linear'}",0.6312500000000001,0.76875,0.6625,0.7823129251700681,0.39285714285714285,0.6475340136054422,0.1401485845109833,887
0.002701854705810547,0.0018340140111547767,0.0032065391540527345,0.0015041248661366233,5.994842503189409,2000,"{1: 2, 0: 1}",0.46415888336127775,linear,"{'C': np.float64(5.994842503189409), 'cache_size': 2000, 'class_weight': {1: 2, 0: 1}, 'gamma': np.float64(0.46415888336127775), 'kernel': 'linear'}",0.6312500000000001,0.76875,0.6625,0.7823129251700681,0.39285714285714285,0.6475340136054422,0.1401485845109833,887
0.0029055595397949217,0.0009234298743358326,0.001901721954345703,0.00019793697104496263,5.994842503189409,2000,"{1: 2, 0: 1}",0.1668100537200059,linear,"{'C': np.float64(5.994842503189409), 'cache_size': 2000, 'class_weight': {1: 2, 0: 1}, 'gamma': np.float64(0.1668100537200059), 'kernel': 'linear'}",0.6312500000000001,0.76875,0.6625,0.7823129251700681,0.39285714285714285,0.6475340136054422,0.1401485845109833,887
0.0015016555786132812,0.0007755882747053363,0.0025060176849365234,0.0006322954753964716,5.994842503189409,2000,"{1: 2, 0: 1}",10.0,linear,"{'C': np.float64(5.994842503189409), 'cache_size': 2000, 'class_weight': {1: 2, 0: 1}, 'gamma': np.float64(10.0), 'kernel': 'linear'}",0.6312500000000001,0.76875,0.6625,0.7823129251700681,0.39285714285714285,0.6475340136054422,0.1401485845109833,887
0.001603984832763672,0.000806410961546477,0.002502298355102539,0.0007747595149192025,5.994842503189409,2000,"{1: 2, 0: 1}",0.05994842503189409,linear,"{'C': np.float64(5.994842503189409), 'cache_size': 2000, 'class_weight': {1: 2, 0: 1}, 'gamma': np.float64(0.05994842503189409), 'kernel': 'linear'}",0.6312500000000001,0.76875,0.6625,0.7823129251700681,0.39285714285714285,0.6475340136054422,0.1401485845109833,887
0.0020014286041259766,0.0006321090059062882,0.002707958221435547,0.0005168003929300184,359.38136638046257,2000,"{1: 2, 0: 1}",0.007742636826811269,rbf,"{'C': np.float64(359.38136638046257), 'cache_size': 2000, 'class_weight': {1: 2, 0: 1}, 'gamma': np.float64(0.007742636826811269), 'kernel': 'rbf'}",0.6312500000000001,0.76875,0.6625,0.7823129251700681,0.39285714285714285,0.6475340136054422,0.1401485845109833,887
0.0015020370483398438,0.0004477739073865723,0.0025051593780517577,0.0004468792988086732,5.994842503189409,2000,"{1: 2, 0: 1}",0.0027825594022071257,linear,"{'C': np.float64(5.994842503189409), 'cache_size': 2000, 'class_weight': {1: 2, 0: 1}, 'gamma': np.float64(0.0027825594022071257), 'kernel': 'linear'}",0.6312500000000001,0.76875,0.6625,0.7823129251700681,0.39285714285714285,0.6475340136054422,0.1401485845109833,887
0.0016047000885009766,0.0004936305134493759,0.0023015499114990234,0.00040005781075876714,5.994842503189409,2000,"{1: 2, 0: 1}",0.007742636826811269,linear,"{'C': np.float64(5.994842503189409), 'cache_size': 2000, 'class_weight': {1: 2, 0: 1}, 'gamma': np.float64(0.007742636826811269), 'kernel': 'linear'}",0.6312500000000001,0.76875,0.6625,0.7823129251700681,0.39285714285714285,0.6475340136054422,0.1401485845109833,887
0.0017019748687744141,0.0004004769213632435,0.0019051551818847657,0.00020051721997682028,5.994842503189409,2000,"{1: 2, 0: 1}",0.021544346900318832,linear,"{'C': np.float64(5.994842503189409), 'cache_size': 2000, 'class_weight': {1: 2, 0: 1}, 'gamma': np.float64(0.021544346900318832), 'kernel': 'linear'}",0.6312500000000001,0.76875,0.6625,0.7823129251700681,0.39285714285714285,0.6475340136054422,0.1401485845109833,887
0.0015506267547607422,0.000401041492972953,0.0023050785064697267,0.0006072291848022664,5.994842503189409,2000,"{1: 2, 0: 1}",0.001,linear,"{'C': np.float64(5.994842503189409), 'cache_size': 2000, 'class_weight': {1: 2, 0: 1}, 'gamma': np.float64(0.001), 'kernel': 'linear'}",0.6312500000000001,0.76875,0.6625,0.7823129251700681,0.39285714285714285,0.6475340136054422,0.1401485845109833,887
0.0026038646697998046,0.0005844887479941235,0.003406858444213867,0.0007971414803016859,1000.0,2000,balanced,0.0027825594022071257,rbf,"{'C': np.float64(1000.0), 'cache_size': 2000, 'class_weight': 'balanced', 'gamma': np.float64(0.0027825594022071257), 'kernel': 'rbf'}",0.6625,0.8,0.525,0.7142857142857142,0.5357142857142857,0.6475,0.10530325498389914,899
0.002302074432373047,0.00040020464598073644,0.002904319763183594,0.0009690500854291037,129.15496650148827,2000,balanced,0.021544346900318832,rbf,"{'C': np.float64(129.15496650148827), 'cache_size': 2000, 'class_weight': 'balanced', 'gamma': np.float64(0.021544346900318832), 'kernel': 'rbf'}",0.6625,0.8,0.525,0.7142857142857142,0.5357142857142857,0.6475,0.10530325498389914,899
0.002504920959472656,0.000772995532854224,0.0023023605346679686,0.000400940419976185,359.38136638046257,2000,balanced,0.007742636826811269,rbf,"{'C': np.float64(359.38136638046257), 'cache_size': 2000, 'class_weight': 'balanced', 'gamma': np.float64(0.007742636826811269), 'kernel': 'rbf'}",0.6625,0.8,0.525,0.7142857142857142,0.5357142857142857,0.6475,0.10530325498389914,899
0.0018012046813964844,0.0004004010845245017,0.002707099914550781,0.0002399508163840818,5.994842503189409,2000,balanced,1.2915496650148828,rbf,"{'C': np.float64(5.994842503189409), 'cache_size': 2000, 'class_weight': 'balanced', 'gamma': np.float64(1.2915496650148828), 'kernel': 'rbf'}",0.6125,0.825,0.5874999999999999,0.7619047619047618,0.44999999999999996,0.6473809523809523,0.13298562229414668,902
0.0021084308624267577,0.00020596962143988357,0.0021018028259277345,0.00020246747186616315,0.774263682681127,2000,"{1: 2, 0: 1}",1.2915496650148828,rbf,"{'C': np.float64(0.774263682681127), 'cache_size': 2000, 'class_weight': {1: 2, 0: 1}, 'gamma': np.float64(1.2915496650148828), 'kernel': 'rbf'}",0.625,0.76875,0.64375,0.761904761904762,0.4357142857142857,0.6470238095238094,0.12096477134698962,903
0.0022057533264160157,0.00040822420395743894,0.0029062271118164063,0.0009715589757291046,1000.0,2000,balanced,0.0027825594022071257,sigmoid,"{'C': np.float64(1000.0), 'cache_size': 2000, 'class_weight': 'balanced', 'gamma': np.float64(0.0027825594022071257), 'kernel': 'sigmoid'}",0.6625000000000001,0.78125,0.525,0.693877551020408,0.5714285714285714,0.6468112244897959,0.09061531871050417,904
0.0018056869506835938,0.0005155533188235212,0.0041066169738769535,0.0012048149899249547,0.774263682681127,2000,"{1: 3.5, 0: 1}",1.2915496650148828,sigmoid,"{'C': np.float64(0.774263682681127), 'cache_size': 2000, 'class_weight': {1: 3.5, 0: 1}, 'gamma': np.float64(1.2915496650148828), 'kernel': 'sigmoid'}",0.6187499999999999,0.8437500000000001,0.50625,0.6938775510204082,0.5714285714285714,0.6468112244897959,0.11595477991444018,904
0.004604768753051758,0.0038153079360689983,0.0028089046478271484,0.0006856715991200771,46.41588833612777,2000,balanced,0.05994842503189409,sigmoid,"{'C': np.float64(46.41588833612777), 'cache_size': 2000, 'class_weight': 'balanced', 'gamma': np.float64(0.05994842503189409), 'kernel': 'sigmoid'}",0.6625000000000001,0.78125,0.525,0.693877551020408,0.5714285714285714,0.6468112244897959,0.09061531871050417,904
0.0020060062408447264,0.00032117661914484705,0.002201366424560547,0.0004012354874220574,2.1544346900318834,2000,balanced,1.2915496650148828,sigmoid,"{'C': np.float64(2.1544346900318834), 'cache_size': 2000, 'class_weight': 'balanced', 'gamma': np.float64(1.2915496650148828), 'kernel': 'sigmoid'}",0.6625000000000001,0.78125,0.525,0.693877551020408,0.5714285714285714,0.6468112244897959,0.09061531871050417,904
0.002502250671386719,0.0006339933215952026,0.002006053924560547,0.0003157541708510825,359.38136638046257,2000,balanced,0.007742636826811269,sigmoid,"{'C': np.float64(359.38136638046257), 'cache_size': 2000, 'class_weight': 'balanced', 'gamma': np.float64(0.007742636826811269), 'kernel': 'sigmoid'}",0.6625000000000001,0.78125,0.525,0.693877551020408,0.5714285714285714,0.6468112244897959,0.09061531871050417,904
0.0030140399932861326,0.0010533121645681155,0.0030037403106689454,0.0008387120833106025,5.994842503189409,2000,balanced,0.46415888336127775,sigmoid,"{'C': np.float64(5.994842503189409), 'cache_size': 2000, 'class_weight': 'balanced', 'gamma': np.float64(0.46415888336127775), 'kernel': 'sigmoid'}",0.6625000000000001,0.78125,0.525,0.693877551020408,0.5714285714285714,0.6468112244897959,0.09061531871050417,904
0.002506446838378906,0.00045096528298757576,0.002602815628051758,0.001242058149332248,16.68100537200059,2000,balanced,0.1668100537200059,sigmoid,"{'C': np.float64(16.68100537200059), 'cache_size': 2000, 'class_weight': 'balanced', 'gamma': np.float64(0.1668100537200059), 'kernel': 'sigmoid'}",0.6625000000000001,0.78125,0.525,0.693877551020408,0.5714285714285714,0.6468112244897959,0.09061531871050417,904
0.0025025367736816405,0.0006346371288810253,0.0028052330017089844,0.0009342825600682916,129.15496650148827,2000,balanced,0.021544346900318832,sigmoid,"{'C': np.float64(129.15496650148827), 'cache_size': 2000, 'class_weight': 'balanced', 'gamma': np.float64(0.021544346900318832), 'kernel': 'sigmoid'}",0.6625000000000001,0.78125,0.525,0.693877551020408,0.5714285714285714,0.6468112244897959,0.09061531871050417,904
0.0016007423400878906,0.0004895899369462772,0.0026061534881591797,0.00037302495752736925,5.994842503189409,2000,"{1: 3.5, 0: 1}",0.007742636826811269,rbf,"{'C': np.float64(5.994842503189409), 'cache_size': 2000, 'class_weight': {1: 3.5, 0: 1}, 'gamma': np.float64(0.007742636826811269), 'kernel': 'rbf'}",0.6187499999999999,0.8375,0.50625,0.7142857142857143,0.5571428571428572,0.6467857142857143,0.11789853169361443,912
0.0018024921417236328,0.00024249939868092085,0.002604770660400391,0.00049356721626827,0.774263682681127,2000,"{1: 3, 0: 1}",0.05994842503189409,rbf,"{'C': np.float64(0.774263682681127), 'cache_size': 2000, 'class_weight': {1: 3, 0: 1}, 'gamma': np.float64(0.05994842503189409), 'kernel': 'rbf'}",0.65,0.8125,0.50625,0.7074829931972788,0.5571428571428572,0.6466751700680271,0.10857419906785179,913
0.0021027565002441407,0.0007353408551906918,0.0022058486938476562,0.0003975267872785296,0.774263682681127,2000,"{1: 3, 0: 1}",0.021544346900318832,rbf,"{'C': np.float64(0.774263682681127), 'cache_size': 2000, 'class_weight': {1: 3, 0: 1}, 'gamma': np.float64(0.021544346900318832), 'kernel': 'rbf'}",0.65,0.80625,0.5125,0.7074829931972788,0.5571428571428572,0.6466751700680271,0.10506358409661032,913
0.0016000747680664062,0.0007999181942855761,0.00402522087097168,0.0013448696899969663,5.994842503189409,2000,"{1: 3, 0: 1}",0.05994842503189409,rbf,"{'C': np.float64(5.994842503189409), 'cache_size': 2000, 'class_weight': {1: 3, 0: 1}, 'gamma': np.float64(0.05994842503189409), 'kernel': 'rbf'}",0.65,0.8125,0.50625,0.7074829931972788,0.5571428571428572,0.6466751700680271,0.10857419906785179,913
0.0016172409057617187,0.0005039916442719467,0.0029476165771484377,0.001176746902681737,0.1,2000,"{1: 3, 0: 1}",0.1668100537200059,rbf,"{'C': np.float64(0.1), 'cache_size': 2000, 'class_weight': {1: 3, 0: 1}, 'gamma': np.float64(0.1668100537200059), 'kernel': 'rbf'}",0.65,0.8125000000000001,0.50625,0.7074829931972788,0.5571428571428572,0.6466751700680271,0.10857419906785182,913
0.001804208755493164,0.0004011179172965827,0.0026030540466308594,0.0005844216860995084,16.68100537200059,2000,"{1: 3, 0: 1}",0.001,rbf,"{'C': np.float64(16.68100537200059), 'cache_size': 2000, 'class_weight': {1: 3, 0: 1}, 'gamma': np.float64(0.001), 'kernel': 'rbf'}",0.65,0.80625,0.5125,0.7074829931972788,0.5571428571428572,0.6466751700680271,0.10506358409661032,913
0.0026041507720947266,0.0010212228794759793,0.0022057056427001952,0.0008133756049691309,16.68100537200059,2000,"{1: 3, 0: 1}",0.05994842503189409,rbf,"{'C': np.float64(16.68100537200059), 'cache_size': 2000, 'class_weight': {1: 3, 0: 1}, 'gamma': np.float64(0.05994842503189409), 'kernel': 'rbf'}",0.65,0.8125,0.50625,0.7074829931972788,0.5571428571428572,0.6466751700680271,0.10857419906785179,913
0.0017045021057128906,0.0004022930840553751,0.0020032405853271486,0.0003162842358989769,2.1544346900318834,2000,"{1: 3, 0: 1}",0.05994842503189409,rbf,"{'C': np.float64(2.1544346900318834), 'cache_size': 2000, 'class_weight': {1: 3, 0: 1}, 'gamma': np.float64(0.05994842503189409), 'kernel': 'rbf'}",0.65,0.8125,0.50625,0.7074829931972788,0.5571428571428572,0.6466751700680271,0.10857419906785179,913
0.005208206176757812,0.007427763975905243,0.003007030487060547,0.0007055886347972928,0.2782559402207124,2000,"{1: 3, 0: 1}",0.05994842503189409,rbf,"{'C': np.float64(0.2782559402207124), 'cache_size': 2000, 'class_weight': {1: 3, 0: 1}, 'gamma': np.float64(0.05994842503189409), 'kernel': 'rbf'}",0.65,0.8125,0.50625,0.7074829931972788,0.5571428571428572,0.6466751700680271,0.10857419906785179,913
0.0013020992279052734,0.00040231996378851655,0.0030087947845458983,0.0010519274490830208,2.1544346900318834,2000,"{1: 3, 0: 1}",0.007742636826811269,rbf,"{'C': np.float64(2.1544346900318834), 'cache_size': 2000, 'class_weight': {1: 3, 0: 1}, 'gamma': np.float64(0.007742636826811269), 'kernel': 'rbf'}",0.65,0.80625,0.5125,0.7074829931972788,0.5571428571428572,0.6466751700680271,0.10506358409661032,913
0.001804018020629883,0.00040172438507631356,0.0030085563659667967,0.0007069133047677001,1000.0,2000,"{1: 3.5, 0: 1}",0.0027825594022071257,rbf,"{'C': np.float64(1000.0), 'cache_size': 2000, 'class_weight': {1: 3.5, 0: 1}, 'gamma': np.float64(0.0027825594022071257), 'kernel': 'rbf'}",0.6187499999999999,0.8500000000000001,0.50625,0.6938775510204082,0.5642857142857143,0.6466326530612244,0.11904294026277103,922
0.002404928207397461,0.0013633713234576935,0.002605628967285156,0.00037284514252179646,129.15496650148827,2000,"{1: 3.5, 0: 1}",0.007742636826811269,rbf,"{'C': np.float64(129.15496650148827), 'cache_size': 2000, 'class_weight': {1: 3.5, 0: 1}, 'gamma': np.float64(0.007742636826811269), 'kernel': 'rbf'}",0.6187499999999999,0.8500000000000001,0.50625,0.6938775510204082,0.5642857142857143,0.6466326530612244,0.11904294026277103,922
0.002201366424560547,0.00039980472310663975,0.002303409576416016,0.000509732440839481,1000.0,2000,"{1: 3.5, 0: 1}",0.0027825594022071257,sigmoid,"{'C': np.float64(1000.0), 'cache_size': 2000, 'class_weight': {1: 3.5, 0: 1}, 'gamma': np.float64(0.0027825594022071257), 'kernel': 'sigmoid'}",0.6187499999999999,0.8500000000000001,0.50625,0.6938775510204082,0.5642857142857143,0.6466326530612244,0.11904294026277103,922
0.0024093151092529296,0.0005838141798854189,0.003206491470336914,0.0008187723481784037,16.68100537200059,2000,"{1: 3.5, 0: 1}",0.007742636826811269,rbf,"{'C': np.float64(16.68100537200059), 'cache_size': 2000, 'class_weight': {1: 3.5, 0: 1}, 'gamma': np.float64(0.007742636826811269), 'kernel': 'rbf'}",0.6187499999999999,0.8500000000000001,0.50625,0.6938775510204082,0.5642857142857143,0.6466326530612244,0.11904294026277103,922
0.00198211669921875,4.592256248064735e-05,0.0019884586334228517,0.0002948857292907216,2.1544346900318834,2000,"{1: 3.5, 0: 1}",0.001,linear,"{'C': np.float64(2.1544346900318834), 'cache_size': 2000, 'class_weight': {1: 3.5, 0: 1}, 'gamma': np.float64(0.001), 'kernel': 'linear'}",0.6187499999999999,0.8500000000000001,0.50625,0.6938775510204082,0.5642857142857143,0.6466326530612244,0.11904294026277103,922
0.0016009807586669922,0.000489882339180183,0.003906869888305664,0.0014004967475711658,359.38136638046257,2000,"{1: 3.5, 0: 1}",0.007742636826811269,sigmoid,"{'C': np.float64(359.38136638046257), 'cache_size': 2000, 'class_weight': {1: 3.5, 0: 1}, 'gamma': np.float64(0.007742636826811269), 'kernel': 'sigmoid'}",0.6187499999999999,0.8500000000000001,0.50625,0.6938775510204082,0.5642857142857143,0.6466326530612244,0.11904294026277103,922
0.0030021190643310545,0.0020019056542440977,0.00351099967956543,0.002082200049474954,46.41588833612777,2000,"{1: 3.5, 0: 1}",0.05994842503189409,sigmoid,"{'C': np.float64(46.41588833612777), 'cache_size': 2000, 'class_weight': {1: 3.5, 0: 1}, 'gamma': np.float64(0.05994842503189409), 'kernel': 'sigmoid'}",0.6187499999999999,0.8500000000000001,0.50625,0.6938775510204082,0.5642857142857143,0.6466326530612244,0.11904294026277103,922
0.0018026351928710938,0.0005099722334546721,0.0023063182830810546,0.0003989960273192562,5.994842503189409,2000,"{1: 3.5, 0: 1}",0.46415888336127775,linear,"{'C': np.float64(5.994842503189409), 'cache_size': 2000, 'class_weight': {1: 3.5, 0: 1}, 'gamma': np.float64(0.46415888336127775), 'kernel': 'linear'}",0.6187499999999999,0.8500000000000001,0.50625,0.6938775510204082,0.5642857142857143,0.6466326530612244,0.11904294026277103,922
0.002702188491821289,0.0008734447435107222,0.002606105804443359,0.0010754492959650255,5.994842503189409,2000,"{1: 3.5, 0: 1}",0.46415888336127775,sigmoid,"{'C': np.float64(5.994842503189409), 'cache_size': 2000, 'class_weight': {1: 3.5, 0: 1}, 'gamma': np.float64(0.46415888336127775), 'kernel': 'sigmoid'}",0.6187499999999999,0.8500000000000001,0.50625,0.6938775510204082,0.5642857142857143,0.6466326530612244,0.11904294026277103,922
0.0018054962158203125,0.00024570888988840057,0.002503061294555664,0.0007762343271252129,5.994842503189409,2000,"{1: 3.5, 0: 1}",0.021544346900318832,linear,"{'C': np.float64(5.994842503189409), 'cache_size': 2000, 'class_weight': {1: 3.5, 0: 1}, 'gamma': np.float64(0.021544346900318832), 'kernel': 'linear'}",0.6187499999999999,0.8500000000000001,0.50625,0.6938775510204082,0.5642857142857143,0.6466326530612244,0.11904294026277103,922
0.001701688766479492,0.0006013405218090851,0.002105522155761719,0.00020907307880260753,5.994842503189409,2000,"{1: 3.5, 0: 1}",0.007742636826811269,linear,"{'C': np.float64(5.994842503189409), 'cache_size': 2000, 'class_weight': {1: 3.5, 0: 1}, 'gamma': np.float64(0.007742636826811269), 'kernel': 'linear'}",0.6187499999999999,0.8500000000000001,0.50625,0.6938775510204082,0.5642857142857143,0.6466326530612244,0.11904294026277103,922
0.0017014503479003905,0.00040008165241668756,0.0025055408477783203,0.0006397728256453999,5.994842503189409,2000,"{1: 3.5, 0: 1}",0.05994842503189409,linear,"{'C': np.float64(5.994842503189409), 'cache_size': 2000, 'class_weight': {1: 3.5, 0: 1}, 'gamma': np.float64(0.05994842503189409), 'kernel': 'linear'}",0.6187499999999999,0.8500000000000001,0.50625,0.6938775510204082,0.5642857142857143,0.6466326530612244,0.11904294026277103,922
0.0022045135498046874,0.0009790873182635939,0.002605628967285156,0.0009778168076425427,5.994842503189409,2000,"{1: 3.5, 0: 1}",0.001,linear,"{'C': np.float64(5.994842503189409), 'cache_size': 2000, 'class_weight': {1: 3.5, 0: 1}, 'gamma': np.float64(0.001), 'kernel': 'linear'}",0.6187499999999999,0.8500000000000001,0.50625,0.6938775510204082,0.5642857142857143,0.6466326530612244,0.11904294026277103,922
0.0036092281341552736,0.0011960805040898109,0.0035048484802246093,0.0010513955347592867,359.38136638046257,2000,"{1: 3.5, 0: 1}",0.007742636826811269,rbf,"{'C': np.float64(359.38136638046257), 'cache_size': 2000, 'class_weight': {1: 3.5, 0: 1}, 'gamma': np.float64(0.007742636826811269), 'kernel': 'rbf'}",0.6187499999999999,0.8500000000000001,0.50625,0.6938775510204082,0.5642857142857143,0.6466326530612244,0.11904294026277103,922
0.002501821517944336,0.0008941775396762164,0.003910207748413086,0.0019075357202327776,359.38136638046257,2000,"{1: 3.5, 0: 1}",0.0027825594022071257,rbf,"{'C': np.float64(359.38136638046257), 'cache_size': 2000, 'class_weight': {1: 3.5, 0: 1}, 'gamma': np.float64(0.0027825594022071257), 'kernel': 'rbf'}",0.6187499999999999,0.8500000000000001,0.50625,0.6938775510204082,0.5642857142857143,0.6466326530612244,0.11904294026277103,922
0.0020018577575683593,0.0006324121297776458,0.0024062156677246093,0.0005921647245837677,5.994842503189409,2000,"{1: 3.5, 0: 1}",1.2915496650148828,linear,"{'C': np.float64(5.994842503189409), 'cache_size': 2000, 'class_weight': {1: 3.5, 0: 1}, 'gamma': np.float64(1.2915496650148828), 'kernel': 'linear'}",0.6187499999999999,0.8500000000000001,0.50625,0.6938775510204082,0.5642857142857143,0.6466326530612244,0.11904294026277103,922
0.0018020153045654296,0.0004009268093234204,0.0024063587188720703,0.0005925169970390935,5.994842503189409,2000,"{1: 3.5, 0: 1}",0.021544346900318832,rbf,"{'C': np.float64(5.994842503189409), 'cache_size': 2000, 'class_weight': {1: 3.5, 0: 1}, 'gamma': np.float64(0.021544346900318832), 'kernel': 'rbf'}",0.6187499999999999,0.8500000000000001,0.50625,0.6938775510204082,0.5642857142857143,0.6466326530612244,0.11904294026277103,922
0.002402782440185547,0.0011588071562208045,0.00260467529296875,0.0007969748107251158,5.994842503189409,2000,"{1: 3.5, 0: 1}",0.0027825594022071257,linear,"{'C': np.float64(5.994842503189409), 'cache_size': 2000, 'class_weight': {1: 3.5, 0: 1}, 'gamma': np.float64(0.0027825594022071257), 'kernel': 'linear'}",0.6187499999999999,0.8500000000000001,0.50625,0.6938775510204082,0.5642857142857143,0.6466326530612244,0.11904294026277103,922
0.0028063297271728516,0.000811775224737493,0.0030097484588623045,0.0008414651365237017,0.774263682681127,2000,balanced,3.593813663804626,sigmoid,"{'C': np.float64(0.774263682681127), 'cache_size': 2000, 'class_weight': 'balanced', 'gamma': np.float64(3.593813663804626), 'kernel': 'sigmoid'}",0.66875,0.78125,0.525,0.693877551020408,0.5642857142857143,0.6466326530612244,0.09210712038928184,922
0.0015017986297607422,0.0010023118993648268,0.002305269241333008,0.00040206401914947133,5.994842503189409,2000,"{1: 3.5, 0: 1}",0.1668100537200059,linear,"{'C': np.float64(5.994842503189409), 'cache_size': 2000, 'class_weight': {1: 3.5, 0: 1}, 'gamma': np.float64(0.1668100537200059), 'kernel': 'linear'}",0.6187499999999999,0.8500000000000001,0.50625,0.6938775510204082,0.5642857142857143,0.6466326530612244,0.11904294026277103,922
0.002510404586791992,0.0007719285607345572,0.0024023532867431642,0.0008612966573246226,5.994842503189409,2000,"{1: 3.5, 0: 1}",10.0,linear,"{'C': np.float64(5.994842503189409), 'cache_size': 2000, 'class_weight': {1: 3.5, 0: 1}, 'gamma': np.float64(10.0), 'kernel': 'linear'}",0.6187499999999999,0.8500000000000001,0.50625,0.6938775510204082,0.5642857142857143,0.6466326530612244,0.11904294026277103,922
0.0018099308013916015,0.0006879339712586059,0.002601432800292969,0.0004892396508373358,1000.0,2000,"{1: 3.5, 0: 1}",0.001,rbf,"{'C': np.float64(1000.0), 'cache_size': 2000, 'class_weight': {1: 3.5, 0: 1}, 'gamma': np.float64(0.001), 'kernel': 'rbf'}",0.6187499999999999,0.8500000000000001,0.50625,0.6938775510204082,0.5642857142857143,0.6466326530612244,0.11904294026277103,922
0.0013017654418945312,0.00040007052459202345,0.0023052215576171873,0.0003980699428104516,5.994842503189409,2000,"{1: 3.5, 0: 1}",3.593813663804626,linear,"{'C': np.float64(5.994842503189409), 'cache_size': 2000, 'class_weight': {1: 3.5, 0: 1}, 'gamma': np.float64(3.593813663804626), 'kernel': 'linear'}",0.6187499999999999,0.8500000000000001,0.50625,0.6938775510204082,0.5642857142857143,0.6466326530612244,0.11904294026277103,922
0.0016011238098144532,0.0004899995110730211,0.002614593505859375,0.0006037666190778329,2.1544346900318834,2000,"{1: 3.5, 0: 1}",0.021544346900318832,linear,"{'C': np.float64(2.1544346900318834), 'cache_size': 2000, 'class_weight': {1: 3.5, 0: 1}, 'gamma': np.float64(0.021544346900318832), 'kernel': 'linear'}",0.6187499999999999,0.8500000000000001,0.50625,0.6938775510204082,0.5642857142857143,0.6466326530612244,0.11904294026277103,922
0.0027070045471191406,0.0011305096357256668,0.002059745788574219,0.001178104047358985,2.1544346900318834,2000,"{1: 3.5, 0: 1}",10.0,linear,"{'C': np.float64(2.1544346900318834), 'cache_size': 2000, 'class_weight': {1: 3.5, 0: 1}, 'gamma': np.float64(10.0), 'kernel': 'linear'}",0.6187499999999999,0.8500000000000001,0.50625,0.6938775510204082,0.5642857142857143,0.6466326530612244,0.11904294026277103,922
0.0019054889678955078,0.0004944075767529156,0.003005790710449219,0.001520318482804256,2.1544346900318834,2000,"{1: 3.5, 0: 1}",3.593813663804626,linear,"{'C': np.float64(2.1544346900318834), 'cache_size': 2000, 'class_weight': {1: 3.5, 0: 1}, 'gamma': np.float64(3.593813663804626), 'kernel': 'linear'}",0.6187499999999999,0.8500000000000001,0.50625,0.6938775510204082,0.5642857142857143,0.6466326530612244,0.11904294026277103,922
0.0027016162872314452,0.0011660826723166645,0.0026067256927490234,0.00037392424352094444,129.15496650148827,2000,"{1: 3.5, 0: 1}",0.021544346900318832,rbf,"{'C': np.float64(129.15496650148827), 'cache_size': 2000, 'class_weight': {1: 3.5, 0: 1}, 'gamma': np.float64(0.021544346900318832), 'kernel': 'rbf'}",0.6187499999999999,0.8500000000000001,0.50625,0.6938775510204082,0.5642857142857143,0.6466326530612244,0.11904294026277103,922
0.0020046234130859375,0.0006271427492396943,0.0027130603790283202,0.001719824507583995,129.15496650148827,2000,"{1: 3.5, 0: 1}",0.021544346900318832,sigmoid,"{'C': np.float64(129.15496650148827), 'cache_size': 2000, 'class_weight': {1: 3.5, 0: 1}, 'gamma': np.float64(0.021544346900318832), 'kernel': 'sigmoid'}",0.6187499999999999,0.8500000000000001,0.50625,0.6938775510204082,0.5642857142857143,0.6466326530612244,0.11904294026277103,922
0.0016017436981201171,0.0005841262856303262,0.006412935256958008,0.008823180320271792,2.1544346900318834,2000,"{1: 3.5, 0: 1}",0.007742636826811269,linear,"{'C': np.float64(2.1544346900318834), 'cache_size': 2000, 'class_weight': {1: 3.5, 0: 1}, 'gamma': np.float64(0.007742636826811269), 'kernel': 'linear'}",0.6187499999999999,0.8500000000000001,0.50625,0.6938775510204082,0.5642857142857143,0.6466326530612244,0.11904294026277103,922
0.0023096084594726564,0.0009882180091749242,0.001901388168334961,0.000490954210330416,2.1544346900318834,2000,"{1: 3.5, 0: 1}",0.05994842503189409,linear,"{'C': np.float64(2.1544346900318834), 'cache_size': 2000, 'class_weight': {1: 3.5, 0: 1}, 'gamma': np.float64(0.05994842503189409), 'kernel': 'linear'}",0.6187499999999999,0.8500000000000001,0.50625,0.6938775510204082,0.5642857142857143,0.6466326530612244,0.11904294026277103,922
0.0017019271850585937,0.0006020158653726593,0.001904916763305664,0.0004945463294412568,16.68100537200059,2000,"{1: 3.5, 0: 1}",0.1668100537200059,sigmoid,"{'C': np.float64(16.68100537200059), 'cache_size': 2000, 'class_weight': {1: 3.5, 0: 1}, 'gamma': np.float64(0.1668100537200059), 'kernel': 'sigmoid'}",0.6187499999999999,0.8500000000000001,0.50625,0.6938775510204082,0.5642857142857143,0.6466326530612244,0.11904294026277103,922
0.0016631126403808595,0.0005468317636360143,0.001901388168334961,0.0006630406710607568,2.1544346900318834,2000,"{1: 3.5, 0: 1}",0.46415888336127775,linear,"{'C': np.float64(2.1544346900318834), 'cache_size': 2000, 'class_weight': {1: 3.5, 0: 1}, 'gamma': np.float64(0.46415888336127775), 'kernel': 'linear'}",0.6187499999999999,0.8500000000000001,0.50625,0.6938775510204082,0.5642857142857143,0.6466326530612244,0.11904294026277103,922
0.0019052505493164062,0.00048522972179653324,0.0020016193389892577,0.0006332415521837239,2.1544346900318834,2000,"{1: 3.5, 0: 1}",1.2915496650148828,linear,"{'C': np.float64(2.1544346900318834), 'cache_size': 2000, 'class_weight': {1: 3.5, 0: 1}, 'gamma': np.float64(1.2915496650148828), 'kernel': 'linear'}",0.6187499999999999,0.8500000000000001,0.50625,0.6938775510204082,0.5642857142857143,0.6466326530612244,0.11904294026277103,922
0.0025020122528076174,0.0008945235740511425,0.0021065235137939452,0.0005819334158605156,2.1544346900318834,2000,"{1: 3.5, 0: 1}",0.1668100537200059,linear,"{'C': np.float64(2.1544346900318834), 'cache_size': 2000, 'class_weight': {1: 3.5, 0: 1}, 'gamma': np.float64(0.1668100537200059), 'kernel': 'linear'}",0.6187499999999999,0.8500000000000001,0.50625,0.6938775510204082,0.5642857142857143,0.6466326530612244,0.11904294026277103,922
0.0019020557403564454,0.00019882876771912464,0.0019046306610107423,0.000200320567095418,2.1544346900318834,2000,"{1: 3.5, 0: 1}",0.0027825594022071257,linear,"{'C': np.float64(2.1544346900318834), 'cache_size': 2000, 'class_weight': {1: 3.5, 0: 1}, 'gamma': np.float64(0.0027825594022071257), 'kernel': 'linear'}",0.6187499999999999,0.8500000000000001,0.50625,0.6938775510204082,0.5642857142857143,0.6466326530612244,0.11904294026277103,922
0.002005910873413086,0.0005529500319632287,0.001901865005493164,0.0009176817767456837,0.774263682681127,2000,"{1: 3.5, 0: 1}",0.46415888336127775,sigmoid,"{'C': np.float64(0.774263682681127), 'cache_size': 2000, 'class_weight': {1: 3.5, 0: 1}, 'gamma': np.float64(0.46415888336127775), 'kernel': 'sigmoid'}",0.6187499999999999,0.8500000000000001,0.50625,0.7006802721088434,0.5571428571428572,0.6465646258503401,0.12064207805146389,957
0.0019051074981689454,0.00020044776571332554,0.003906869888305664,0.0027290878966856635,0.2782559402207124,2000,"{1: 3, 0: 1}",10.0,sigmoid,"{'C': np.float64(0.2782559402207124), 'cache_size': 2000, 'class_weight': {1: 3, 0: 1}, 'gamma': np.float64(10.0), 'kernel': 'sigmoid'}",0.70625,0.775,0.5125,0.6598639455782311,0.5785714285714285,0.646437074829932,0.09255396108201891,958
0.004307079315185547,0.005116339202538552,0.0022023200988769533,0.0002470924604490023,2.1544346900318834,2000,"{1: 2, 0: 1}",1.2915496650148828,rbf,"{'C': np.float64(2.1544346900318834), 'cache_size': 2000, 'class_weight': {1: 2, 0: 1}, 'gamma': np.float64(1.2915496650148828), 'kernel': 'rbf'}",0.60625,0.76875,0.675,0.7891156462585035,0.39285714285714285,0.6463945578231292,0.14286443990514863,959
0.0014004707336425781,0.0004903690028428545,0.0034060001373291014,0.000865654639623103,16.68100537200059,2000,"{1: 3, 0: 1}",1.2915496650148828,rbf,"{'C': np.float64(16.68100537200059), 'cache_size': 2000, 'class_weight': {1: 3, 0: 1}, 'gamma': np.float64(1.2915496650148828), 'kernel': 'rbf'}",0.5375000000000001,0.85,0.6375,0.782312925170068,0.42142857142857143,0.6457482993197279,0.15650796997780692,960
0.0023122787475585937,0.0004066818188168756,0.0021036148071289064,0.0004922124490042138,46.41588833612777,2000,"{1: 3.5, 0: 1}",0.1668100537200059,sigmoid,"{'C': np.float64(46.41588833612777), 'cache_size': 2000, 'class_weight': {1: 3.5, 0: 1}, 'gamma': np.float64(0.1668100537200059), 'kernel': 'sigmoid'}",0.60625,0.8500000000000001,0.5125,0.6938775510204082,0.5642857142857143,0.6453826530612246,0.11830967102928965,961
0.0023012161254882812,0.0011679583007569243,0.002406787872314453,0.0008580418336428545,2.1544346900318834,2000,"{1: 3.5, 0: 1}",1.2915496650148828,sigmoid,"{'C': np.float64(2.1544346900318834), 'cache_size': 2000, 'class_weight': {1: 3.5, 0: 1}, 'gamma': np.float64(1.2915496650148828), 'kernel': 'sigmoid'}",0.6187499999999999,0.8437500000000001,0.50625,0.6938775510204082,0.5642857142857143,0.6453826530612246,0.11691472644221829,961
0.00441136360168457,0.005083476530515131,0.003202390670776367,0.0012093820475485078,129.15496650148827,2000,"{1: 3.5, 0: 1}",0.05994842503189409,sigmoid,"{'C': np.float64(129.15496650148827), 'cache_size': 2000, 'class_weight': {1: 3.5, 0: 1}, 'gamma': np.float64(0.05994842503189409), 'kernel': 'sigmoid'}",0.60625,0.8500000000000001,0.5125,0.6938775510204082,0.5642857142857143,0.6453826530612246,0.11830967102928965,961
0.0031095027923583986,0.0009720193645883053,0.002702760696411133,0.0003990912915939702,359.38136638046257,2000,"{1: 3.5, 0: 1}",0.021544346900318832,sigmoid,"{'C': np.float64(359.38136638046257), 'cache_size': 2000, 'class_weight': {1: 3.5, 0: 1}, 'gamma': np.float64(0.021544346900318832), 'kernel': 'sigmoid'}",0.60625,0.8500000000000001,0.5125,0.6938775510204082,0.5642857142857143,0.6453826530612246,0.11830967102928965,961
0.001806020736694336,0.0005159155493570461,0.0020049571990966796,7.72652782460369e-06,1000.0,2000,"{1: 3.5, 0: 1}",0.007742636826811269,sigmoid,"{'C': np.float64(1000.0), 'cache_size': 2000, 'class_weight': {1: 3.5, 0: 1}, 'gamma': np.float64(0.007742636826811269), 'kernel': 'sigmoid'}",0.60625,0.8500000000000001,0.5125,0.6938775510204082,0.5642857142857143,0.6453826530612246,0.11830967102928965,961
0.0020055294036865233,0.0010543414800133187,0.002804851531982422,0.0009833984933497577,16.68100537200059,2000,"{1: 3.5, 0: 1}",0.46415888336127775,sigmoid,"{'C': np.float64(16.68100537200059), 'cache_size': 2000, 'class_weight': {1: 3.5, 0: 1}, 'gamma': np.float64(0.46415888336127775), 'kernel': 'sigmoid'}",0.60625,0.8500000000000001,0.5125,0.6938775510204082,0.5642857142857143,0.6453826530612246,0.11830967102928965,961
0.001907014846801758,0.0005882922779078895,0.002402067184448242,0.0004896894048696781,0.1,2000,"{1: 3, 0: 1}",3.593813663804626,sigmoid,"{'C': np.float64(0.1), 'cache_size': 2000, 'class_weight': {1: 3, 0: 1}, 'gamma': np.float64(3.593813663804626), 'kernel': 'sigmoid'}",0.65,0.8125,0.50625,0.7006802721088434,0.5571428571428572,0.64531462585034,0.10784385731788967,967
0.0018052101135253907,0.0010368991549154207,0.002306365966796875,0.00040136521438743916,0.2782559402207124,2000,"{1: 3, 0: 1}",3.593813663804626,sigmoid,"{'C': np.float64(0.2782559402207124), 'cache_size': 2000, 'class_weight': {1: 3, 0: 1}, 'gamma': np.float64(3.593813663804626), 'kernel': 'sigmoid'}",0.65,0.8125,0.50625,0.7006802721088434,0.5571428571428572,0.64531462585034,0.10784385731788967,967
0.0014071941375732421,0.00037489101134927306,0.0021549224853515624,0.0006565692125998482,0.2782559402207124,2000,"{1: 3, 0: 1}",0.05994842503189409,sigmoid,"{'C': np.float64(0.2782559402207124), 'cache_size': 2000, 'class_weight': {1: 3, 0: 1}, 'gamma': np.float64(0.05994842503189409), 'kernel': 'sigmoid'}",0.65,0.80625,0.5125,0.7074829931972788,0.55,0.6452465986394558,0.10631240086127891,969
0.002001953125,1.8917879509808895e-06,0.0033113956451416016,0.001366297935577746,0.774263682681127,2000,"{1: 3, 0: 1}",0.021544346900318832,sigmoid,"{'C': np.float64(0.774263682681127), 'cache_size': 2000, 'class_weight': {1: 3, 0: 1}, 'gamma': np.float64(0.021544346900318832), 'kernel': 'sigmoid'}",0.65,0.80625,0.5125,0.7074829931972788,0.55,0.6452465986394558,0.10631240086127891,969
0.001805877685546875,0.0005155420063199477,0.0023020267486572265,0.0004008307049654806,2.1544346900318834,2000,"{1: 3, 0: 1}",0.007742636826811269,sigmoid,"{'C': np.float64(2.1544346900318834), 'cache_size': 2000, 'class_weight': {1: 3, 0: 1}, 'gamma': np.float64(0.007742636826811269), 'kernel': 'sigmoid'}",0.65,0.80625,0.5125,0.7074829931972788,0.55,0.6452465986394558,0.10631240086127891,969
0.0025076866149902344,0.000635815281836929,0.0028035640716552734,0.0011225165093564167,16.68100537200059,2000,"{1: 3, 0: 1}",0.001,sigmoid,"{'C': np.float64(16.68100537200059), 'cache_size': 2000, 'class_weight': {1: 3, 0: 1}, 'gamma': np.float64(0.001), 'kernel': 'sigmoid'}",0.65,0.80625,0.5125,0.7074829931972788,0.55,0.6452465986394558,0.10631240086127891,969
0.0018010616302490234,0.0007485328654140969,0.003110170364379883,0.0005801436301738436,0.1,2000,"{1: 3.5, 0: 1}",1.2915496650148828,sigmoid,"{'C': np.float64(0.1), 'cache_size': 2000, 'class_weight': {1: 3.5, 0: 1}, 'gamma': np.float64(1.2915496650148828), 'kernel': 'sigmoid'}",0.6187499999999999,0.8437500000000001,0.50625,0.7074829931972788,0.5499999999999999,0.6452465986394558,0.12030877597619082,969
0.0018054962158203125,0.00040285968775889507,0.0026021957397460937,0.0005843638420493999,0.1,2000,"{1: 3, 0: 1}",0.1668100537200059,sigmoid,"{'C': np.float64(0.1), 'cache_size': 2000, 'class_weight': {1: 3, 0: 1}, 'gamma': np.float64(0.1668100537200059), 'kernel': 'sigmoid'}",0.65,0.80625,0.5125,0.7074829931972788,0.55,0.6452465986394558,0.10631240086127891,969
0.003916645050048828,0.002055838428024295,0.0038031578063964845,0.001290110206386181,5.994842503189409,2000,"{1: 3, 0: 1}",0.0027825594022071257,sigmoid,"{'C': np.float64(5.994842503189409), 'cache_size': 2000, 'class_weight': {1: 3, 0: 1}, 'gamma': np.float64(0.0027825594022071257), 'kernel': 'sigmoid'}",0.65,0.80625,0.5125,0.7074829931972788,0.55,0.6452465986394558,0.10631240086127891,969
0.0019011974334716796,0.00019862722654975315,0.0020056724548339843,9.03804550993939e-06,46.41588833612777,2000,"{1: 3.5, 0: 1}",0.0027825594022071257,sigmoid,"{'C': np.float64(46.41588833612777), 'cache_size': 2000, 'class_weight': {1: 3.5, 0: 1}, 'gamma': np.float64(0.0027825594022071257), 'kernel': 'sigmoid'}",0.6187499999999999,0.8500000000000001,0.50625,0.6938775510204082,0.5571428571428572,0.645204081632653,0.12006107553925138,976
0.0019017696380615235,0.0004918136590983946,0.004606962203979492,0.003065050793827946,16.68100537200059,2000,"{1: 3.5, 0: 1}",0.0027825594022071257,rbf,"{'C': np.float64(16.68100537200059), 'cache_size': 2000, 'class_weight': {1: 3.5, 0: 1}, 'gamma': np.float64(0.0027825594022071257), 'kernel': 'rbf'}",0.6187499999999999,0.8500000000000001,0.50625,0.6938775510204082,0.5571428571428572,0.645204081632653,0.12006107553925138,976
0.0021030426025390623,0.0008028232303879964,0.002904796600341797,0.0009239501809291092,2.1544346900318834,2000,"{1: 3.5, 0: 1}",0.05994842503189409,sigmoid,"{'C': np.float64(2.1544346900318834), 'cache_size': 2000, 'class_weight': {1: 3.5, 0: 1}, 'gamma': np.float64(0.05994842503189409), 'kernel': 'sigmoid'}",0.6187499999999999,0.8500000000000001,0.50625,0.6938775510204082,0.5571428571428572,0.645204081632653,0.12006107553925138,976
0.0029022216796875,0.001563252683871649,0.0062125205993652345,0.006015369651511716,16.68100537200059,2000,"{1: 3.5, 0: 1}",0.007742636826811269,sigmoid,"{'C': np.float64(16.68100537200059), 'cache_size': 2000, 'class_weight': {1: 3.5, 0: 1}, 'gamma': np.float64(0.007742636826811269), 'kernel': 'sigmoid'}",0.6187499999999999,0.8500000000000001,0.50625,0.6938775510204082,0.5571428571428572,0.645204081632653,0.12006107553925138,976
0.0017011165618896484,0.0003997117449724582,0.002906131744384766,0.0011193915488827712,0.1,2000,"{1: 3.5, 0: 1}",0.46415888336127775,linear,"{'C': np.float64(0.1), 'cache_size': 2000, 'class_weight': {1: 3.5, 0: 1}, 'gamma': np.float64(0.46415888336127775), 'kernel': 'linear'}",0.6187499999999999,0.85,0.50625,0.6938775510204082,0.5571428571428572,0.645204081632653,0.12006107553925134,976
0.001399993896484375,0.0004897846977350241,0.0017020702362060547,0.0003996561650378308,0.1,2000,"{1: 3.5, 0: 1}",1.2915496650148828,linear,"{'C': np.float64(0.1), 'cache_size': 2000, 'class_weight': {1: 3.5, 0: 1}, 'gamma': np.float64(1.2915496650148828), 'kernel': 'linear'}",0.6187499999999999,0.85,0.50625,0.6938775510204082,0.5571428571428572,0.645204081632653,0.12006107553925134,976
0.0022015094757080076,0.0004009253348082983,0.0024063587188720703,0.0003757175140567453,0.1,2000,"{1: 3.5, 0: 1}",10.0,linear,"{'C': np.float64(0.1), 'cache_size': 2000, 'class_weight': {1: 3.5, 0: 1}, 'gamma': np.float64(10.0), 'kernel': 'linear'}",0.6187499999999999,0.85,0.50625,0.6938775510204082,0.5571428571428572,0.645204081632653,0.12006107553925134,976
0.001953315734863281,0.0006261301207512822,0.002096891403198242,0.0006580566838141517,0.1,2000,"{1: 3.5, 0: 1}",3.593813663804626,linear,"{'C': np.float64(0.1), 'cache_size': 2000, 'class_weight': {1: 3.5, 0: 1}, 'gamma': np.float64(3.593813663804626), 'kernel': 'linear'}",0.6187499999999999,0.85,0.50625,0.6938775510204082,0.5571428571428572,0.645204081632653,0.12006107553925134,976
0.0017024993896484375,0.0007475807496623721,0.0021056652069091795,0.00020828716478892053,0.1,2000,"{1: 3.5, 0: 1}",0.1668100537200059,linear,"{'C': np.float64(0.1), 'cache_size': 2000, 'class_weight': {1: 3.5, 0: 1}, 'gamma': np.float64(0.1668100537200059), 'kernel': 'linear'}",0.6187499999999999,0.85,0.50625,0.6938775510204082,0.5571428571428572,0.645204081632653,0.12006107553925134,976
0.0017955780029296875,0.0005146632563571508,0.0021710872650146486,0.00021073361675713427,0.1,2000,"{1: 3.5, 0: 1}",0.05994842503189409,linear,"{'C': np.float64(0.1), 'cache_size': 2000, 'class_weight': {1: 3.5, 0: 1}, 'gamma': np.float64(0.05994842503189409), 'kernel': 'linear'}",0.6187499999999999,0.85,0.50625,0.6938775510204082,0.5571428571428572,0.645204081632653,0.12006107553925134,976
0.0015266895294189452,0.000461371396099533,0.001853609085083008,0.0007870766721093289,0.1,2000,"{1: 3.5, 0: 1}",0.001,linear,"{'C': np.float64(0.1), 'cache_size': 2000, 'class_weight': {1: 3.5, 0: 1}, 'gamma': np.float64(0.001), 'kernel': 'linear'}",0.6187499999999999,0.85,0.50625,0.6938775510204082,0.5571428571428572,0.645204081632653,0.12006107553925134,976
0.0017020702362060547,0.0003996561650378308,0.002104949951171875,0.00020876001581844847,0.1,2000,"{1: 3.5, 0: 1}",0.021544346900318832,linear,"{'C': np.float64(0.1), 'cache_size': 2000, 'class_weight': {1: 3.5, 0: 1}, 'gamma': np.float64(0.021544346900318832), 'kernel': 'linear'}",0.6187499999999999,0.85,0.50625,0.6938775510204082,0.5571428571428572,0.645204081632653,0.12006107553925134,976
0.0021033287048339844,0.0010229425974029288,0.003005504608154297,0.0008431902448423592,5.994842503189409,2000,"{1: 3.5, 0: 1}",0.021544346900318832,sigmoid,"{'C': np.float64(5.994842503189409), 'cache_size': 2000, 'class_weight': {1: 3.5, 0: 1}, 'gamma': np.float64(0.021544346900318832), 'kernel': 'sigmoid'}",0.6187499999999999,0.8500000000000001,0.50625,0.6938775510204082,0.5571428571428572,0.645204081632653,0.12006107553925138,976
0.001415252685546875,0.0004856984740617668,0.001741313934326172,0.00043498000867363816,0.1,2000,"{1: 3.5, 0: 1}",0.0027825594022071257,linear,"{'C': np.float64(0.1), 'cache_size': 2000, 'class_weight': {1: 3.5, 0: 1}, 'gamma': np.float64(0.0027825594022071257), 'kernel': 'linear'}",0.6187499999999999,0.85,0.50625,0.6938775510204082,0.5571428571428572,0.645204081632653,0.12006107553925134,976
0.0016822338104248047,0.0011685657991938833,0.0015030384063720703,0.0006355824424784666,0.1,2000,"{1: 3.5, 0: 1}",0.007742636826811269,linear,"{'C': np.float64(0.1), 'cache_size': 2000, 'class_weight': {1: 3.5, 0: 1}, 'gamma': np.float64(0.007742636826811269), 'kernel': 'linear'}",0.6187499999999999,0.85,0.50625,0.6938775510204082,0.5571428571428572,0.645204081632653,0.12006107553925134,976
0.0016353607177734375,0.0005215940181121441,0.0016214370727539063,0.0006012016973276429,0.1,2000,"{1: 3, 0: 1}",10.0,sigmoid,"{'C': np.float64(0.1), 'cache_size': 2000, 'class_weight': {1: 3, 0: 1}, 'gamma': np.float64(10.0), 'kernel': 'sigmoid'}",0.70625,0.775,0.50625,0.6598639455782311,0.5785714285714285,0.6451870748299319,0.09437864376566713,991
0.0016774177551269532,0.0005577360141963112,0.001874256134033203,0.00044467056424134287,0.2782559402207124,2000,"{1: 3, 0: 1}",0.001,sigmoid,"{'C': np.float64(0.2782559402207124), 'cache_size': 2000, 'class_weight': {1: 3, 0: 1}, 'gamma': np.float64(0.001), 'kernel': 'sigmoid'}",0.65625,0.80625,0.51875,0.6938775510204082,0.55,0.6450255102040817,0.10342262735001469,992
0.001909351348876953,0.0004957169970815415,0.002085256576538086,0.0006044938096119916,0.2782559402207124,2000,"{1: 3, 0: 1}",0.001,rbf,"{'C': np.float64(0.2782559402207124), 'cache_size': 2000, 'class_weight': {1: 3, 0: 1}, 'gamma': np.float64(0.001), 'kernel': 'rbf'}",0.65625,0.80625,0.51875,0.6938775510204082,0.55,0.6450255102040817,0.10342262735001469,992
0.0016066551208496094,0.0005913409153555971,0.0024869441986083984,0.0004654823426698232,0.2782559402207124,2000,"{1: 3, 0: 1}",0.0027825594022071257,sigmoid,"{'C': np.float64(0.2782559402207124), 'cache_size': 2000, 'class_weight': {1: 3, 0: 1}, 'gamma': np.float64(0.0027825594022071257), 'kernel': 'sigmoid'}",0.65625,0.80625,0.51875,0.6938775510204082,0.55,0.6450255102040817,0.10342262735001469,992
0.0018053531646728515,0.0007488324941810572,0.0023016929626464844,0.0004000101629692334,0.1,2000,"{1: 3, 0: 1}",0.007742636826811269,sigmoid,"{'C': np.float64(0.1), 'cache_size': 2000, 'class_weight': {1: 3, 0: 1}, 'gamma': np.float64(0.007742636826811269), 'kernel': 'sigmoid'}",0.65625,0.80625,0.51875,0.6938775510204082,0.55,0.6450255102040817,0.10342262735001469,992
0.001801443099975586,0.0004007601831518888,0.0021047592163085938,0.00020849706787187794,0.1,2000,"{1: 3, 0: 1}",0.001,rbf,"{'C': np.float64(0.1), 'cache_size': 2000, 'class_weight': {1: 3, 0: 1}, 'gamma': np.float64(0.001), 'kernel': 'rbf'}",0.65625,0.80625,0.51875,0.6938775510204082,0.55,0.6450255102040817,0.10342262735001469,992
0.002104949951171875,0.000207808642477211,0.002102184295654297,0.0002019173913998394,0.1,2000,"{1: 3, 0: 1}",0.007742636826811269,rbf,"{'C': np.float64(0.1), 'cache_size': 2000, 'class_weight': {1: 3, 0: 1}, 'gamma': np.float64(0.007742636826811269), 'kernel': 'rbf'}",0.65625,0.80625,0.51875,0.6938775510204082,0.55,0.6450255102040817,0.10342262735001469,992
0.0016036033630371094,0.0004928359900683199,0.002306842803955078,0.0005110022374619754,0.774263682681127,2000,"{1: 3, 0: 1}",0.001,rbf,"{'C': np.float64(0.774263682681127), 'cache_size': 2000, 'class_weight': {1: 3, 0: 1}, 'gamma': np.float64(0.001), 'kernel': 'rbf'}",0.65625,0.80625,0.51875,0.6938775510204082,0.55,0.6450255102040817,0.10342262735001469,992
0.0017068862915039062,0.0006076553778329822,0.001901531219482422,0.00019879509830651138,0.774263682681127,2000,"{1: 3, 0: 1}",0.001,sigmoid,"{'C': np.float64(0.774263682681127), 'cache_size': 2000, 'class_weight': {1: 3, 0: 1}, 'gamma': np.float64(0.001), 'kernel': 'sigmoid'}",0.65625,0.80625,0.51875,0.6938775510204082,0.55,0.6450255102040817,0.10342262735001469,992
0.0015013694763183593,0.0004467570624428616,0.0022045135498046874,0.0003995922015699996,0.1,2000,"{1: 3, 0: 1}",0.001,sigmoid,"{'C': np.float64(0.1), 'cache_size': 2000, 'class_weight': {1: 3, 0: 1}, 'gamma': np.float64(0.001), 'kernel': 'sigmoid'}",0.65625,0.80625,0.51875,0.6938775510204082,0.55,0.6450255102040817,0.10342262735001469,992
0.0017052650451660155,0.0006060948725782463,0.002101612091064453,0.0002014890857931184,0.1,2000,"{1: 3, 0: 1}",0.0027825594022071257,sigmoid,"{'C': np.float64(0.1), 'cache_size': 2000, 'class_weight': {1: 3, 0: 1}, 'gamma': np.float64(0.0027825594022071257), 'kernel': 'sigmoid'}",0.65625,0.80625,0.51875,0.6938775510204082,0.55,0.6450255102040817,0.10342262735001469,992
0.0023892402648925783,0.0005840717290907468,0.0022795677185058595,0.0004186700416272389,2.1544346900318834,2000,"{1: 3, 0: 1}",0.0027825594022071257,rbf,"{'C': np.float64(2.1544346900318834), 'cache_size': 2000, 'class_weight': {1: 3, 0: 1}, 'gamma': np.float64(0.0027825594022071257), 'kernel': 'rbf'}",0.65,0.81875,0.5125,0.693877551020408,0.55,0.6450255102040815,0.10879735680603644,1002
0.0025056838989257813,0.0011004834329902944,0.002301788330078125,0.00040005755500026444,129.15496650148827,2000,"{1: 2, 0: 1}",0.46415888336127775,poly,"{'C': np.float64(129.15496650148827), 'cache_size': 2000, 'class_weight': {1: 2, 0: 1}, 'gamma': np.float64(0.46415888336127775), 'kernel': 'poly'}",0.60625,0.8250000000000001,0.68125,0.761904761904762,0.35,0.6448809523809523,0.16486799416159045,1003
0.0021085262298583983,0.00020649121380901373,0.0021018505096435545,0.00020101372277996632,2.1544346900318834,2000,balanced,3.593813663804626,sigmoid,"{'C': np.float64(2.1544346900318834), 'cache_size': 2000, 'class_weight': 'balanced', 'gamma': np.float64(3.593813663804626), 'kernel': 'sigmoid'}",0.64375,0.8125,0.53125,0.727891156462585,0.5071428571428571,0.6445068027210884,0.11564704444010648,1004
0.0013014793395996094,0.0005988132993501181,0.0022056102752685547,0.0008185609212030066,129.15496650148827,2000,"{1: 3, 0: 1}",0.46415888336127775,poly,"{'C': np.float64(129.15496650148827), 'cache_size': 2000, 'class_weight': {1: 3, 0: 1}, 'gamma': np.float64(0.46415888336127775), 'kernel': 'poly'}",0.5625,0.80625,0.6,0.7891156462585034,0.46428571428571425,0.6444302721088435,0.13285944611383926,1005
0.00220489501953125,0.0011723269671194167,0.002402639389038086,0.000585499172059594,5.994842503189409,2000,"{1: 3.5, 0: 1}",1.2915496650148828,sigmoid,"{'C': np.float64(5.994842503189409), 'cache_size': 2000, 'class_weight': {1: 3.5, 0: 1}, 'gamma': np.float64(1.2915496650148828), 'kernel': 'sigmoid'}",0.60625,0.8437500000000001,0.5125,0.6938775510204082,0.5642857142857143,0.6441326530612246,0.11615457327075761,1006
0.0020053863525390627,0.0007092863114375921,0.002506065368652344,0.001008726139796649,2.1544346900318834,2000,"{1: 3.5, 0: 1}",10.0,sigmoid,"{'C': np.float64(2.1544346900318834), 'cache_size': 2000, 'class_weight': {1: 3.5, 0: 1}, 'gamma': np.float64(10.0), 'kernel': 'sigmoid'}",0.65625,0.725,0.6875,0.707482993197279,0.44285714285714284,0.6438180272108844,0.10304531656935965,1007
0.001384735107421875,0.0003766234232773125,0.0021405696868896486,0.0007501830252248227,0.2782559402207124,2000,"{1: 3, 0: 1}",0.007742636826811269,rbf,"{'C': np.float64(0.2782559402207124), 'cache_size': 2000, 'class_weight': {1: 3, 0: 1}, 'gamma': np.float64(0.007742636826811269), 'kernel': 'rbf'}",0.65,0.80625,0.51875,0.693877551020408,0.55,0.6437755102040816,0.10331712647712482,1008
0.005203866958618164,0.0062385992852469095,0.003012275695800781,0.0010537254895020454,0.774263682681127,2000,"{1: 3, 0: 1}",0.0027825594022071257,sigmoid,"{'C': np.float64(0.774263682681127), 'cache_size': 2000, 'class_weight': {1: 3, 0: 1}, 'gamma': np.float64(0.0027825594022071257), 'kernel': 'sigmoid'}",0.65,0.80625,0.51875,0.693877551020408,0.55,0.6437755102040816,0.10331712647712482,1008
0.001804208755493164,0.00039236549546769534,0.004804420471191406,0.003445442148910682,0.2782559402207124,2000,"{1: 3.5, 0: 1}",0.46415888336127775,sigmoid,"{'C': np.float64(0.2782559402207124), 'cache_size': 2000, 'class_weight': {1: 3.5, 0: 1}, 'gamma': np.float64(0.46415888336127775), 'kernel': 'sigmoid'}",0.6187499999999999,0.8500000000000001,0.50625,0.6938775510204082,0.5499999999999999,0.6437755102040816,0.12113805604965859,1008
0.0016008377075195312,0.0004901548895396348,0.003549671173095703,0.0013786592019619632,0.1,2000,"{1: 3, 0: 1}",0.021544346900318832,sigmoid,"{'C': np.float64(0.1), 'cache_size': 2000, 'class_weight': {1: 3, 0: 1}, 'gamma': np.float64(0.021544346900318832), 'kernel': 'sigmoid'}",0.65,0.80625,0.51875,0.693877551020408,0.55,0.6437755102040816,0.10331712647712482,1008
0.001801443099975586,0.0004004047188426265,0.0033072471618652345,0.0016984922547200667,0.1,2000,"{1: 3, 0: 1}",0.021544346900318832,rbf,"{'C': np.float64(0.1), 'cache_size': 2000, 'class_weight': {1: 3, 0: 1}, 'gamma': np.float64(0.021544346900318832), 'kernel': 'rbf'}",0.65,0.80625,0.51875,0.693877551020408,0.55,0.6437755102040816,0.10331712647712482,1008
0.002306699752807617,0.0003970235348922717,0.0025020122528076174,0.00044814447395309946,2.1544346900318834,2000,"{1: 3, 0: 1}",0.001,rbf,"{'C': np.float64(2.1544346900318834), 'cache_size': 2000, 'class_weight': {1: 3, 0: 1}, 'gamma': np.float64(0.001), 'kernel': 'rbf'}",0.65,0.80625,0.51875,0.693877551020408,0.55,0.6437755102040816,0.10331712647712482,1008
0.002317190170288086,0.0009814048735480288,0.0022018909454345702,0.0003995442876936355,2.1544346900318834,2000,"{1: 3, 0: 1}",0.001,sigmoid,"{'C': np.float64(2.1544346900318834), 'cache_size': 2000, 'class_weight': {1: 3, 0: 1}, 'gamma': np.float64(0.001), 'kernel': 'sigmoid'}",0.65,0.80625,0.51875,0.693877551020408,0.55,0.6437755102040816,0.10331712647712482,1008
0.001703166961669922,0.0003995851172792108,0.0023057937622070314,0.0009677580570901253,0.2782559402207124,2000,"{1: 3, 0: 1}",0.007742636826811269,sigmoid,"{'C': np.float64(0.2782559402207124), 'cache_size': 2000, 'class_weight': {1: 3, 0: 1}, 'gamma': np.float64(0.007742636826811269), 'kernel': 'sigmoid'}",0.65,0.80625,0.51875,0.693877551020408,0.55,0.6437755102040816,0.10331712647712482,1008
0.0015044689178466796,0.0006382331038049423,0.002101707458496094,0.000489095185495403,2.1544346900318834,2000,"{1: 3.5, 0: 1}",0.0027825594022071257,rbf,"{'C': np.float64(2.1544346900318834), 'cache_size': 2000, 'class_weight': {1: 3.5, 0: 1}, 'gamma': np.float64(0.0027825594022071257), 'kernel': 'rbf'}",0.61875,0.85625,0.5,0.7210884353741496,0.5214285714285715,0.6435034013605442,0.13220345980301096,1016
0.0014041900634765626,0.00048766834844864284,0.0019031524658203124,0.0004928790236351227,0.1,2000,"{1: 3.5, 0: 1}",0.05994842503189409,rbf,"{'C': np.float64(0.1), 'cache_size': 2000, 'class_weight': {1: 3.5, 0: 1}, 'gamma': np.float64(0.05994842503189409), 'kernel': 'rbf'}",0.61875,0.85625,0.5,0.7210884353741496,0.5214285714285715,0.6435034013605442,0.13220345980301096,1016
0.0017022132873535157,0.000749628849106248,0.0025045394897460936,0.0004438498370517136,1000.0,2000,"{1: 2, 0: 1}",0.007742636826811269,sigmoid,"{'C': np.float64(1000.0), 'cache_size': 2000, 'class_weight': {1: 2, 0: 1}, 'gamma': np.float64(0.007742636826811269), 'kernel': 'sigmoid'}",0.6312500000000001,0.76875,0.65625,0.7823129251700681,0.3785714285714285,0.6434268707482994,0.14522832844456854,1018
0.0019048213958740234,0.0002000817238868619,0.001901865005493164,0.0001989633541090557,16.68100537200059,2000,"{1: 2, 0: 1}",0.46415888336127775,sigmoid,"{'C': np.float64(16.68100537200059), 'cache_size': 2000, 'class_weight': {1: 2, 0: 1}, 'gamma': np.float64(0.46415888336127775), 'kernel': 'sigmoid'}",0.6312500000000001,0.76875,0.65625,0.7823129251700681,0.3785714285714285,0.6434268707482994,0.14522832844456854,1018
0.003707408905029297,0.0025612031938949354,0.00531315803527832,0.0023232149462105727,46.41588833612777,2000,"{1: 2, 0: 1}",0.1668100537200059,sigmoid,"{'C': np.float64(46.41588833612777), 'cache_size': 2000, 'class_weight': {1: 2, 0: 1}, 'gamma': np.float64(0.1668100537200059), 'kernel': 'sigmoid'}",0.6312500000000001,0.76875,0.65625,0.7823129251700681,0.3785714285714285,0.6434268707482994,0.14522832844456854,1018
0.001402568817138672,0.00037428677793911025,0.002509737014770508,0.0004416995283461419,5.994842503189409,2000,"{1: 2, 0: 1}",1.2915496650148828,sigmoid,"{'C': np.float64(5.994842503189409), 'cache_size': 2000, 'class_weight': {1: 2, 0: 1}, 'gamma': np.float64(1.2915496650148828), 'kernel': 'sigmoid'}",0.6312500000000001,0.76875,0.65625,0.7823129251700681,0.3785714285714285,0.6434268707482994,0.14522832844456854,1018
0.0019059181213378906,0.0008038424160813349,0.0024021625518798827,0.00037457562289204495,359.38136638046257,2000,"{1: 2, 0: 1}",0.021544346900318832,sigmoid,"{'C': np.float64(359.38136638046257), 'cache_size': 2000, 'class_weight': {1: 2, 0: 1}, 'gamma': np.float64(0.021544346900318832), 'kernel': 'sigmoid'}",0.6312500000000001,0.76875,0.65625,0.7823129251700681,0.3785714285714285,0.6434268707482994,0.14522832844456854,1018
0.001801300048828125,0.0007482147468416356,0.0024164676666259765,0.00037895463086641166,129.15496650148827,2000,"{1: 2, 0: 1}",0.05994842503189409,sigmoid,"{'C': np.float64(129.15496650148827), 'cache_size': 2000, 'class_weight': {1: 2, 0: 1}, 'gamma': np.float64(0.05994842503189409), 'kernel': 'sigmoid'}",0.6312500000000001,0.76875,0.65625,0.7823129251700681,0.3785714285714285,0.6434268707482994,0.14522832844456854,1018
0.0019030094146728516,0.0008612301028827371,0.002505636215209961,0.0007750055411893445,2.1544346900318834,2000,"{1: 2, 0: 1}",3.593813663804626,sigmoid,"{'C': np.float64(2.1544346900318834), 'cache_size': 2000, 'class_weight': {1: 2, 0: 1}, 'gamma': np.float64(3.593813663804626), 'kernel': 'sigmoid'}",0.6312500000000001,0.76875,0.65625,0.7823129251700681,0.3785714285714285,0.6434268707482994,0.14522832844456854,1018
0.002008962631225586,1.6677988851079243e-05,0.002103233337402344,0.0003749600920914387,16.68100537200059,2000,"{1: 3, 0: 1}",3.593813663804626,poly,"{'C': np.float64(16.68100537200059), 'cache_size': 2000, 'class_weight': {1: 3, 0: 1}, 'gamma': np.float64(3.593813663804626), 'kernel': 'poly'}",0.5625,0.80625,0.6,0.7755102040816326,0.4714285714285714,0.6431377551020409,0.12804329494780745,1025
0.0019121646881103515,0.0005038421800881297,0.0027017116546630858,0.0008729749117723483,359.38136638046257,2000,"{1: 3, 0: 1}",1.2915496650148828,poly,"{'C': np.float64(359.38136638046257), 'cache_size': 2000, 'class_weight': {1: 3, 0: 1}, 'gamma': np.float64(1.2915496650148828), 'kernel': 'poly'}",0.5625,0.80625,0.6,0.7755102040816326,0.4714285714285714,0.6431377551020409,0.12804329494780745,1025
0.0017057895660400391,0.0004031151441359922,0.002101612091064453,0.00020125315459584454,0.774263682681127,2000,"{1: 3, 0: 1}",10.0,poly,"{'C': np.float64(0.774263682681127), 'cache_size': 2000, 'class_weight': {1: 3, 0: 1}, 'gamma': np.float64(10.0), 'kernel': 'poly'}",0.5625,0.80625,0.6,0.7755102040816326,0.4714285714285714,0.6431377551020409,0.12804329494780745,1025
0.0017048835754394532,0.00040259351383575343,0.004608726501464844,0.004728976377736222,359.38136638046257,2000,"{1: 3, 0: 1}",0.46415888336127775,poly,"{'C': np.float64(359.38136638046257), 'cache_size': 2000, 'class_weight': {1: 3, 0: 1}, 'gamma': np.float64(0.46415888336127775), 'kernel': 'poly'}",0.5625,0.80625,0.6,0.782312925170068,0.46428571428571425,0.6430697278911565,0.13139762191753268,1028
0.0020048141479492186,6.181251687278291e-06,0.0026026248931884767,0.0005835538791816472,129.15496650148827,2000,"{1: 3, 0: 1}",0.46415888336127775,rbf,"{'C': np.float64(129.15496650148827), 'cache_size': 2000, 'class_weight': {1: 3, 0: 1}, 'gamma': np.float64(0.46415888336127775), 'kernel': 'rbf'}",0.54375,0.8375000000000001,0.64375,0.7687074829931972,0.4214285714285714,0.6430272108843538,0.15005175143096972,1029
0.001904773712158203,0.0004948421898278134,0.0022064685821533204,0.0005106651831285213,0.2782559402207124,2000,"{1: 3.5, 0: 1}",10.0,sigmoid,"{'C': np.float64(0.2782559402207124), 'cache_size': 2000, 'class_weight': {1: 3.5, 0: 1}, 'gamma': np.float64(10.0), 'kernel': 'sigmoid'}",0.7125,0.725,0.5,0.7346938775510203,0.5428571428571429,0.6430102040816326,0.10043864644295022,1030
0.00108489990234375,0.00012284833729558412,0.001958608627319336,0.0005172010450195156,0.1,2000,"{1: 3.5, 0: 1}",10.0,sigmoid,"{'C': np.float64(0.1), 'cache_size': 2000, 'class_weight': {1: 3.5, 0: 1}, 'gamma': np.float64(10.0), 'kernel': 'sigmoid'}",0.7125,0.725,0.5,0.7346938775510203,0.5428571428571429,0.6430102040816326,0.10043864644295022,1030
0.0019034862518310547,0.000971782797035138,0.0030013561248779298,0.001096933030099009,0.774263682681127,2000,"{1: 2, 0: 1}",3.593813663804626,rbf,"{'C': np.float64(0.774263682681127), 'cache_size': 2000, 'class_weight': {1: 2, 0: 1}, 'gamma': np.float64(3.593813663804626), 'kernel': 'rbf'}",0.5875,0.76875,0.675,0.7755102040816326,0.40714285714285714,0.6427806122448979,0.13645850495117934,1032
0.002001237869262695,0.0006330132330656701,0.0029068470001220705,0.0005823882680072262,0.2782559402207124,2000,"{1: 3.5, 0: 1}",1.2915496650148828,sigmoid,"{'C': np.float64(0.2782559402207124), 'cache_size': 2000, 'class_weight': {1: 3.5, 0: 1}, 'gamma': np.float64(1.2915496650148828), 'kernel': 'sigmoid'}",0.6187499999999999,0.8437500000000001,0.50625,0.673469387755102,0.5714285714285714,0.6427295918367347,0.11457720093897575,1033
0.001701688766479492,0.00040002217349816607,0.002606201171875,0.0005889304416139584,46.41588833612777,2000,"{1: 3.5, 0: 1}",0.001,rbf,"{'C': np.float64(46.41588833612777), 'cache_size': 2000, 'class_weight': {1: 3.5, 0: 1}, 'gamma': np.float64(0.001), 'kernel': 'rbf'}",0.6187499999999999,0.8375,0.50625,0.6938775510204082,0.5571428571428572,0.642704081632653,0.11582608630099303,1034
0.004215526580810547,0.0034370189282529858,0.0026021957397460937,0.0003735105546453478,16.68100537200059,2000,balanced,1.2915496650148828,rbf,"{'C': np.float64(16.68100537200059), 'cache_size': 2000, 'class_weight': 'balanced', 'gamma': np.float64(1.2915496650148828), 'kernel': 'rbf'}",0.54375,0.84375,0.65,0.7687074829931972,0.4071428571428571,0.6426700680272108,0.15596829411241656,1035
0.003511857986450195,0.0010546937685584005,0.00861978530883789,0.008066016539726804,5.994842503189409,2000,"{1: 3, 0: 1}",0.001,sigmoid,"{'C': np.float64(5.994842503189409), 'cache_size': 2000, 'class_weight': {1: 3, 0: 1}, 'gamma': np.float64(0.001), 'kernel': 'sigmoid'}",0.65,0.80625,0.5125,0.693877551020408,0.55,0.6425255102040817,0.1048486642690331,1036
0.0018007755279541016,0.00039935119116483596,0.0028067111968994142,0.0008158426877140233,0.1,2000,"{1: 3, 0: 1}",0.05994842503189409,sigmoid,"{'C': np.float64(0.1), 'cache_size': 2000, 'class_weight': {1: 3, 0: 1}, 'gamma': np.float64(0.05994842503189409), 'kernel': 'sigmoid'}",0.65,0.80625,0.5125,0.693877551020408,0.55,0.6425255102040817,0.1048486642690331,1036
0.0015014171600341796,0.0004476095472602709,0.00230560302734375,0.00040186964952570726,2.1544346900318834,2000,"{1: 3, 0: 1}",0.0027825594022071257,sigmoid,"{'C': np.float64(2.1544346900318834), 'cache_size': 2000, 'class_weight': {1: 3, 0: 1}, 'gamma': np.float64(0.0027825594022071257), 'kernel': 'sigmoid'}",0.65,0.80625,0.5125,0.693877551020408,0.55,0.6425255102040817,0.1048486642690331,1036
0.002505636215209961,0.001271156755274689,0.0031057357788085937,0.0019597114684207985,5.994842503189409,2000,"{1: 3, 0: 1}",0.001,rbf,"{'C': np.float64(5.994842503189409), 'cache_size': 2000, 'class_weight': {1: 3, 0: 1}, 'gamma': np.float64(0.001), 'kernel': 'rbf'}",0.65,0.80625,0.5125,0.693877551020408,0.55,0.6425255102040817,0.1048486642690331,1036
0.001330089569091797,0.000391581084043778,0.0019637107849121093,0.0006846049007765697,0.2782559402207124,2000,"{1: 3, 0: 1}",0.021544346900318832,rbf,"{'C': np.float64(0.2782559402207124), 'cache_size': 2000, 'class_weight': {1: 3, 0: 1}, 'gamma': np.float64(0.021544346900318832), 'kernel': 'rbf'}",0.65,0.80625,0.5125,0.693877551020408,0.55,0.6425255102040817,0.1048486642690331,1036
0.0021366119384765626,0.00020183005683031507,0.0017281055450439453,0.0004221992349810322,0.774263682681127,2000,"{1: 3, 0: 1}",0.007742636826811269,sigmoid,"{'C': np.float64(0.774263682681127), 'cache_size': 2000, 'class_weight': {1: 3, 0: 1}, 'gamma': np.float64(0.007742636826811269), 'kernel': 'sigmoid'}",0.65,0.80625,0.5125,0.693877551020408,0.55,0.6425255102040817,0.1048486642690331,1036
0.002006673812866211,0.0005527419661680503,0.0022016048431396486,0.0007486347848441378,0.1,2000,"{1: 3, 0: 1}",0.05994842503189409,rbf,"{'C': np.float64(0.1), 'cache_size': 2000, 'class_weight': {1: 3, 0: 1}, 'gamma': np.float64(0.05994842503189409), 'kernel': 'rbf'}",0.65,0.8125,0.50625,0.693877551020408,0.55,0.6425255102040817,0.10836624197138338,1036
0.0016028881072998047,0.0004925239904411301,0.0023472785949707033,0.00028944217392093223,0.774263682681127,2000,"{1: 3, 0: 1}",0.007742636826811269,rbf,"{'C': np.float64(0.774263682681127), 'cache_size': 2000, 'class_weight': {1: 3, 0: 1}, 'gamma': np.float64(0.007742636826811269), 'kernel': 'rbf'}",0.65,0.80625,0.5125,0.693877551020408,0.55,0.6425255102040817,0.1048486642690331,1036
0.0010638236999511719,0.00011734157373432597,0.0019196510314941407,0.0004938736813669362,0.2782559402207124,2000,"{1: 3, 0: 1}",0.021544346900318832,sigmoid,"{'C': np.float64(0.2782559402207124), 'cache_size': 2000, 'class_weight': {1: 3, 0: 1}, 'gamma': np.float64(0.021544346900318832), 'kernel': 'sigmoid'}",0.65,0.80625,0.5125,0.693877551020408,0.55,0.6425255102040817,0.1048486642690331,1036
0.0022065162658691405,0.0005107209209348525,0.002200937271118164,0.0004002578774881821,0.2782559402207124,2000,"{1: 3.5, 0: 1}",0.021544346900318832,rbf,"{'C': np.float64(0.2782559402207124), 'cache_size': 2000, 'class_weight': {1: 3.5, 0: 1}, 'gamma': np.float64(0.021544346900318832), 'kernel': 'rbf'}",0.61875,0.85625,0.5,0.7142857142857143,0.5214285714285715,0.6421428571428571,0.13143075502844428,1045
0.0029079437255859373,0.0009709088202126907,0.002404928207397461,0.0007990948722606931,1000.0,2000,balanced,0.007742636826811269,rbf,"{'C': np.float64(1000.0), 'cache_size': 2000, 'class_weight': 'balanced', 'gamma': np.float64(0.007742636826811269), 'kernel': 'rbf'}",0.6062500000000001,0.8187500000000001,0.5874999999999999,0.7551020408163265,0.44285714285714284,0.6420918367346939,0.1326188387959337,1046
0.0019045829772949218,0.00020028651272839936,0.003207111358642578,0.0015097933174914601,16.68100537200059,2000,balanced,0.46415888336127775,rbf,"{'C': np.float64(16.68100537200059), 'cache_size': 2000, 'class_weight': 'balanced', 'gamma': np.float64(0.46415888336127775), 'kernel': 'rbf'}",0.6062500000000001,0.8187500000000001,0.5874999999999999,0.7551020408163265,0.44285714285714284,0.6420918367346939,0.1326188387959337,1046
0.0028098106384277345,0.0005140390245010194,0.002106475830078125,0.00021157374864265265,129.15496650148827,2000,balanced,0.05994842503189409,rbf,"{'C': np.float64(129.15496650148827), 'cache_size': 2000, 'class_weight': 'balanced', 'gamma': np.float64(0.05994842503189409), 'kernel': 'rbf'}",0.6062500000000001,0.8187500000000001,0.5874999999999999,0.7551020408163265,0.44285714285714284,0.6420918367346939,0.1326188387959337,1046
0.0020061016082763674,0.00031652547537898467,0.0020053863525390627,6.935317390232499e-06,359.38136638046257,2000,balanced,0.021544346900318832,rbf,"{'C': np.float64(359.38136638046257), 'cache_size': 2000, 'class_weight': 'balanced', 'gamma': np.float64(0.021544346900318832), 'kernel': 'rbf'}",0.6062500000000001,0.8187500000000001,0.5874999999999999,0.7551020408163265,0.44285714285714284,0.6420918367346939,0.1326188387959337,1046
0.0038170814514160156,0.0010305119002515276,0.004712343215942383,0.002473469064676194,46.41588833612777,2000,balanced,0.1668100537200059,rbf,"{'C': np.float64(46.41588833612777), 'cache_size': 2000, 'class_weight': 'balanced', 'gamma': np.float64(0.1668100537200059), 'kernel': 'rbf'}",0.6062500000000001,0.8187500000000001,0.5874999999999999,0.7551020408163265,0.44285714285714284,0.6420918367346939,0.1326188387959337,1046
0.002004194259643555,6.64396909614645e-06,0.002602815628051758,0.0005851967972418505,16.68100537200059,2000,"{1: 3.5, 0: 1}",0.001,rbf,"{'C': np.float64(16.68100537200059), 'cache_size': 2000, 'class_weight': {1: 3.5, 0: 1}, 'gamma': np.float64(0.001), 'kernel': 'rbf'}",0.6187499999999999,0.8187500000000001,0.50625,0.6938775510204082,0.5714285714285714,0.6418112244897959,0.10759239392217376,1051
0.002200603485107422,0.0007487106132526757,0.004620981216430664,0.0018505935992955767,129.15496650148827,2000,"{1: 3.5, 0: 1}",0.46415888336127775,rbf,"{'C': np.float64(129.15496650148827), 'cache_size': 2000, 'class_weight': {1: 3.5, 0: 1}, 'gamma': np.float64(0.46415888336127775), 'kernel': 'rbf'}",0.58125,0.8562499999999998,0.63125,0.7687074829931972,0.3714285714285714,0.6417772108843537,0.16671689988162852,1052
0.0014046192169189452,0.0004944216308271042,0.002101564407348633,0.00020222694799016853,5.994842503189409,2000,"{1: 3, 0: 1}",3.593813663804626,poly,"{'C': np.float64(5.994842503189409), 'cache_size': 2000, 'class_weight': {1: 3, 0: 1}, 'gamma': np.float64(3.593813663804626), 'kernel': 'poly'}",0.5625,0.80625,0.6,0.7755102040816326,0.46428571428571425,0.6417091836734694,0.12997632982214807,1053
0.0016024112701416016,0.00048696194890805576,0.0020044326782226564,0.0007073276363585521,0.774263682681127,2000,"{1: 3, 0: 1}",3.593813663804626,poly,"{'C': np.float64(0.774263682681127), 'cache_size': 2000, 'class_weight': {1: 3, 0: 1}, 'gamma': np.float64(3.593813663804626), 'kernel': 'poly'}",0.5625,0.80625,0.6,0.7755102040816326,0.46428571428571425,0.6417091836734694,0.12997632982214807,1053
0.002003765106201172,0.0006325162063125179,0.002303600311279297,0.0008741409035142781,46.41588833612777,2000,"{1: 3, 0: 1}",1.2915496650148828,poly,"{'C': np.float64(46.41588833612777), 'cache_size': 2000, 'class_weight': {1: 3, 0: 1}, 'gamma': np.float64(1.2915496650148828), 'kernel': 'poly'}",0.5625,0.80625,0.6,0.7755102040816326,0.46428571428571425,0.6417091836734694,0.12997632982214807,1053
0.0026028633117675783,0.0009705784674631457,0.0033077239990234376,0.0021358614873257004,1000.0,2000,"{1: 3, 0: 1}",0.46415888336127775,poly,"{'C': np.float64(1000.0), 'cache_size': 2000, 'class_weight': {1: 3, 0: 1}, 'gamma': np.float64(0.46415888336127775), 'kernel': 'poly'}",0.5625,0.80625,0.6,0.7755102040816326,0.46428571428571425,0.6417091836734694,0.12997632982214807,1053
0.0015049457550048828,0.000638988540573486,0.002102088928222656,0.00020148965002555856,129.15496650148827,2000,"{1: 3, 0: 1}",1.2915496650148828,poly,"{'C': np.float64(129.15496650148827), 'cache_size': 2000, 'class_weight': {1: 3, 0: 1}, 'gamma': np.float64(1.2915496650148828), 'kernel': 'poly'}",0.5625,0.80625,0.6,0.7755102040816326,0.46428571428571425,0.6417091836734694,0.12997632982214807,1053
0.0019044876098632812,0.0004953188987802292,0.0019023418426513672,0.00019848640972396187,0.2782559402207124,2000,"{1: 3, 0: 1}",10.0,poly,"{'C': np.float64(0.2782559402207124), 'cache_size': 2000, 'class_weight': {1: 3, 0: 1}, 'gamma': np.float64(10.0), 'kernel': 'poly'}",0.5625,0.80625,0.6,0.7755102040816326,0.46428571428571425,0.6417091836734694,0.12997632982214807,1053
0.0025074958801269533,0.0013786071328947375,0.002204751968383789,0.00039781188679520604,2.1544346900318834,2000,"{1: 3, 0: 1}",3.593813663804626,poly,"{'C': np.float64(2.1544346900318834), 'cache_size': 2000, 'class_weight': {1: 3, 0: 1}, 'gamma': np.float64(3.593813663804626), 'kernel': 'poly'}",0.5625,0.80625,0.6,0.7755102040816326,0.46428571428571425,0.6417091836734694,0.12997632982214807,1053
0.0015522003173828124,0.0006117031027116272,0.0022925376892089845,0.0008013800610804844,0.1,2000,"{1: 3, 0: 1}",10.0,poly,"{'C': np.float64(0.1), 'cache_size': 2000, 'class_weight': {1: 3, 0: 1}, 'gamma': np.float64(10.0), 'kernel': 'poly'}",0.5625,0.80625,0.6,0.7755102040816326,0.46428571428571425,0.6417091836734694,0.12997632982214807,1053
0.0023049831390380858,0.00039824434611187757,0.0026025295257568358,0.0005843045369077561,46.41588833612777,2000,balanced,1.2915496650148828,rbf,"{'C': np.float64(46.41588833612777), 'cache_size': 2000, 'class_weight': 'balanced', 'gamma': np.float64(1.2915496650148828), 'kernel': 'rbf'}",0.51875,0.8500000000000001,0.65,0.7891156462585034,0.39999999999999997,0.6415731292517007,0.16656810305750522,1061
0.0013010978698730468,0.000400628449816569,0.0025056838989257813,0.00044751043070568393,0.2782559402207124,2000,"{1: 3.5, 0: 1}",0.05994842503189409,rbf,"{'C': np.float64(0.2782559402207124), 'cache_size': 2000, 'class_weight': {1: 3.5, 0: 1}, 'gamma': np.float64(0.05994842503189409), 'kernel': 'rbf'}",0.625,0.8375000000000001,0.50625,0.6666666666666667,0.5714285714285714,0.6413690476190477,0.11182494620657915,1062
0.0018602848052978516,0.0005456964021983844,0.0024341583251953126,0.0004651003888549082,0.1,2000,"{1: 3, 0: 1}",0.0027825594022071257,rbf,"{'C': np.float64(0.1), 'cache_size': 2000, 'class_weight': {1: 3, 0: 1}, 'gamma': np.float64(0.0027825594022071257), 'kernel': 'rbf'}",0.65625,0.7875000000000001,0.51875,0.6938775510204082,0.55,0.6412755102040817,0.09768984683430834,1063
0.0017113208770751954,0.0004065176298594051,0.0022948741912841796,0.0003927026454318758,0.774263682681127,2000,"{1: 3.5, 0: 1}",0.007742636826811269,rbf,"{'C': np.float64(0.774263682681127), 'cache_size': 2000, 'class_weight': {1: 3.5, 0: 1}, 'gamma': np.float64(0.007742636826811269), 'kernel': 'rbf'}",0.61875,0.85625,0.5,0.7074829931972788,0.5214285714285715,0.6407823129251701,0.13071013960421654,1064
0.0016013145446777343,0.0008000617569809865,0.002905750274658203,0.0008041170898327429,0.1,2000,"{1: 3.5, 0: 1}",0.007742636826811269,rbf,"{'C': np.float64(0.1), 'cache_size': 2000, 'class_weight': {1: 3.5, 0: 1}, 'gamma': np.float64(0.007742636826811269), 'kernel': 'rbf'}",0.6937500000000001,0.7875,0.51875,0.6462585034013605,0.5571428571428572,0.6406802721088436,0.09617591812565499,1065
0.0016040802001953125,0.0004930392684808755,0.002402639389038086,0.0003749024195549436,5.994842503189409,2000,"{1: 3, 0: 1}",0.46415888336127775,poly,"{'C': np.float64(5.994842503189409), 'cache_size': 2000, 'class_weight': {1: 3, 0: 1}, 'gamma': np.float64(0.46415888336127775), 'kernel': 'poly'}",0.5625,0.8,0.675,0.7006802721088435,0.46428571428571425,0.6404931972789116,0.11609275550998463,1066
0.004012250900268554,0.004286770835466443,0.0024062156677246093,0.0003758145892411354,129.15496650148827,2000,"{1: 3, 0: 1}",0.1668100537200059,poly,"{'C': np.float64(129.15496650148827), 'cache_size': 2000, 'class_weight': {1: 3, 0: 1}, 'gamma': np.float64(0.1668100537200059), 'kernel': 'poly'}",0.5625,0.8,0.675,0.7006802721088435,0.46428571428571425,0.6404931972789116,0.11609275550998463,1066
0.0015019416809082032,0.000634032182345865,0.0023056507110595704,0.00040190517954307397,0.2782559402207124,2000,"{1: 3, 0: 1}",1.2915496650148828,poly,"{'C': np.float64(0.2782559402207124), 'cache_size': 2000, 'class_weight': {1: 3, 0: 1}, 'gamma': np.float64(1.2915496650148828), 'kernel': 'poly'}",0.5625,0.8,0.675,0.7006802721088435,0.46428571428571425,0.6404931972789116,0.11609275550998463,1066
0.001401519775390625,0.0004914639771170891,0.002504301071166992,0.00044421670566332296,1000.0,2000,"{1: 2, 0: 1}",0.1668100537200059,poly,"{'C': np.float64(1000.0), 'cache_size': 2000, 'class_weight': {1: 2, 0: 1}, 'gamma': np.float64(0.1668100537200059), 'kernel': 'poly'}",0.6625,0.8062500000000001,0.6625,0.7278911564625851,0.3428571428571428,0.6403996598639456,0.15790471607606713,1069
0.001167154312133789,0.00018369810984956127,0.0023760318756103514,0.0001086003720148337,0.1,2000,"{1: 2, 0: 1}",3.593813663804626,poly,"{'C': np.float64(0.1), 'cache_size': 2000, 'class_weight': {1: 2, 0: 1}, 'gamma': np.float64(3.593813663804626), 'kernel': 'poly'}",0.6625,0.8062500000000001,0.6625,0.7278911564625851,0.3428571428571428,0.6403996598639456,0.15790471607606713,1069
0.0021052837371826174,0.0012800348459809374,0.0020014286041259766,0.0006335411553727996,2.1544346900318834,2000,"{1: 2, 0: 1}",1.2915496650148828,poly,"{'C': np.float64(2.1544346900318834), 'cache_size': 2000, 'class_weight': {1: 2, 0: 1}, 'gamma': np.float64(1.2915496650148828), 'kernel': 'poly'}",0.6625,0.8062500000000001,0.6625,0.7278911564625851,0.3428571428571428,0.6403996598639456,0.15790471607606713,1069
0.0019016265869140625,0.0006640837335413093,0.0032092571258544923,0.0009308642336058184,46.41588833612777,2000,"{1: 2, 0: 1}",0.46415888336127775,poly,"{'C': np.float64(46.41588833612777), 'cache_size': 2000, 'class_weight': {1: 2, 0: 1}, 'gamma': np.float64(0.46415888336127775), 'kernel': 'poly'}",0.6625,0.8062500000000001,0.6625,0.7278911564625851,0.3428571428571428,0.6403996598639456,0.15790471607606713,1069
0.0017058372497558594,0.00040307785362683307,0.001902008056640625,0.0001990354283569119,5.994842503189409,2000,"{1: 3, 0: 1}",1.2915496650148828,poly,"{'C': np.float64(5.994842503189409), 'cache_size': 2000, 'class_weight': {1: 3, 0: 1}, 'gamma': np.float64(1.2915496650148828), 'kernel': 'poly'}",0.5625,0.80625,0.6,0.7687074829931972,0.46428571428571425,0.6403486394557824,0.12859691375392737,1073
0.0017022132873535157,0.0007483576093057287,0.002505064010620117,0.000774674349240736,0.2782559402207124,2000,"{1: 3, 0: 1}",3.593813663804626,poly,"{'C': np.float64(0.2782559402207124), 'cache_size': 2000, 'class_weight': {1: 3, 0: 1}, 'gamma': np.float64(3.593813663804626), 'kernel': 'poly'}",0.5625,0.80625,0.6,0.7687074829931972,0.46428571428571425,0.6403486394557824,0.12859691375392737,1073
0.001801919937133789,0.0009287921808355936,0.002405118942260742,0.0007978011556872023,16.68100537200059,2000,"{1: 3, 0: 1}",1.2915496650148828,poly,"{'C': np.float64(16.68100537200059), 'cache_size': 2000, 'class_weight': {1: 3, 0: 1}, 'gamma': np.float64(1.2915496650148828), 'kernel': 'poly'}",0.5625,0.80625,0.6,0.7687074829931972,0.46428571428571425,0.6403486394557824,0.12859691375392737,1073
0.0024026870727539063,0.0015948209623764208,0.0026048660278320313,0.0008065919579946124,0.774263682681127,2000,"{1: 3, 0: 1}",0.0027825594022071257,rbf,"{'C': np.float64(0.774263682681127), 'cache_size': 2000, 'class_weight': {1: 3, 0: 1}, 'gamma': np.float64(0.0027825594022071257), 'kernel': 'rbf'}",0.65,0.7875000000000001,0.51875,0.693877551020408,0.55,0.6400255102040816,0.09753009766231562,1076
0.002605724334716797,0.0008034011261774827,0.002989339828491211,0.0005505696213610355,0.2782559402207124,2000,"{1: 3, 0: 1}",0.0027825594022071257,rbf,"{'C': np.float64(0.2782559402207124), 'cache_size': 2000, 'class_weight': {1: 3, 0: 1}, 'gamma': np.float64(0.0027825594022071257), 'kernel': 'rbf'}",0.65,0.7875000000000001,0.51875,0.6938775510204082,0.55,0.6400255102040816,0.09753009766231563,1076
0.0018249034881591796,0.0007607013149605376,0.0037079811096191405,0.001697590655747453,0.2782559402207124,2000,"{1: 3.5, 0: 1}",0.001,sigmoid,"{'C': np.float64(0.2782559402207124), 'cache_size': 2000, 'class_weight': {1: 3.5, 0: 1}, 'gamma': np.float64(0.001), 'kernel': 'sigmoid'}",0.7,0.76875,0.525,0.6462585034013605,0.5571428571428572,0.6394302721088435,0.08978241981359603,1078
0.0034069538116455076,0.0012435451543615663,0.003905916213989258,0.0015662345149173918,2.1544346900318834,2000,"{1: 3.5, 0: 1}",0.001,sigmoid,"{'C': np.float64(2.1544346900318834), 'cache_size': 2000, 'class_weight': {1: 3.5, 0: 1}, 'gamma': np.float64(0.001), 'kernel': 'sigmoid'}",0.7,0.76875,0.525,0.6462585034013605,0.5571428571428572,0.6394302721088435,0.08978241981359603,1078
0.0010097503662109375,1.7639365987005782e-05,0.0021925926208496093,0.0005423096609183681,0.1,2000,"{1: 3.5, 0: 1}",0.001,sigmoid,"{'C': np.float64(0.1), 'cache_size': 2000, 'class_weight': {1: 3.5, 0: 1}, 'gamma': np.float64(0.001), 'kernel': 'sigmoid'}",0.7,0.76875,0.525,0.6462585034013605,0.5571428571428572,0.6394302721088435,0.08978241981359603,1078
0.002606105804443359,0.001471075086993006,0.0026018619537353516,0.0008009094513957667,0.1,2000,"{1: 3.5, 0: 1}",0.021544346900318832,sigmoid,"{'C': np.float64(0.1), 'cache_size': 2000, 'class_weight': {1: 3.5, 0: 1}, 'gamma': np.float64(0.021544346900318832), 'kernel': 'sigmoid'}",0.7,0.76875,0.525,0.6462585034013605,0.5571428571428572,0.6394302721088435,0.08978241981359603,1078
0.0019022464752197266,0.0001990378844542511,0.002104520797729492,0.00019976956019540897,0.2782559402207124,2000,"{1: 3.5, 0: 1}",0.007742636826811269,sigmoid,"{'C': np.float64(0.2782559402207124), 'cache_size': 2000, 'class_weight': {1: 3.5, 0: 1}, 'gamma': np.float64(0.007742636826811269), 'kernel': 'sigmoid'}",0.7,0.76875,0.525,0.6462585034013605,0.5571428571428572,0.6394302721088435,0.08978241981359603,1078
0.0016043663024902343,0.000493183325378627,0.005809926986694336,0.0014768691775776087,0.2782559402207124,2000,"{1: 3.5, 0: 1}",0.0027825594022071257,sigmoid,"{'C': np.float64(0.2782559402207124), 'cache_size': 2000, 'class_weight': {1: 3.5, 0: 1}, 'gamma': np.float64(0.0027825594022071257), 'kernel': 'sigmoid'}",0.7,0.76875,0.525,0.6462585034013605,0.5571428571428572,0.6394302721088435,0.08978241981359603,1078
0.0017018318176269531,0.0004002482883861737,0.0019057273864746093,0.00019933455229098065,0.1,2000,"{1: 3.5, 0: 1}",0.007742636826811269,sigmoid,"{'C': np.float64(0.1), 'cache_size': 2000, 'class_weight': {1: 3.5, 0: 1}, 'gamma': np.float64(0.007742636826811269), 'kernel': 'sigmoid'}",0.7,0.76875,0.525,0.6462585034013605,0.5571428571428572,0.6394302721088435,0.08978241981359603,1078
0.001603984832763672,0.00048603732487100063,0.0019022464752197266,0.0004915222901429048,0.774263682681127,2000,"{1: 3.5, 0: 1}",0.001,sigmoid,"{'C': np.float64(0.774263682681127), 'cache_size': 2000, 'class_weight': {1: 3.5, 0: 1}, 'gamma': np.float64(0.001), 'kernel': 'sigmoid'}",0.7,0.76875,0.525,0.6462585034013605,0.5571428571428572,0.6394302721088435,0.08978241981359603,1078
0.0014386653900146484,0.0008310527571232416,0.0017131805419921876,0.0005928120327181941,0.1,2000,"{1: 3.5, 0: 1}",0.0027825594022071257,sigmoid,"{'C': np.float64(0.1), 'cache_size': 2000, 'class_weight': {1: 3.5, 0: 1}, 'gamma': np.float64(0.0027825594022071257), 'kernel': 'sigmoid'}",0.7,0.76875,0.525,0.6462585034013605,0.5571428571428572,0.6394302721088435,0.08978241981359603,1078
0.002105093002319336,0.0002086899273083462,0.002302122116088867,0.0008730897273210684,0.774263682681127,2000,"{1: 3.5, 0: 1}",0.0027825594022071257,sigmoid,"{'C': np.float64(0.774263682681127), 'cache_size': 2000, 'class_weight': {1: 3.5, 0: 1}, 'gamma': np.float64(0.0027825594022071257), 'kernel': 'sigmoid'}",0.7,0.76875,0.525,0.6462585034013605,0.5571428571428572,0.6394302721088435,0.08978241981359603,1078
0.0018053531646728515,0.0006834174046078165,0.002801656723022461,0.000748585104082658,5.994842503189409,2000,"{1: 3.5, 0: 1}",0.0027825594022071257,sigmoid,"{'C': np.float64(5.994842503189409), 'cache_size': 2000, 'class_weight': {1: 3.5, 0: 1}, 'gamma': np.float64(0.0027825594022071257), 'kernel': 'sigmoid'}",0.625,0.85,0.5,0.7006802721088435,0.5214285714285715,0.639421768707483,0.1278003187316326,1088
0.004218244552612304,0.003238055434871847,0.0032036304473876953,0.002161845049265416,5.994842503189409,2000,"{1: 3.5, 0: 1}",0.001,rbf,"{'C': np.float64(5.994842503189409), 'cache_size': 2000, 'class_weight': {1: 3.5, 0: 1}, 'gamma': np.float64(0.001), 'kernel': 'rbf'}",0.6312500000000001,0.84375,0.5,0.7006802721088435,0.5214285714285715,0.639421768707483,0.12564253446944984,1088
0.0019683361053466795,0.0005229008626079708,0.001996946334838867,0.0003275736066090666,0.1,2000,"{1: 3.5, 0: 1}",0.1668100537200059,sigmoid,"{'C': np.float64(0.1), 'cache_size': 2000, 'class_weight': {1: 3.5, 0: 1}, 'gamma': np.float64(0.1668100537200059), 'kernel': 'sigmoid'}",0.625,0.85,0.5,0.7006802721088435,0.5214285714285715,0.639421768707483,0.1278003187316326,1088
0.0021010875701904298,0.00020151166514184202,0.002607583999633789,0.0010766322239820127,0.774263682681127,2000,"{1: 3.5, 0: 1}",0.021544346900318832,sigmoid,"{'C': np.float64(0.774263682681127), 'cache_size': 2000, 'class_weight': {1: 3.5, 0: 1}, 'gamma': np.float64(0.021544346900318832), 'kernel': 'sigmoid'}",0.625,0.85,0.5,0.7006802721088435,0.5214285714285715,0.639421768707483,0.1278003187316326,1088
0.0013016223907470702,0.00040130895692512515,0.002105379104614258,0.00020783507544256988,0.2782559402207124,2000,"{1: 3.5, 0: 1}",0.05994842503189409,sigmoid,"{'C': np.float64(0.2782559402207124), 'cache_size': 2000, 'class_weight': {1: 3.5, 0: 1}, 'gamma': np.float64(0.05994842503189409), 'kernel': 'sigmoid'}",0.625,0.85,0.5,0.7006802721088435,0.5214285714285715,0.639421768707483,0.1278003187316326,1088
0.002306556701660156,0.0005108706246811617,0.002401924133300781,0.000490390438241945,2.1544346900318834,2000,"{1: 3.5, 0: 1}",0.007742636826811269,sigmoid,"{'C': np.float64(2.1544346900318834), 'cache_size': 2000, 'class_weight': {1: 3.5, 0: 1}, 'gamma': np.float64(0.007742636826811269), 'kernel': 'sigmoid'}",0.625,0.85,0.5,0.7006802721088435,0.5214285714285715,0.639421768707483,0.1278003187316326,1088
0.0014021873474121093,0.00037488291440574675,0.0021060943603515626,0.00020759638947813596,16.68100537200059,2000,"{1: 3.5, 0: 1}",0.001,sigmoid,"{'C': np.float64(16.68100537200059), 'cache_size': 2000, 'class_weight': {1: 3.5, 0: 1}, 'gamma': np.float64(0.001), 'kernel': 'sigmoid'}",0.625,0.85,0.5,0.7006802721088435,0.5214285714285715,0.639421768707483,0.1278003187316326,1088
0.0030130386352539063,0.0013248623463128965,0.0030065059661865236,0.0013122163741691763,0.774263682681127,2000,"{1: 3.5, 0: 1}",3.593813663804626,sigmoid,"{'C': np.float64(0.774263682681127), 'cache_size': 2000, 'class_weight': {1: 3.5, 0: 1}, 'gamma': np.float64(3.593813663804626), 'kernel': 'sigmoid'}",0.625,0.825,0.50625,0.6802721088435373,0.5571428571428572,0.6387329931972788,0.11028887962252946,1095
0.001805257797241211,0.0008160286277247388,0.001921701431274414,0.000493553856536076,0.2782559402207124,2000,"{1: 3.5, 0: 1}",3.593813663804626,sigmoid,"{'C': np.float64(0.2782559402207124), 'cache_size': 2000, 'class_weight': {1: 3.5, 0: 1}, 'gamma': np.float64(3.593813663804626), 'kernel': 'sigmoid'}",0.625,0.825,0.50625,0.6802721088435373,0.5571428571428572,0.6387329931972788,0.11028887962252946,1095
0.0019024848937988282,0.00019928077415276392,0.0021124362945556642,0.00019745932083383076,5.994842503189409,2000,"{1: 3.5, 0: 1}",1.2915496650148828,rbf,"{'C': np.float64(5.994842503189409), 'cache_size': 2000, 'class_weight': {1: 3.5, 0: 1}, 'gamma': np.float64(1.2915496650148828), 'kernel': 'rbf'}",0.60625,0.8562500000000001,0.5249999999999999,0.7346938775510203,0.4714285714285714,0.6387244897959183,0.14035900209452642,1097
0.001326751708984375,0.00045351659494679756,0.0019125938415527344,0.0004918594355691843,0.1,2000,"{1: 3.5, 0: 1}",0.0027825594022071257,rbf,"{'C': np.float64(0.1), 'cache_size': 2000, 'class_weight': {1: 3.5, 0: 1}, 'gamma': np.float64(0.0027825594022071257), 'kernel': 'rbf'}",0.6937500000000001,0.76875,0.525,0.6462585034013605,0.5571428571428572,0.6381802721088435,0.08897026799924182,1098
0.0024057865142822266,0.0004949742564084233,0.002703285217285156,0.00024286878566659957,46.41588833612777,2000,"{1: 3.5, 0: 1}",0.46415888336127775,rbf,"{'C': np.float64(46.41588833612777), 'cache_size': 2000, 'class_weight': {1: 3.5, 0: 1}, 'gamma': np.float64(0.46415888336127775), 'kernel': 'rbf'}",0.575,0.86875,0.6187499999999999,0.7482993197278911,0.37857142857142856,0.6378741496598639,0.16556217527827083,1099
0.006408309936523438,0.008323690795903806,0.002509784698486328,0.00031656756744596274,16.68100537200059,2000,balanced,1.2915496650148828,linear,"{'C': np.float64(16.68100537200059), 'cache_size': 2000, 'class_weight': 'balanced', 'gamma': np.float64(1.2915496650148828), 'kernel': 'linear'}",0.6062500000000001,0.8125,0.59375,0.7551020408163265,0.42142857142857143,0.6378061224489795,0.1371366170607209,1100
0.0017024040222167968,0.00040049985809929736,0.0021048069000244142,0.00019965282851685506,16.68100537200059,2000,balanced,10.0,linear,"{'C': np.float64(16.68100537200059), 'cache_size': 2000, 'class_weight': 'balanced', 'gamma': np.float64(10.0), 'kernel': 'linear'}",0.6062500000000001,0.8125,0.59375,0.7551020408163265,0.42142857142857143,0.6378061224489795,0.1371366170607209,1100
0.0037029743194580077,0.0015363664422816245,0.003110933303833008,0.0017150367897517862,16.68100537200059,2000,balanced,0.001,linear,"{'C': np.float64(16.68100537200059), 'cache_size': 2000, 'class_weight': 'balanced', 'gamma': np.float64(0.001), 'kernel': 'linear'}",0.6062500000000001,0.8125,0.59375,0.7551020408163265,0.42142857142857143,0.6378061224489795,0.1371366170607209,1100
0.0023058414459228515,0.0003990976212272026,0.004412078857421875,0.004362891315367949,16.68100537200059,2000,balanced,0.007742636826811269,linear,"{'C': np.float64(16.68100537200059), 'cache_size': 2000, 'class_weight': 'balanced', 'gamma': np.float64(0.007742636826811269), 'kernel': 'linear'}",0.6062500000000001,0.8125,0.59375,0.7551020408163265,0.42142857142857143,0.6378061224489795,0.1371366170607209,1100
0.004508161544799804,0.006274222622056844,0.004610109329223633,0.0007319955062862942,16.68100537200059,2000,balanced,0.1668100537200059,linear,"{'C': np.float64(16.68100537200059), 'cache_size': 2000, 'class_weight': 'balanced', 'gamma': np.float64(0.1668100537200059), 'kernel': 'linear'}",0.6062500000000001,0.8125,0.59375,0.7551020408163265,0.42142857142857143,0.6378061224489795,0.1371366170607209,1100
0.002105093002319336,0.0006634927947361869,0.002001380920410156,0.0006325618220275448,16.68100537200059,2000,balanced,0.46415888336127775,linear,"{'C': np.float64(16.68100537200059), 'cache_size': 2000, 'class_weight': 'balanced', 'gamma': np.float64(0.46415888336127775), 'kernel': 'linear'}",0.6062500000000001,0.8125,0.59375,0.7551020408163265,0.42142857142857143,0.6378061224489795,0.1371366170607209,1100
0.0025035381317138673,0.0010493718364884615,0.004217863082885742,0.0017990110194005511,16.68100537200059,2000,balanced,0.05994842503189409,linear,"{'C': np.float64(16.68100537200059), 'cache_size': 2000, 'class_weight': 'balanced', 'gamma': np.float64(0.05994842503189409), 'kernel': 'linear'}",0.6062500000000001,0.8125,0.59375,0.7551020408163265,0.42142857142857143,0.6378061224489795,0.1371366170607209,1100
0.004906845092773437,0.00685519206729189,0.0026137828826904297,0.0004952565335876358,16.68100537200059,2000,balanced,3.593813663804626,linear,"{'C': np.float64(16.68100537200059), 'cache_size': 2000, 'class_weight': 'balanced', 'gamma': np.float64(3.593813663804626), 'kernel': 'linear'}",0.6062500000000001,0.8125,0.59375,0.7551020408163265,0.42142857142857143,0.6378061224489795,0.1371366170607209,1100
0.002703142166137695,0.0004009262422028614,0.0019046783447265625,0.000200469475591074,16.68100537200059,2000,balanced,0.021544346900318832,linear,"{'C': np.float64(16.68100537200059), 'cache_size': 2000, 'class_weight': 'balanced', 'gamma': np.float64(0.021544346900318832), 'kernel': 'linear'}",0.6062500000000001,0.8125,0.59375,0.7551020408163265,0.42142857142857143,0.6378061224489795,0.1371366170607209,1100
0.0029087066650390625,0.0008037025303720678,0.0034034252166748047,0.002085890463385808,16.68100537200059,2000,balanced,0.0027825594022071257,linear,"{'C': np.float64(16.68100537200059), 'cache_size': 2000, 'class_weight': 'balanced', 'gamma': np.float64(0.0027825594022071257), 'kernel': 'linear'}",0.6062500000000001,0.8125,0.59375,0.7551020408163265,0.42142857142857143,0.6378061224489795,0.1371366170607209,1100
0.0017711162567138673,0.0006425864090014571,0.0016852378845214843,0.0005804267789389601,0.1,2000,"{1: 3.5, 0: 1}",3.593813663804626,sigmoid,"{'C': np.float64(0.1), 'cache_size': 2000, 'class_weight': {1: 3.5, 0: 1}, 'gamma': np.float64(3.593813663804626), 'kernel': 'sigmoid'}",0.625,0.825,0.50625,0.6802721088435373,0.55,0.6373044217687074,0.1113773536592611,1110
0.002201700210571289,0.0003995195033806028,0.003410816192626953,0.0018357645558039616,0.2782559402207124,2000,"{1: 3.5, 0: 1}",0.0027825594022071257,rbf,"{'C': np.float64(0.2782559402207124), 'cache_size': 2000, 'class_weight': {1: 3.5, 0: 1}, 'gamma': np.float64(0.0027825594022071257), 'kernel': 'rbf'}",0.6937500000000001,0.76875,0.51875,0.6462585034013605,0.5571428571428572,0.6369302721088437,0.09058095422399248,1111
0.002219533920288086,0.0006843061233102547,0.0023020267486572265,0.0008735053591333248,46.41588833612777,2000,"{1: 3, 0: 1}",0.46415888336127775,poly,"{'C': np.float64(46.41588833612777), 'cache_size': 2000, 'class_weight': {1: 3, 0: 1}, 'gamma': np.float64(0.46415888336127775), 'kernel': 'poly'}",0.5625,0.79375,0.6,0.7687074829931972,0.45714285714285713,0.636420068027211,0.12742337604040532,1112
0.001501178741455078,0.0004475556734552509,0.001938629150390625,0.0005063901152927276,0.1,2000,"{1: 3, 0: 1}",3.593813663804626,poly,"{'C': np.float64(0.1), 'cache_size': 2000, 'class_weight': {1: 3, 0: 1}, 'gamma': np.float64(3.593813663804626), 'kernel': 'poly'}",0.5625,0.79375,0.6,0.7687074829931972,0.45714285714285713,0.636420068027211,0.12742337604040532,1112
0.0021027088165283202,0.0006637826488585596,0.002302408218383789,0.0005981542131251015,1000.0,2000,"{1: 3, 0: 1}",0.1668100537200059,poly,"{'C': np.float64(1000.0), 'cache_size': 2000, 'class_weight': {1: 3, 0: 1}, 'gamma': np.float64(0.1668100537200059), 'kernel': 'poly'}",0.5625,0.79375,0.6,0.7687074829931972,0.45714285714285713,0.636420068027211,0.12742337604040532,1112
0.001300954818725586,0.0005992743748655844,0.0029702186584472656,0.0016087609113431404,2.1544346900318834,2000,"{1: 3, 0: 1}",1.2915496650148828,poly,"{'C': np.float64(2.1544346900318834), 'cache_size': 2000, 'class_weight': {1: 3, 0: 1}, 'gamma': np.float64(1.2915496650148828), 'kernel': 'poly'}",0.5625,0.79375,0.6,0.7687074829931972,0.45714285714285713,0.636420068027211,0.12742337604040532,1112
0.001285552978515625,0.00023350837840406468,0.0017081737518310548,0.0006076694132359107,2.1544346900318834,2000,"{1: 3.5, 0: 1}",3.593813663804626,sigmoid,"{'C': np.float64(2.1544346900318834), 'cache_size': 2000, 'class_weight': {1: 3.5, 0: 1}, 'gamma': np.float64(3.593813663804626), 'kernel': 'sigmoid'}",0.60625,0.825,0.5125,0.6802721088435373,0.5571428571428572,0.6362329931972788,0.10957783505061226,1116
0.003404998779296875,0.0008022974799921061,0.0026031494140625,0.0007346710672714735,16.68100537200059,2000,"{1: 3, 0: 1}",0.46415888336127775,rbf,"{'C': np.float64(16.68100537200059), 'cache_size': 2000, 'class_weight': {1: 3, 0: 1}, 'gamma': np.float64(0.46415888336127775), 'kernel': 'rbf'}",0.6,0.8375,0.59375,0.7346938775510203,0.41428571428571426,0.6360459183673469,0.14323477783930091,1117
0.0025112152099609373,0.0006488597859434444,0.0022019863128662108,0.0005094002373786647,1000.0,2000,"{1: 3.5, 0: 1}",1.2915496650148828,sigmoid,"{'C': np.float64(1000.0), 'cache_size': 2000, 'class_weight': {1: 3.5, 0: 1}, 'gamma': np.float64(1.2915496650148828), 'kernel': 'sigmoid'}",0.6125,0.7750000000000001,0.7562500000000001,0.7346938775510204,0.3,0.6356887755102041,0.177183131060855,1118
0.0022047996520996095,0.000397912040215931,0.002002525329589844,0.00031643646023667594,16.68100537200059,2000,"{1: 2, 0: 1}",3.593813663804626,sigmoid,"{'C': np.float64(16.68100537200059), 'cache_size': 2000, 'class_weight': {1: 2, 0: 1}, 'gamma': np.float64(3.593813663804626), 'kernel': 'sigmoid'}",0.6625,0.7375,0.68125,0.7755102040816326,0.32142857142857145,0.6356377551020408,0.1621540545959537,1119
0.0025048255920410156,0.0008926483427904041,0.0019023418426513672,0.00019872396664825663,46.41588833612777,2000,"{1: 2, 0: 1}",3.593813663804626,sigmoid,"{'C': np.float64(46.41588833612777), 'cache_size': 2000, 'class_weight': {1: 2, 0: 1}, 'gamma': np.float64(3.593813663804626), 'kernel': 'sigmoid'}",0.65,0.6875,0.7625000000000001,0.7891156462585034,0.2857142857142857,0.6349659863945578,0.1816533164250689,1120
0.001902294158935547,0.0004910443356465808,0.0027063369750976564,0.0003908158163142271,1000.0,2000,"{1: 3.5, 0: 1}",0.1668100537200059,rbf,"{'C': np.float64(1000.0), 'cache_size': 2000, 'class_weight': {1: 3.5, 0: 1}, 'gamma': np.float64(0.1668100537200059), 'kernel': 'rbf'}",0.58125,0.8375,0.6375,0.7755102040816326,0.34285714285714286,0.6349234693877552,0.17262218840344992,1121
0.0017010688781738282,0.00039925878510644133,0.002807283401489258,0.0006847056929720176,5.994842503189409,2000,"{1: 2, 0: 1}",1.2915496650148828,rbf,"{'C': np.float64(5.994842503189409), 'cache_size': 2000, 'class_weight': {1: 2, 0: 1}, 'gamma': np.float64(1.2915496650148828), 'kernel': 'rbf'}",0.55625,0.7375,0.7124999999999999,0.782312925170068,0.3857142857142857,0.6348554421768708,0.14598522067954667,1122
0.0023025035858154296,0.00040053698557599555,0.0027083396911621095,0.00040087455146635046,1000.0,2000,"{1: 3, 0: 1}",0.1668100537200059,rbf,"{'C': np.float64(1000.0), 'cache_size': 2000, 'class_weight': {1: 3, 0: 1}, 'gamma': np.float64(0.1668100537200059), 'kernel': 'rbf'}",0.54375,0.8250000000000001,0.6625,0.7687074829931972,0.37142857142857144,0.6342772108843537,0.16280527592620048,1123
0.0020043373107910155,6.550916539168822e-06,0.005809211730957031,0.006634321760227948,5.994842503189409,2000,"{1: 3, 0: 1}",1.2915496650148828,rbf,"{'C': np.float64(5.994842503189409), 'cache_size': 2000, 'class_weight': {1: 3, 0: 1}, 'gamma': np.float64(1.2915496650148828), 'kernel': 'rbf'}",0.59375,0.8625,0.5875,0.7346938775510203,0.39285714285714285,0.6342602040816326,0.1576599876293664,1124
0.006109714508056641,0.007965313395954122,0.0019051074981689454,0.00020075499009718792,46.41588833612777,2000,balanced,3.593813663804626,sigmoid,"{'C': np.float64(46.41588833612777), 'cache_size': 2000, 'class_weight': 'balanced', 'gamma': np.float64(3.593813663804626), 'kernel': 'sigmoid'}",0.65,0.7437499999999999,0.7562500000000001,0.7346938775510203,0.2857142857142857,0.6340816326530612,0.17815065951734216,1125
0.003215789794921875,0.0036959371447619492,0.0023050785064697267,0.00040189971446138274,46.41588833612777,2000,"{1: 3.5, 0: 1}",0.1668100537200059,rbf,"{'C': np.float64(46.41588833612777), 'cache_size': 2000, 'class_weight': {1: 3.5, 0: 1}, 'gamma': np.float64(0.1668100537200059), 'kernel': 'rbf'}",0.6,0.8500000000000001,0.5125,0.7142857142857143,0.4928571428571429,0.6339285714285714,0.1333726557661744,1126
0.004310226440429688,0.0014408425373021404,0.004003715515136719,0.00277816651343042,1000.0,2000,balanced,1.2915496650148828,sigmoid,"{'C': np.float64(1000.0), 'cache_size': 2000, 'class_weight': 'balanced', 'gamma': np.float64(1.2915496650148828), 'kernel': 'sigmoid'}",0.6062500000000001,0.75,0.7625000000000001,0.7414965986394557,0.30714285714285716,0.6334778911564627,0.17270093228906694,1127
0.002102565765380859,0.0010191858054439985,0.002506065368652344,0.00044796074410188207,0.2782559402207124,2000,"{1: 3.5, 0: 1}",0.001,rbf,"{'C': np.float64(0.2782559402207124), 'cache_size': 2000, 'class_weight': {1: 3.5, 0: 1}, 'gamma': np.float64(0.001), 'kernel': 'rbf'}",0.6875,0.7562500000000001,0.525,0.6394557823129252,0.5571428571428572,0.6330697278911565,0.0844047053638917,1128
0.0018071174621582032,0.000517686592155004,0.003002023696899414,0.0008952707056546375,0.774263682681127,2000,"{1: 3.5, 0: 1}",0.001,rbf,"{'C': np.float64(0.774263682681127), 'cache_size': 2000, 'class_weight': {1: 3.5, 0: 1}, 'gamma': np.float64(0.001), 'kernel': 'rbf'}",0.6937500000000001,0.7562500000000001,0.51875,0.6394557823129252,0.5571428571428572,0.6330697278911565,0.08686788409743482,1128
0.001543140411376953,0.0006638272977536205,0.0018789291381835938,0.0005620504968879886,0.1,2000,"{1: 3.5, 0: 1}",0.001,rbf,"{'C': np.float64(0.1), 'cache_size': 2000, 'class_weight': {1: 3.5, 0: 1}, 'gamma': np.float64(0.001), 'kernel': 'rbf'}",0.6875,0.7562500000000001,0.525,0.6394557823129252,0.5571428571428572,0.6330697278911565,0.0844047053638917,1128
0.0021048545837402343,0.0002083318188129977,0.0036061763763427734,0.0013925863082788338,129.15496650148827,2000,"{1: 3.5, 0: 1}",0.1668100537200059,rbf,"{'C': np.float64(129.15496650148827), 'cache_size': 2000, 'class_weight': {1: 3.5, 0: 1}, 'gamma': np.float64(0.1668100537200059), 'kernel': 'rbf'}",0.5750000000000001,0.85,0.6125,0.7482993197278911,0.37857142857142856,0.632874149659864,0.16056213868615324,1131
0.0012001991271972656,0.00040018573771778655,0.002806568145751953,0.0008153090602584906,16.68100537200059,2000,"{1: 3.5, 0: 1}",0.46415888336127775,linear,"{'C': np.float64(16.68100537200059), 'cache_size': 2000, 'class_weight': {1: 3.5, 0: 1}, 'gamma': np.float64(0.46415888336127775), 'kernel': 'linear'}",0.6,0.8500000000000001,0.51875,0.7142857142857143,0.47857142857142854,0.6323214285714286,0.13541367081981776,1132
0.002402925491333008,0.0013930641467557949,0.0024048805236816405,0.0004864598974234991,16.68100537200059,2000,"{1: 3.5, 0: 1}",0.0027825594022071257,linear,"{'C': np.float64(16.68100537200059), 'cache_size': 2000, 'class_weight': {1: 3.5, 0: 1}, 'gamma': np.float64(0.0027825594022071257), 'kernel': 'linear'}",0.6,0.8500000000000001,0.51875,0.7142857142857143,0.47857142857142854,0.6323214285714286,0.13541367081981776,1132
0.0018019676208496094,0.0005110186427381806,0.0025092124938964843,0.0010075292998725524,16.68100537200059,2000,"{1: 3.5, 0: 1}",0.007742636826811269,linear,"{'C': np.float64(16.68100537200059), 'cache_size': 2000, 'class_weight': {1: 3.5, 0: 1}, 'gamma': np.float64(0.007742636826811269), 'kernel': 'linear'}",0.6,0.8500000000000001,0.51875,0.7142857142857143,0.47857142857142854,0.6323214285714286,0.13541367081981776,1132
0.0022048473358154295,0.0003980029365530576,0.002402591705322266,0.0011580512461322225,16.68100537200059,2000,"{1: 3.5, 0: 1}",10.0,linear,"{'C': np.float64(16.68100537200059), 'cache_size': 2000, 'class_weight': {1: 3.5, 0: 1}, 'gamma': np.float64(10.0), 'kernel': 'linear'}",0.6,0.8500000000000001,0.51875,0.7142857142857143,0.47857142857142854,0.6323214285714286,0.13541367081981776,1132
0.0015047073364257812,0.0004431570063542319,0.001804494857788086,0.0004017397798238138,16.68100537200059,2000,"{1: 3.5, 0: 1}",0.1668100537200059,linear,"{'C': np.float64(16.68100537200059), 'cache_size': 2000, 'class_weight': {1: 3.5, 0: 1}, 'gamma': np.float64(0.1668100537200059), 'kernel': 'linear'}",0.6,0.8500000000000001,0.51875,0.7142857142857143,0.47857142857142854,0.6323214285714286,0.13541367081981776,1132
0.003807353973388672,0.003866784727096282,0.0019055843353271485,0.00019997657888758233,16.68100537200059,2000,"{1: 3.5, 0: 1}",0.05994842503189409,linear,"{'C': np.float64(16.68100537200059), 'cache_size': 2000, 'class_weight': {1: 3.5, 0: 1}, 'gamma': np.float64(0.05994842503189409), 'kernel': 'linear'}",0.6,0.8500000000000001,0.51875,0.7142857142857143,0.47857142857142854,0.6323214285714286,0.13541367081981776,1132
0.002407360076904297,0.0012478550961433946,0.0036031246185302735,0.00131919341408696,16.68100537200059,2000,"{1: 3.5, 0: 1}",0.021544346900318832,linear,"{'C': np.float64(16.68100537200059), 'cache_size': 2000, 'class_weight': {1: 3.5, 0: 1}, 'gamma': np.float64(0.021544346900318832), 'kernel': 'linear'}",0.6,0.8500000000000001,0.51875,0.7142857142857143,0.47857142857142854,0.6323214285714286,0.13541367081981776,1132
0.0013013362884521484,0.0004000935528223302,0.0023051738739013673,0.00040681667806839413,16.68100537200059,2000,"{1: 3.5, 0: 1}",0.001,linear,"{'C': np.float64(16.68100537200059), 'cache_size': 2000, 'class_weight': {1: 3.5, 0: 1}, 'gamma': np.float64(0.001), 'kernel': 'linear'}",0.6,0.8500000000000001,0.51875,0.7142857142857143,0.47857142857142854,0.6323214285714286,0.13541367081981776,1132
0.0015046119689941407,0.0006309325307484198,0.0023024559020996095,0.0004002135316467129,16.68100537200059,2000,"{1: 3.5, 0: 1}",1.2915496650148828,linear,"{'C': np.float64(16.68100537200059), 'cache_size': 2000, 'class_weight': {1: 3.5, 0: 1}, 'gamma': np.float64(1.2915496650148828), 'kernel': 'linear'}",0.6,0.8500000000000001,0.51875,0.7142857142857143,0.47857142857142854,0.6323214285714286,0.13541367081981776,1132
0.0015013694763183593,0.00044760984696438677,0.0025054454803466798,0.0007741806805138128,16.68100537200059,2000,"{1: 3.5, 0: 1}",3.593813663804626,linear,"{'C': np.float64(16.68100537200059), 'cache_size': 2000, 'class_weight': {1: 3.5, 0: 1}, 'gamma': np.float64(3.593813663804626), 'kernel': 'linear'}",0.6,0.8500000000000001,0.51875,0.7142857142857143,0.47857142857142854,0.6323214285714286,0.13541367081981776,1132
0.001502227783203125,0.0004472908787213644,0.00261077880859375,0.0005903333107086562,46.41588833612777,2000,"{1: 3, 0: 1}",0.1668100537200059,rbf,"{'C': np.float64(46.41588833612777), 'cache_size': 2000, 'class_weight': {1: 3, 0: 1}, 'gamma': np.float64(0.1668100537200059), 'kernel': 'rbf'}",0.6000000000000001,0.825,0.5874999999999999,0.7346938775510203,0.41428571428571426,0.6322959183673469,0.1401416104175665,1142
0.0018013477325439452,0.0004008304780629634,0.0026053905487060545,0.00037291148656735576,16.68100537200059,2000,"{1: 3.5, 0: 1}",0.46415888336127775,rbf,"{'C': np.float64(16.68100537200059), 'cache_size': 2000, 'class_weight': {1: 3.5, 0: 1}, 'gamma': np.float64(0.46415888336127775), 'kernel': 'rbf'}",0.6,0.8562500000000001,0.5125,0.7210884353741496,0.4714285714285714,0.6322534013605442,0.14093397349797232,1143
0.0021014690399169924,0.0006638957946587534,0.001902008056640625,0.00019927427050932806,1000.0,2000,balanced,0.021544346900318832,sigmoid,"{'C': np.float64(1000.0), 'cache_size': 2000, 'class_weight': 'balanced', 'gamma': np.float64(0.021544346900318832), 'kernel': 'sigmoid'}",0.60625,0.8125,0.59375,0.7551020408163265,0.3928571428571428,0.6320918367346938,0.146321393791656,1144
0.002405405044555664,0.00048760177322469553,0.0020018100738525392,0.0003161358580774162,129.15496650148827,2000,balanced,0.1668100537200059,sigmoid,"{'C': np.float64(129.15496650148827), 'cache_size': 2000, 'class_weight': 'balanced', 'gamma': np.float64(0.1668100537200059), 'kernel': 'sigmoid'}",0.60625,0.8125,0.59375,0.7551020408163265,0.3928571428571428,0.6320918367346938,0.146321393791656,1144
0.0026175975799560547,0.000992474466976218,0.0033024311065673827,0.0014702608498011985,359.38136638046257,2000,balanced,0.05994842503189409,sigmoid,"{'C': np.float64(359.38136638046257), 'cache_size': 2000, 'class_weight': 'balanced', 'gamma': np.float64(0.05994842503189409), 'kernel': 'sigmoid'}",0.60625,0.8125,0.59375,0.7551020408163265,0.3928571428571428,0.6320918367346938,0.146321393791656,1144
0.005311346054077149,0.007371006126491758,0.002702617645263672,0.0004008927012662815,16.68100537200059,2000,"{1: 2, 0: 1}",1.2915496650148828,rbf,"{'C': np.float64(16.68100537200059), 'cache_size': 2000, 'class_weight': {1: 2, 0: 1}, 'gamma': np.float64(1.2915496650148828), 'kernel': 'rbf'}",0.51875,0.8,0.6875,0.7891156462585034,0.36428571428571427,0.6319302721088436,0.16762222601125626,1147
0.001702117919921875,0.0006019920290627422,0.0027050495147705076,0.0007449551763071774,16.68100537200059,2000,"{1: 3, 0: 1}",3.593813663804626,sigmoid,"{'C': np.float64(16.68100537200059), 'cache_size': 2000, 'class_weight': {1: 3, 0: 1}, 'gamma': np.float64(3.593813663804626), 'kernel': 'sigmoid'}",0.6499999999999999,0.775,0.66875,0.727891156462585,0.33571428571428563,0.631471088435374,0.154338914172876,1148
0.00210719108581543,0.0002112194530277038,0.002706623077392578,0.0005088925941078267,129.15496650148827,2000,"{1: 3.5, 0: 1}",0.05994842503189409,rbf,"{'C': np.float64(129.15496650148827), 'cache_size': 2000, 'class_weight': {1: 3.5, 0: 1}, 'gamma': np.float64(0.05994842503189409), 'kernel': 'rbf'}",0.5875,0.8500000000000001,0.5125,0.7142857142857143,0.4928571428571429,0.6314285714285715,0.13410036600720118,1149
0.0034073352813720702,0.0026063402820182516,0.0040070533752441405,0.0013076711789261949,359.38136638046257,2000,"{1: 3.5, 0: 1}",0.021544346900318832,rbf,"{'C': np.float64(359.38136638046257), 'cache_size': 2000, 'class_weight': {1: 3.5, 0: 1}, 'gamma': np.float64(0.021544346900318832), 'kernel': 'rbf'}",0.5875,0.8500000000000001,0.5125,0.7142857142857143,0.4928571428571429,0.6314285714285715,0.13410036600720118,1149
0.0021031856536865234,0.0005814613504949596,0.0025029659271240236,0.0004472912853892986,1000.0,2000,"{1: 3.5, 0: 1}",0.007742636826811269,rbf,"{'C': np.float64(1000.0), 'cache_size': 2000, 'class_weight': {1: 3.5, 0: 1}, 'gamma': np.float64(0.007742636826811269), 'kernel': 'rbf'}",0.5875,0.8500000000000001,0.5125,0.7142857142857143,0.4928571428571429,0.6314285714285715,0.13410036600720118,1149
0.002105426788330078,0.00019969046380517908,0.0031058788299560547,0.0022019241034229252,5.994842503189409,2000,balanced,10.0,sigmoid,"{'C': np.float64(5.994842503189409), 'cache_size': 2000, 'class_weight': 'balanced', 'gamma': np.float64(10.0), 'kernel': 'sigmoid'}",0.6312500000000001,0.6625000000000001,0.7,0.7346938775510203,0.4285714285714286,0.6314030612244899,0.10722149689350993,1152
0.0016004085540771485,0.0004899987222241536,0.002806282043457031,0.0005155395806046003,1000.0,2000,"{1: 3, 0: 1}",0.007742636826811269,rbf,"{'C': np.float64(1000.0), 'cache_size': 2000, 'class_weight': {1: 3, 0: 1}, 'gamma': np.float64(0.007742636826811269), 'kernel': 'rbf'}",0.6000000000000001,0.8125,0.5874999999999999,0.7346938775510203,0.42142857142857143,0.6312244897959183,0.13451234288101077,1153
0.0026048660278320313,0.0016005644544612883,0.003507518768310547,0.0015587315386815291,359.38136638046257,2000,"{1: 3, 0: 1}",0.021544346900318832,rbf,"{'C': np.float64(359.38136638046257), 'cache_size': 2000, 'class_weight': {1: 3, 0: 1}, 'gamma': np.float64(0.021544346900318832), 'kernel': 'rbf'}",0.6000000000000001,0.8125,0.5874999999999999,0.7346938775510203,0.42142857142857143,0.6312244897959183,0.13451234288101077,1153
0.0018043994903564453,0.0007495779329209459,0.0024023532867431642,0.0003752607673833676,129.15496650148827,2000,"{1: 3, 0: 1}",0.05994842503189409,rbf,"{'C': np.float64(129.15496650148827), 'cache_size': 2000, 'class_weight': {1: 3, 0: 1}, 'gamma': np.float64(0.05994842503189409), 'kernel': 'rbf'}",0.6000000000000001,0.8187500000000001,0.5874999999999999,0.7346938775510203,0.41428571428571426,0.6310459183673469,0.1384346805043713,1155
0.0015058040618896485,0.0006403192896061677,0.0021023273468017576,0.0004890676169578959,359.38136638046257,2000,"{1: 2, 0: 1}",0.021544346900318832,rbf,"{'C': np.float64(359.38136638046257), 'cache_size': 2000, 'class_weight': {1: 2, 0: 1}, 'gamma': np.float64(0.021544346900318832), 'kernel': 'rbf'}",0.6000000000000001,0.7250000000000001,0.6687500000000001,0.7755102040816326,0.3857142857142857,0.6309948979591837,0.13584575303351526,1156
0.002502632141113281,0.0011844202258701703,0.002304840087890625,0.0003978145959841155,1000.0,2000,"{1: 2, 0: 1}",0.007742636826811269,rbf,"{'C': np.float64(1000.0), 'cache_size': 2000, 'class_weight': {1: 2, 0: 1}, 'gamma': np.float64(0.007742636826811269), 'kernel': 'rbf'}",0.6000000000000001,0.7250000000000001,0.6687500000000001,0.7755102040816326,0.3857142857142857,0.6309948979591837,0.13584575303351526,1156
0.00180206298828125,0.0005107291615465174,0.0020056724548339843,0.000633454297240288,46.41588833612777,2000,"{1: 3, 0: 1}",3.593813663804626,sigmoid,"{'C': np.float64(46.41588833612777), 'cache_size': 2000, 'class_weight': {1: 3, 0: 1}, 'gamma': np.float64(3.593813663804626), 'kernel': 'sigmoid'}",0.6499999999999999,0.76875,0.7375,0.7414965986394558,0.2571428571428571,0.6309778911564626,0.19113187679306157,1158
0.002906322479248047,0.0011197742943156316,0.0023013591766357423,0.0004005585849173708,5.994842503189409,2000,balanced,3.593813663804626,sigmoid,"{'C': np.float64(5.994842503189409), 'cache_size': 2000, 'class_weight': 'balanced', 'gamma': np.float64(3.593813663804626), 'kernel': 'sigmoid'}",0.5874999999999999,0.80625,0.6125,0.7482993197278911,0.39999999999999997,0.6309098639455781,0.14146883210522698,1159
0.0024062156677246093,0.0005920412652578025,0.002600955963134766,0.0007996799605273686,16.68100537200059,2000,balanced,1.2915496650148828,sigmoid,"{'C': np.float64(16.68100537200059), 'cache_size': 2000, 'class_weight': 'balanced', 'gamma': np.float64(1.2915496650148828), 'kernel': 'sigmoid'}",0.6,0.8125,0.59375,0.7551020408163265,0.3928571428571428,0.630841836734694,0.14656331353026103,1160
0.0023046493530273437,0.000397839720831832,0.004108428955078125,0.0007304741092536844,46.41588833612777,2000,balanced,0.46415888336127775,sigmoid,"{'C': np.float64(46.41588833612777), 'cache_size': 2000, 'class_weight': 'balanced', 'gamma': np.float64(0.46415888336127775), 'kernel': 'sigmoid'}",0.6,0.8125,0.59375,0.7551020408163265,0.3928571428571428,0.630841836734694,0.14656331353026103,1160
0.0026056766510009766,0.0016574612282025847,0.0025054454803466798,0.0006388026117496989,46.41588833612777,2000,"{1: 3, 0: 1}",0.46415888336127775,rbf,"{'C': np.float64(46.41588833612777), 'cache_size': 2000, 'class_weight': {1: 3, 0: 1}, 'gamma': np.float64(0.46415888336127775), 'kernel': 'rbf'}",0.5375,0.8187500000000001,0.65625,0.761904761904762,0.3785714285714286,0.6305952380952381,0.15842051395057025,1162
0.0016013145446777343,0.0004898632998136466,0.0028028488159179688,0.0012083874665523974,359.38136638046257,2000,"{1: 2, 0: 1}",0.1668100537200059,rbf,"{'C': np.float64(359.38136638046257), 'cache_size': 2000, 'class_weight': {1: 2, 0: 1}, 'gamma': np.float64(0.1668100537200059), 'kernel': 'rbf'}",0.5125,0.8,0.69375,0.7891156462585035,0.35714285714285715,0.6305017006802721,0.1711945462183662,1163
0.001501178741455078,0.0006335785688945229,0.002102565765380859,0.0004898466084291864,1000.0,2000,"{1: 2, 0: 1}",0.1668100537200059,sigmoid,"{'C': np.float64(1000.0), 'cache_size': 2000, 'class_weight': {1: 2, 0: 1}, 'gamma': np.float64(0.1668100537200059), 'kernel': 'sigmoid'}",0.5125,0.8,0.7125,0.7891156462585035,0.3357142857142857,0.6299659863945578,0.1796854834049137,1164
0.0024042606353759767,0.0008067851564857736,0.00260777473449707,0.0009716722839721284,129.15496650148827,2000,"{1: 2, 0: 1}",0.05994842503189409,rbf,"{'C': np.float64(129.15496650148827), 'cache_size': 2000, 'class_weight': {1: 2, 0: 1}, 'gamma': np.float64(0.05994842503189409), 'kernel': 'rbf'}",0.5937500000000001,0.7250000000000001,0.6687500000000001,0.7755102040816326,0.3857142857142857,0.6297448979591838,0.13615361127102277,1165
0.0017019271850585937,0.0004001431113070242,0.0026151657104492186,0.0009863828651465638,129.15496650148827,2000,"{1: 2, 0: 1}",0.46415888336127775,rbf,"{'C': np.float64(129.15496650148827), 'cache_size': 2000, 'class_weight': {1: 2, 0: 1}, 'gamma': np.float64(0.46415888336127775), 'kernel': 'rbf'}",0.48125000000000007,0.8375,0.66875,0.782312925170068,0.37857142857142856,0.6296768707482994,0.17498537461279925,1166
0.0021046161651611327,0.0011108951793075874,0.003406810760498047,0.0013176821209088757,46.41588833612777,2000,"{1: 2, 0: 1}",0.1668100537200059,rbf,"{'C': np.float64(46.41588833612777), 'cache_size': 2000, 'class_weight': {1: 2, 0: 1}, 'gamma': np.float64(0.1668100537200059), 'kernel': 'rbf'}",0.5750000000000001,0.7250000000000001,0.6687500000000001,0.7891156462585035,0.3857142857142857,0.628715986394558,0.14038277539188923,1167
0.0039033889770507812,0.0033263366796663406,0.0028061866760253906,0.0005155462931926169,359.38136638046257,2000,"{1: 2, 0: 1}",0.007742636826811269,linear,"{'C': np.float64(359.38136638046257), 'cache_size': 2000, 'class_weight': {1: 2, 0: 1}, 'gamma': np.float64(0.007742636826811269), 'kernel': 'linear'}",0.5,0.79375,0.7250000000000001,0.7891156462585035,0.3357142857142857,0.6287159863945578,0.18146773242767955,1168
0.0019020557403564454,0.0001978645196555145,0.004013729095458984,0.0032935032555095707,359.38136638046257,2000,"{1: 2, 0: 1}",10.0,linear,"{'C': np.float64(359.38136638046257), 'cache_size': 2000, 'class_weight': {1: 2, 0: 1}, 'gamma': np.float64(10.0), 'kernel': 'linear'}",0.5,0.79375,0.7250000000000001,0.7891156462585035,0.3357142857142857,0.6287159863945578,0.18146773242767955,1168
0.002403068542480469,0.0009696065728623765,0.0028104782104492188,0.0008135438782014651,359.38136638046257,2000,"{1: 2, 0: 1}",0.001,linear,"{'C': np.float64(359.38136638046257), 'cache_size': 2000, 'class_weight': {1: 2, 0: 1}, 'gamma': np.float64(0.001), 'kernel': 'linear'}",0.5,0.79375,0.7250000000000001,0.7891156462585035,0.3357142857142857,0.6287159863945578,0.18146773242767955,1168
0.0020116329193115234,2.0877954359687696e-05,0.002202129364013672,0.0006791278560985308,359.38136638046257,2000,"{1: 2, 0: 1}",0.021544346900318832,linear,"{'C': np.float64(359.38136638046257), 'cache_size': 2000, 'class_weight': {1: 2, 0: 1}, 'gamma': np.float64(0.021544346900318832), 'kernel': 'linear'}",0.5,0.79375,0.7250000000000001,0.7891156462585035,0.3357142857142857,0.6287159863945578,0.18146773242767955,1168
0.006513643264770508,0.008765734523214943,0.0019018173217773438,0.0004915772151023377,359.38136638046257,2000,"{1: 2, 0: 1}",3.593813663804626,linear,"{'C': np.float64(359.38136638046257), 'cache_size': 2000, 'class_weight': {1: 2, 0: 1}, 'gamma': np.float64(3.593813663804626), 'kernel': 'linear'}",0.5,0.79375,0.7250000000000001,0.7891156462585035,0.3357142857142857,0.6287159863945578,0.18146773242767955,1168
0.001404571533203125,0.00048755687481249213,0.001901721954345703,0.0004911202731344032,359.38136638046257,2000,"{1: 2, 0: 1}",1.2915496650148828,linear,"{'C': np.float64(359.38136638046257), 'cache_size': 2000, 'class_weight': {1: 2, 0: 1}, 'gamma': np.float64(1.2915496650148828), 'kernel': 'linear'}",0.5,0.79375,0.7250000000000001,0.7891156462585035,0.3357142857142857,0.6287159863945578,0.18146773242767955,1168
0.0023015499114990234,0.0004002356654146716,0.002412748336791992,0.0009553708650115887,359.38136638046257,2000,"{1: 2, 0: 1}",0.46415888336127775,linear,"{'C': np.float64(359.38136638046257), 'cache_size': 2000, 'class_weight': {1: 2, 0: 1}, 'gamma': np.float64(0.46415888336127775), 'kernel': 'linear'}",0.5,0.79375,0.7250000000000001,0.7891156462585035,0.3357142857142857,0.6287159863945578,0.18146773242767955,1168
0.0014033794403076171,0.00048725421095734914,0.002302265167236328,0.0008742182649094747,16.68100537200059,2000,"{1: 2, 0: 1}",0.46415888336127775,rbf,"{'C': np.float64(16.68100537200059), 'cache_size': 2000, 'class_weight': {1: 2, 0: 1}, 'gamma': np.float64(0.46415888336127775), 'kernel': 'rbf'}",0.5625,0.7250000000000001,0.68125,0.7891156462585035,0.3857142857142857,0.6287159863945578,0.14226234085916628,1168
0.0016024112701416016,0.0005834405931696035,0.0020048141479492186,7.378506139329796e-06,359.38136638046257,2000,"{1: 2, 0: 1}",0.1668100537200059,linear,"{'C': np.float64(359.38136638046257), 'cache_size': 2000, 'class_weight': {1: 2, 0: 1}, 'gamma': np.float64(0.1668100537200059), 'kernel': 'linear'}",0.5,0.79375,0.7250000000000001,0.7891156462585035,0.3357142857142857,0.6287159863945578,0.18146773242767955,1168
0.002206230163574219,0.0006807827937792577,0.0024016380310058595,0.0004908191766281738,359.38136638046257,2000,"{1: 2, 0: 1}",0.0027825594022071257,linear,"{'C': np.float64(359.38136638046257), 'cache_size': 2000, 'class_weight': {1: 2, 0: 1}, 'gamma': np.float64(0.0027825594022071257), 'kernel': 'linear'}",0.5,0.79375,0.7250000000000001,0.7891156462585035,0.3357142857142857,0.6287159863945578,0.18146773242767955,1168
0.0019137859344482422,0.0009086213690822135,0.002301597595214844,0.0009801102225566022,359.38136638046257,2000,"{1: 2, 0: 1}",0.05994842503189409,linear,"{'C': np.float64(359.38136638046257), 'cache_size': 2000, 'class_weight': {1: 2, 0: 1}, 'gamma': np.float64(0.05994842503189409), 'kernel': 'linear'}",0.5,0.79375,0.7250000000000001,0.7891156462585035,0.3357142857142857,0.6287159863945578,0.18146773242767955,1168
0.0022066593170166015,0.00025248221790886895,0.002102088928222656,0.0004896995827071439,46.41588833612777,2000,"{1: 3, 0: 1}",1.2915496650148828,sigmoid,"{'C': np.float64(46.41588833612777), 'cache_size': 2000, 'class_weight': {1: 3, 0: 1}, 'gamma': np.float64(1.2915496650148828), 'kernel': 'sigmoid'}",0.5375,0.8062499999999999,0.65625,0.761904761904762,0.37857142857142856,0.628095238095238,0.1555033293239698,1179
0.0017057418823242187,0.0005154900053034274,0.002606058120727539,0.0004852677979059337,129.15496650148827,2000,"{1: 3, 0: 1}",0.1668100537200059,rbf,"{'C': np.float64(129.15496650148827), 'cache_size': 2000, 'class_weight': {1: 3, 0: 1}, 'gamma': np.float64(0.1668100537200059), 'kernel': 'rbf'}",0.5375,0.80625,0.6625,0.7551020408163266,0.3785714285714286,0.6279846938775511,0.1546111912852276,1180
0.0021088123321533203,0.0006652138646820176,0.0027020454406738283,0.0011676638392570306,1000.0,2000,"{1: 2, 0: 1}",0.05994842503189409,rbf,"{'C': np.float64(1000.0), 'cache_size': 2000, 'class_weight': {1: 2, 0: 1}, 'gamma': np.float64(0.05994842503189409), 'kernel': 'rbf'}",0.5,0.7937500000000001,0.7,0.7959183673469388,0.35,0.6279336734693878,0.1757962562720937,1181
0.002004098892211914,0.0006330498696517066,0.0024033069610595705,0.0005817722367067211,1000.0,2000,"{1: 2, 0: 1}",0.1668100537200059,rbf,"{'C': np.float64(1000.0), 'cache_size': 2000, 'class_weight': {1: 2, 0: 1}, 'gamma': np.float64(0.1668100537200059), 'kernel': 'rbf'}",0.5062500000000001,0.825,0.66875,0.782312925170068,0.35714285714285715,0.627891156462585,0.17462453234107714,1182
0.0028049468994140623,0.001166270303249991,0.002906465530395508,0.0005882035699730367,46.41588833612777,2000,"{1: 3, 0: 1}",0.021544346900318832,linear,"{'C': np.float64(46.41588833612777), 'cache_size': 2000, 'class_weight': {1: 3, 0: 1}, 'gamma': np.float64(0.021544346900318832), 'kernel': 'linear'}",0.55625,0.8,0.65625,0.7482993197278911,0.3785714285714286,0.627874149659864,0.1498109371043054,1183
0.0014021873474121093,0.0005853297879104351,0.0020046234130859375,0.0006273712440943985,46.41588833612777,2000,"{1: 3, 0: 1}",0.1668100537200059,linear,"{'C': np.float64(46.41588833612777), 'cache_size': 2000, 'class_weight': {1: 3, 0: 1}, 'gamma': np.float64(0.1668100537200059), 'kernel': 'linear'}",0.55625,0.8,0.65625,0.7482993197278911,0.3785714285714286,0.627874149659864,0.1498109371043054,1183
0.0015012741088867188,0.0004472905991369451,0.0019019603729248046,0.00019889795281728708,46.41588833612777,2000,"{1: 3, 0: 1}",0.001,linear,"{'C': np.float64(46.41588833612777), 'cache_size': 2000, 'class_weight': {1: 3, 0: 1}, 'gamma': np.float64(0.001), 'kernel': 'linear'}",0.55625,0.8,0.65625,0.7482993197278911,0.3785714285714286,0.627874149659864,0.1498109371043054,1183
0.001902294158935547,0.00019870631134615032,0.006311750411987305,0.0076263874693365446,46.41588833612777,2000,"{1: 3, 0: 1}",0.0027825594022071257,linear,"{'C': np.float64(46.41588833612777), 'cache_size': 2000, 'class_weight': {1: 3, 0: 1}, 'gamma': np.float64(0.0027825594022071257), 'kernel': 'linear'}",0.55625,0.8,0.65625,0.7482993197278911,0.3785714285714286,0.627874149659864,0.1498109371043054,1183
0.0021046161651611327,0.0002078544932150781,0.002302122116088867,0.0005990536436968065,46.41588833612777,2000,"{1: 3, 0: 1}",0.007742636826811269,linear,"{'C': np.float64(46.41588833612777), 'cache_size': 2000, 'class_weight': {1: 3, 0: 1}, 'gamma': np.float64(0.007742636826811269), 'kernel': 'linear'}",0.55625,0.8,0.65625,0.7482993197278911,0.3785714285714286,0.627874149659864,0.1498109371043054,1183
0.0016019821166992187,0.000491480974424665,0.0028061866760253906,0.0008165139147657483,46.41588833612777,2000,"{1: 3, 0: 1}",3.593813663804626,linear,"{'C': np.float64(46.41588833612777), 'cache_size': 2000, 'class_weight': {1: 3, 0: 1}, 'gamma': np.float64(3.593813663804626), 'kernel': 'linear'}",0.55625,0.8,0.65625,0.7482993197278911,0.3785714285714286,0.627874149659864,0.1498109371043054,1183
0.0016057491302490234,0.0005895531203927179,0.0023063182830810546,0.0011746647061834765,46.41588833612777,2000,"{1: 3, 0: 1}",10.0,linear,"{'C': np.float64(46.41588833612777), 'cache_size': 2000, 'class_weight': {1: 3, 0: 1}, 'gamma': np.float64(10.0), 'kernel': 'linear'}",0.55625,0.8,0.65625,0.7482993197278911,0.3785714285714286,0.627874149659864,0.1498109371043054,1183
0.0015018463134765625,0.00044819931695991137,0.0025049686431884766,0.0010080819041752358,46.41588833612777,2000,"{1: 3, 0: 1}",0.46415888336127775,linear,"{'C': np.float64(46.41588833612777), 'cache_size': 2000, 'class_weight': {1: 3, 0: 1}, 'gamma': np.float64(0.46415888336127775), 'kernel': 'linear'}",0.55625,0.8,0.65625,0.7482993197278911,0.3785714285714286,0.627874149659864,0.1498109371043054,1183
0.0018020153045654296,0.0006784665470191036,0.0029095172882080077,0.0009204097118830367,46.41588833612777,2000,"{1: 3, 0: 1}",0.05994842503189409,linear,"{'C': np.float64(46.41588833612777), 'cache_size': 2000, 'class_weight': {1: 3, 0: 1}, 'gamma': np.float64(0.05994842503189409), 'kernel': 'linear'}",0.55625,0.8,0.65625,0.7482993197278911,0.3785714285714286,0.627874149659864,0.1498109371043054,1183
0.0021048069000244142,0.0006659139648680633,0.0019025802612304688,0.000491931614309629,46.41588833612777,2000,"{1: 3, 0: 1}",1.2915496650148828,linear,"{'C': np.float64(46.41588833612777), 'cache_size': 2000, 'class_weight': {1: 3, 0: 1}, 'gamma': np.float64(1.2915496650148828), 'kernel': 'linear'}",0.55625,0.8,0.65625,0.7482993197278911,0.3785714285714286,0.627874149659864,0.1498109371043054,1183
0.0025020122528076174,0.0008939370807241834,0.0030168533325195313,0.0006897524010143333,129.15496650148827,2000,"{1: 2, 0: 1}",1.2915496650148828,sigmoid,"{'C': np.float64(129.15496650148827), 'cache_size': 2000, 'class_weight': {1: 2, 0: 1}, 'gamma': np.float64(1.2915496650148828), 'kernel': 'sigmoid'}",0.51875,0.79375,0.69375,0.7891156462585035,0.34285714285714286,0.6276445578231293,0.1737790299507864,1193
0.0017019748687744141,0.0004002387331401344,0.002305459976196289,0.00040774134331019607,16.68100537200059,2000,"{1: 2, 0: 1}",0.007742636826811269,linear,"{'C': np.float64(16.68100537200059), 'cache_size': 2000, 'class_weight': {1: 2, 0: 1}, 'gamma': np.float64(0.007742636826811269), 'kernel': 'linear'}",0.58125,0.7250000000000001,0.6687500000000001,0.7755102040816326,0.3857142857142857,0.6272448979591837,0.13690427441076009,1194
0.001301145553588867,0.00040059343658920693,0.0026103496551513673,0.000730440874345973,16.68100537200059,2000,"{1: 2, 0: 1}",0.05994842503189409,linear,"{'C': np.float64(16.68100537200059), 'cache_size': 2000, 'class_weight': {1: 2, 0: 1}, 'gamma': np.float64(0.05994842503189409), 'kernel': 'linear'}",0.58125,0.7250000000000001,0.6687500000000001,0.7755102040816326,0.3857142857142857,0.6272448979591837,0.13690427441076009,1194
0.001001119613647461,0.0006324111842024658,0.002806282043457031,0.0009277249882012996,16.68100537200059,2000,"{1: 2, 0: 1}",0.021544346900318832,linear,"{'C': np.float64(16.68100537200059), 'cache_size': 2000, 'class_weight': {1: 2, 0: 1}, 'gamma': np.float64(0.021544346900318832), 'kernel': 'linear'}",0.58125,0.7250000000000001,0.6687500000000001,0.7755102040816326,0.3857142857142857,0.6272448979591837,0.13690427441076009,1194
0.0022043228149414063,0.00039804153079280946,0.0022027015686035155,0.00024746504326332835,16.68100537200059,2000,"{1: 2, 0: 1}",0.0027825594022071257,linear,"{'C': np.float64(16.68100537200059), 'cache_size': 2000, 'class_weight': {1: 2, 0: 1}, 'gamma': np.float64(0.0027825594022071257), 'kernel': 'linear'}",0.58125,0.7250000000000001,0.6687500000000001,0.7755102040816326,0.3857142857142857,0.6272448979591837,0.13690427441076009,1194
0.0016037464141845704,0.0008062314332754408,0.0024024486541748048,0.0005817884011848069,16.68100537200059,2000,"{1: 2, 0: 1}",0.001,linear,"{'C': np.float64(16.68100537200059), 'cache_size': 2000, 'class_weight': {1: 2, 0: 1}, 'gamma': np.float64(0.001), 'kernel': 'linear'}",0.58125,0.7250000000000001,0.6687500000000001,0.7755102040816326,0.3857142857142857,0.6272448979591837,0.13690427441076009,1194
0.0017018795013427734,0.0004002244680171853,0.00230560302734375,0.0004014534371756898,16.68100537200059,2000,"{1: 2, 0: 1}",0.1668100537200059,linear,"{'C': np.float64(16.68100537200059), 'cache_size': 2000, 'class_weight': {1: 2, 0: 1}, 'gamma': np.float64(0.1668100537200059), 'kernel': 'linear'}",0.58125,0.7250000000000001,0.6687500000000001,0.7755102040816326,0.3857142857142857,0.6272448979591837,0.13690427441076009,1194
0.0014011859893798828,0.0004907586395669648,0.00450749397277832,0.003018158164826781,16.68100537200059,2000,"{1: 2, 0: 1}",10.0,linear,"{'C': np.float64(16.68100537200059), 'cache_size': 2000, 'class_weight': {1: 2, 0: 1}, 'gamma': np.float64(10.0), 'kernel': 'linear'}",0.58125,0.7250000000000001,0.6687500000000001,0.7755102040816326,0.3857142857142857,0.6272448979591837,0.13690427441076009,1194
0.002204227447509766,0.000398542236895755,0.0019019126892089843,0.00019827147065172216,16.68100537200059,2000,"{1: 2, 0: 1}",3.593813663804626,linear,"{'C': np.float64(16.68100537200059), 'cache_size': 2000, 'class_weight': {1: 2, 0: 1}, 'gamma': np.float64(3.593813663804626), 'kernel': 'linear'}",0.58125,0.7250000000000001,0.6687500000000001,0.7755102040816326,0.3857142857142857,0.6272448979591837,0.13690427441076009,1194
0.0030108928680419923,0.0025499783156613925,0.002002096176147461,0.000549250911742127,16.68100537200059,2000,"{1: 2, 0: 1}",1.2915496650148828,linear,"{'C': np.float64(16.68100537200059), 'cache_size': 2000, 'class_weight': {1: 2, 0: 1}, 'gamma': np.float64(1.2915496650148828), 'kernel': 'linear'}",0.58125,0.7250000000000001,0.6687500000000001,0.7755102040816326,0.3857142857142857,0.6272448979591837,0.13690427441076009,1194
0.0025035381317138673,0.0010490969253247441,0.002805328369140625,0.0011652720539154621,16.68100537200059,2000,"{1: 2, 0: 1}",0.46415888336127775,linear,"{'C': np.float64(16.68100537200059), 'cache_size': 2000, 'class_weight': {1: 2, 0: 1}, 'gamma': np.float64(0.46415888336127775), 'kernel': 'linear'}",0.58125,0.7250000000000001,0.6687500000000001,0.7755102040816326,0.3857142857142857,0.6272448979591837,0.13690427441076009,1194
0.002501773834228516,0.0012640660267089867,0.0023061275482177735,0.000879240404519234,1000.0,2000,"{1: 3, 0: 1}",0.05994842503189409,sigmoid,"{'C': np.float64(1000.0), 'cache_size': 2000, 'class_weight': {1: 3, 0: 1}, 'gamma': np.float64(0.05994842503189409), 'kernel': 'sigmoid'}",0.5375,0.8062499999999999,0.65,0.761904761904762,0.37857142857142856,0.6268452380952381,0.15529696882449798,1204
0.002101755142211914,0.0006644305084810606,0.0036162853240966795,0.0013824938699868758,359.38136638046257,2000,"{1: 3, 0: 1}",0.1668100537200059,sigmoid,"{'C': np.float64(359.38136638046257), 'cache_size': 2000, 'class_weight': {1: 3, 0: 1}, 'gamma': np.float64(0.1668100537200059), 'kernel': 'sigmoid'}",0.5375,0.8062499999999999,0.65,0.761904761904762,0.37857142857142856,0.6268452380952381,0.15529696882449798,1204
0.0017017841339111329,0.0006008723095227653,0.0021044731140136717,0.0004888126389368263,129.15496650148827,2000,"{1: 3, 0: 1}",0.46415888336127775,sigmoid,"{'C': np.float64(129.15496650148827), 'cache_size': 2000, 'class_weight': {1: 3, 0: 1}, 'gamma': np.float64(0.46415888336127775), 'kernel': 'sigmoid'}",0.5375,0.8062499999999999,0.65,0.761904761904762,0.37857142857142856,0.6268452380952381,0.15529696882449798,1204
0.001904773712158203,0.0004952889543682157,0.002902698516845703,0.00019667249026801052,1000.0,2000,"{1: 3, 0: 1}",0.021544346900318832,rbf,"{'C': np.float64(1000.0), 'cache_size': 2000, 'class_weight': {1: 3, 0: 1}, 'gamma': np.float64(0.021544346900318832), 'kernel': 'rbf'}",0.55625,0.8,0.65,0.7482993197278911,0.3785714285714286,0.6266241496598639,0.1495948770854798,1207
0.0030029773712158202,0.0008349512264177761,0.0029076576232910157,0.0005803046230088557,1000.0,2000,"{1: 3, 0: 1}",1.2915496650148828,sigmoid,"{'C': np.float64(1000.0), 'cache_size': 2000, 'class_weight': {1: 3, 0: 1}, 'gamma': np.float64(1.2915496650148828), 'kernel': 'sigmoid'}",0.6124999999999999,0.7625,0.74375,0.7210884353741497,0.29285714285714287,0.6265391156462584,0.17475931052668395,1208
0.002405118942260742,0.0010748511329700752,0.0033036231994628905,0.0014713483845088808,129.15496650148827,2000,"{1: 2, 0: 1}",10.0,linear,"{'C': np.float64(129.15496650148827), 'cache_size': 2000, 'class_weight': {1: 2, 0: 1}, 'gamma': np.float64(10.0), 'kernel': 'linear'}",0.5125,0.7875,0.7,0.7891156462585035,0.34285714285714286,0.6263945578231292,0.1739059016974241,1209
0.002302122116088867,0.0006033421787529256,0.005007362365722657,0.0050330942659274226,129.15496650148827,2000,"{1: 2, 0: 1}",3.593813663804626,linear,"{'C': np.float64(129.15496650148827), 'cache_size': 2000, 'class_weight': {1: 2, 0: 1}, 'gamma': np.float64(3.593813663804626), 'kernel': 'linear'}",0.5125,0.7875,0.7,0.7891156462585035,0.34285714285714286,0.6263945578231292,0.1739059016974241,1209
0.0037026405334472656,0.002752837162840704,0.003908014297485352,0.0011613339336187466,129.15496650148827,2000,"{1: 2, 0: 1}",0.46415888336127775,linear,"{'C': np.float64(129.15496650148827), 'cache_size': 2000, 'class_weight': {1: 2, 0: 1}, 'gamma': np.float64(0.46415888336127775), 'kernel': 'linear'}",0.5125,0.7875,0.7,0.7891156462585035,0.34285714285714286,0.6263945578231292,0.1739059016974241,1209
0.0015007495880126954,0.00044723666657579825,0.002506113052368164,0.00044857697818811136,129.15496650148827,2000,"{1: 2, 0: 1}",1.2915496650148828,linear,"{'C': np.float64(129.15496650148827), 'cache_size': 2000, 'class_weight': {1: 2, 0: 1}, 'gamma': np.float64(1.2915496650148828), 'kernel': 'linear'}",0.5125,0.7875,0.7,0.7891156462585035,0.34285714285714286,0.6263945578231292,0.1739059016974241,1209
0.001802968978881836,0.000510712306214863,0.0032082080841064455,0.0006801200516085651,129.15496650148827,2000,"{1: 2, 0: 1}",0.007742636826811269,linear,"{'C': np.float64(129.15496650148827), 'cache_size': 2000, 'class_weight': {1: 2, 0: 1}, 'gamma': np.float64(0.007742636826811269), 'kernel': 'linear'}",0.5125,0.7875,0.7,0.7891156462585035,0.34285714285714286,0.6263945578231292,0.1739059016974241,1209
0.002202129364013672,0.0010295557657501793,0.0024043560028076173,0.0007979366504875484,129.15496650148827,2000,"{1: 2, 0: 1}",0.05994842503189409,linear,"{'C': np.float64(129.15496650148827), 'cache_size': 2000, 'class_weight': {1: 2, 0: 1}, 'gamma': np.float64(0.05994842503189409), 'kernel': 'linear'}",0.5125,0.7875,0.7,0.7891156462585035,0.34285714285714286,0.6263945578231292,0.1739059016974241,1209
0.0017014503479003905,0.000398948668767913,0.0021021366119384766,0.0004889115116012667,129.15496650148827,2000,"{1: 2, 0: 1}",0.021544346900318832,linear,"{'C': np.float64(129.15496650148827), 'cache_size': 2000, 'class_weight': {1: 2, 0: 1}, 'gamma': np.float64(0.021544346900318832), 'kernel': 'linear'}",0.5125,0.7875,0.7,0.7891156462585035,0.34285714285714286,0.6263945578231292,0.1739059016974241,1209
0.0018029212951660156,0.0005102711050372502,0.00200505256652832,8.551752391735928e-06,129.15496650148827,2000,"{1: 2, 0: 1}",0.1668100537200059,linear,"{'C': np.float64(129.15496650148827), 'cache_size': 2000, 'class_weight': {1: 2, 0: 1}, 'gamma': np.float64(0.1668100537200059), 'kernel': 'linear'}",0.5125,0.7875,0.7,0.7891156462585035,0.34285714285714286,0.6263945578231292,0.1739059016974241,1209
0.002101707458496094,0.0006641142463748807,0.0025110244750976562,0.0006481712756743562,129.15496650148827,2000,"{1: 2, 0: 1}",0.001,linear,"{'C': np.float64(129.15496650148827), 'cache_size': 2000, 'class_weight': {1: 2, 0: 1}, 'gamma': np.float64(0.001), 'kernel': 'linear'}",0.5125,0.7875,0.7,0.7891156462585035,0.34285714285714286,0.6263945578231292,0.1739059016974241,1209
0.001800870895385742,0.00040047388385043824,0.0020028114318847655,0.0003158362728539522,129.15496650148827,2000,"{1: 2, 0: 1}",0.0027825594022071257,linear,"{'C': np.float64(129.15496650148827), 'cache_size': 2000, 'class_weight': {1: 2, 0: 1}, 'gamma': np.float64(0.0027825594022071257), 'kernel': 'linear'}",0.5125,0.7875,0.7,0.7891156462585035,0.34285714285714286,0.6263945578231292,0.1739059016974241,1209
0.0017070293426513672,0.0006842619766338553,0.002208375930786133,0.00039626268401395527,5.994842503189409,2000,"{1: 2, 0: 1}",3.593813663804626,sigmoid,"{'C': np.float64(5.994842503189409), 'cache_size': 2000, 'class_weight': {1: 2, 0: 1}, 'gamma': np.float64(3.593813663804626), 'kernel': 'sigmoid'}",0.5687500000000001,0.71875,0.66875,0.7891156462585034,0.3857142857142857,0.6262159863945578,0.1400367043267671,1219
0.001604318618774414,0.0004851519905881553,0.0020026206970214845,0.0003157620774186908,359.38136638046257,2000,"{1: 2, 0: 1}",0.46415888336127775,sigmoid,"{'C': np.float64(359.38136638046257), 'cache_size': 2000, 'class_weight': {1: 2, 0: 1}, 'gamma': np.float64(0.46415888336127775), 'kernel': 'sigmoid'}",0.5125,0.79375,0.7,0.7891156462585035,0.3357142857142857,0.6262159863945578,0.17740946379609146,1219
0.002001047134399414,0.0006319579723110653,0.005716800689697266,0.005998739434879793,16.68100537200059,2000,"{1: 2, 0: 1}",1.2915496650148828,sigmoid,"{'C': np.float64(16.68100537200059), 'cache_size': 2000, 'class_weight': {1: 2, 0: 1}, 'gamma': np.float64(1.2915496650148828), 'kernel': 'sigmoid'}",0.5687500000000001,0.7124999999999999,0.675,0.7959183673469388,0.3785714285714285,0.6261479591836735,0.14370375956211637,1221
0.004109573364257812,0.002295673809654264,0.002402496337890625,0.0005848204779883915,359.38136638046257,2000,"{1: 3.5, 0: 1}",0.1668100537200059,rbf,"{'C': np.float64(359.38136638046257), 'cache_size': 2000, 'class_weight': {1: 3.5, 0: 1}, 'gamma': np.float64(0.1668100537200059), 'kernel': 'rbf'}",0.5625,0.85625,0.6125,0.7551020408163265,0.34285714285714286,0.6258418367346938,0.17553726209319112,1222
0.0026030540466308594,0.0015326415644391275,0.008818483352661133,0.010387276913297666,46.41588833612777,2000,balanced,0.46415888336127775,rbf,"{'C': np.float64(46.41588833612777), 'cache_size': 2000, 'class_weight': 'balanced', 'gamma': np.float64(0.46415888336127775), 'kernel': 'rbf'}",0.53125,0.8187500000000001,0.63125,0.7755102040816325,0.37142857142857144,0.6256377551020409,0.16328927996815892,1223
0.00150146484375,0.0004479825236157527,0.002105569839477539,0.0002080999852651088,5.994842503189409,2000,"{1: 3.5, 0: 1}",3.593813663804626,sigmoid,"{'C': np.float64(5.994842503189409), 'cache_size': 2000, 'class_weight': {1: 3.5, 0: 1}, 'gamma': np.float64(3.593813663804626), 'kernel': 'sigmoid'}",0.5875,0.825,0.525,0.7619047619047619,0.42857142857142855,0.6255952380952381,0.14746631884177402,1224
0.002306556701660156,0.0003973251050057809,0.0023021697998046875,0.00040102203450295937,129.15496650148827,2000,balanced,0.46415888336127775,rbf,"{'C': np.float64(129.15496650148827), 'cache_size': 2000, 'class_weight': 'balanced', 'gamma': np.float64(0.46415888336127775), 'kernel': 'rbf'}",0.5249999999999999,0.8250000000000001,0.63125,0.782312925170068,0.36428571428571427,0.6255697278911565,0.16897143826796518,1225
0.0025030136108398437,0.0016763059540538517,0.004113388061523437,0.001452525556842998,359.38136638046257,2000,"{1: 3, 0: 1}",0.05994842503189409,rbf,"{'C': np.float64(359.38136638046257), 'cache_size': 2000, 'class_weight': {1: 3, 0: 1}, 'gamma': np.float64(0.05994842503189409), 'kernel': 'rbf'}",0.55,0.8,0.65,0.7482993197278911,0.3785714285714286,0.6253741496598639,0.1502025719632306,1226
0.0014023780822753906,0.0005846646798409247,0.0023056983947753905,0.00040142706583328223,359.38136638046257,2000,"{1: 3.5, 0: 1}",0.1668100537200059,sigmoid,"{'C': np.float64(359.38136638046257), 'cache_size': 2000, 'class_weight': {1: 3.5, 0: 1}, 'gamma': np.float64(0.1668100537200059), 'kernel': 'sigmoid'}",0.54375,0.85,0.6062500000000001,0.7482993197278911,0.37857142857142856,0.6253741496598639,0.16340574538359867,1226
0.0020026206970214845,0.0005472501289787958,0.002508735656738281,0.00043977315060793174,129.15496650148827,2000,"{1: 3.5, 0: 1}",0.46415888336127775,sigmoid,"{'C': np.float64(129.15496650148827), 'cache_size': 2000, 'class_weight': {1: 3.5, 0: 1}, 'gamma': np.float64(0.46415888336127775), 'kernel': 'sigmoid'}",0.5437500000000001,0.85,0.6062500000000001,0.7482993197278911,0.37857142857142856,0.6253741496598639,0.16340574538359867,1226
0.002101230621337891,0.00020132109995709522,0.0022031307220458985,0.0005083440514070054,1000.0,2000,"{1: 3.5, 0: 1}",0.05994842503189409,sigmoid,"{'C': np.float64(1000.0), 'cache_size': 2000, 'class_weight': {1: 3.5, 0: 1}, 'gamma': np.float64(0.05994842503189409), 'kernel': 'sigmoid'}",0.54375,0.85,0.6062500000000001,0.7482993197278911,0.37857142857142856,0.6253741496598639,0.16340574538359867,1226
0.0014029979705810548,0.00037611431543293144,0.002307748794555664,0.0004048117360381135,0.1,2000,"{1: 3.5, 0: 1}",0.05994842503189409,sigmoid,"{'C': np.float64(0.1), 'cache_size': 2000, 'class_weight': {1: 3.5, 0: 1}, 'gamma': np.float64(0.05994842503189409), 'kernel': 'sigmoid'}",0.625,0.8187500000000001,0.5,0.6598639455782311,0.5214285714285715,0.6250085034013605,0.11411099653939513,1230
0.00180511474609375,0.0007496661073951127,0.002202606201171875,0.0002475423124175017,0.774263682681127,2000,"{1: 3.5, 0: 1}",0.007742636826811269,sigmoid,"{'C': np.float64(0.774263682681127), 'cache_size': 2000, 'class_weight': {1: 3.5, 0: 1}, 'gamma': np.float64(0.007742636826811269), 'kernel': 'sigmoid'}",0.625,0.8187500000000001,0.5,0.6598639455782311,0.5214285714285715,0.6250085034013605,0.11411099653939513,1230
0.002906656265258789,0.0008600365191895522,0.002202558517456055,0.0004005221917676238,5.994842503189409,2000,"{1: 3.5, 0: 1}",0.001,sigmoid,"{'C': np.float64(5.994842503189409), 'cache_size': 2000, 'class_weight': {1: 3.5, 0: 1}, 'gamma': np.float64(0.001), 'kernel': 'sigmoid'}",0.625,0.8187500000000001,0.5,0.6598639455782311,0.5214285714285715,0.6250085034013605,0.11411099653939513,1230
0.001901102066040039,0.0004906040640764296,0.0022069931030273436,0.0002507553008169448,2.1544346900318834,2000,"{1: 3.5, 0: 1}",0.0027825594022071257,sigmoid,"{'C': np.float64(2.1544346900318834), 'cache_size': 2000, 'class_weight': {1: 3.5, 0: 1}, 'gamma': np.float64(0.0027825594022071257), 'kernel': 'sigmoid'}",0.625,0.8187500000000001,0.5,0.6598639455782311,0.5214285714285715,0.6250085034013605,0.11411099653939513,1230
0.0020014762878417967,0.0010955413500523276,0.003403043746948242,0.0013936776964352444,0.2782559402207124,2000,"{1: 3.5, 0: 1}",0.021544346900318832,sigmoid,"{'C': np.float64(0.2782559402207124), 'cache_size': 2000, 'class_weight': {1: 3.5, 0: 1}, 'gamma': np.float64(0.021544346900318832), 'kernel': 'sigmoid'}",0.625,0.8187500000000001,0.5,0.6598639455782311,0.5214285714285715,0.6250085034013605,0.11411099653939513,1230
0.0021029949188232423,0.0005816974506086671,0.0022054195404052736,0.00040660263769907225,16.68100537200059,2000,"{1: 3.5, 0: 1}",1.2915496650148828,sigmoid,"{'C': np.float64(16.68100537200059), 'cache_size': 2000, 'class_weight': {1: 3.5, 0: 1}, 'gamma': np.float64(1.2915496650148828), 'kernel': 'sigmoid'}",0.6000000000000001,0.8437500000000001,0.53125,0.7142857142857142,0.43571428571428567,0.6249999999999999,0.1421735878482099,1235
0.003609180450439453,0.004239955437795994,0.002909564971923828,0.0011542787012929533,129.15496650148827,2000,"{1: 3.5, 0: 1}",0.1668100537200059,sigmoid,"{'C': np.float64(129.15496650148827), 'cache_size': 2000, 'class_weight': {1: 3.5, 0: 1}, 'gamma': np.float64(0.1668100537200059), 'kernel': 'sigmoid'}",0.6000000000000001,0.8500000000000001,0.53125,0.7142857142857142,0.4285714285714285,0.6248214285714286,0.1460102910826522,1236
0.0031040191650390627,0.000919401191157966,0.0025068283081054687,0.0006398311188448598,359.38136638046257,2000,"{1: 3.5, 0: 1}",0.05994842503189409,sigmoid,"{'C': np.float64(359.38136638046257), 'cache_size': 2000, 'class_weight': {1: 3.5, 0: 1}, 'gamma': np.float64(0.05994842503189409), 'kernel': 'sigmoid'}",0.6000000000000001,0.8500000000000001,0.53125,0.7142857142857142,0.4285714285714285,0.6248214285714286,0.1460102910826522,1236
0.0019039630889892579,0.00037416033891410957,0.0020015716552734377,1.6128096127784504e-06,1000.0,2000,"{1: 3.5, 0: 1}",0.021544346900318832,sigmoid,"{'C': np.float64(1000.0), 'cache_size': 2000, 'class_weight': {1: 3.5, 0: 1}, 'gamma': np.float64(0.021544346900318832), 'kernel': 'sigmoid'}",0.6000000000000001,0.8500000000000001,0.53125,0.7142857142857142,0.4285714285714285,0.6248214285714286,0.1460102910826522,1236
0.0019016265869140625,0.0009181760926884034,0.0025058746337890624,0.0007744636194752964,46.41588833612777,2000,"{1: 3.5, 0: 1}",0.46415888336127775,sigmoid,"{'C': np.float64(46.41588833612777), 'cache_size': 2000, 'class_weight': {1: 3.5, 0: 1}, 'gamma': np.float64(0.46415888336127775), 'kernel': 'sigmoid'}",0.6000000000000001,0.8500000000000001,0.53125,0.7142857142857142,0.4285714285714285,0.6248214285714286,0.1460102910826522,1236
0.0028085708618164062,0.0014407064420897174,0.002503061294555664,0.0006335036319671471,129.15496650148827,2000,"{1: 2, 0: 1}",0.1668100537200059,sigmoid,"{'C': np.float64(129.15496650148827), 'cache_size': 2000, 'class_weight': {1: 2, 0: 1}, 'gamma': np.float64(0.1668100537200059), 'kernel': 'sigmoid'}",0.5625,0.7124999999999999,0.68125,0.7891156462585034,0.3785714285714285,0.6247874149659863,0.14309949175394673,1240
0.0019021034240722656,0.0006632934962573072,0.002408885955810547,0.0003726521471664315,359.38136638046257,2000,"{1: 2, 0: 1}",0.05994842503189409,sigmoid,"{'C': np.float64(359.38136638046257), 'cache_size': 2000, 'class_weight': {1: 2, 0: 1}, 'gamma': np.float64(0.05994842503189409), 'kernel': 'sigmoid'}",0.5625,0.7124999999999999,0.68125,0.7891156462585034,0.3785714285714285,0.6247874149659863,0.14309949175394673,1240
0.0016011238098144532,0.0007996085362738348,0.0025022029876708984,0.0006349738596461011,1000.0,2000,"{1: 2, 0: 1}",0.021544346900318832,sigmoid,"{'C': np.float64(1000.0), 'cache_size': 2000, 'class_weight': {1: 2, 0: 1}, 'gamma': np.float64(0.021544346900318832), 'kernel': 'sigmoid'}",0.5625,0.7124999999999999,0.68125,0.7891156462585034,0.3785714285714285,0.6247874149659863,0.14309949175394673,1240
0.0017018318176269531,0.0003991159201962785,0.0020029544830322266,0.0003163636489319302,46.41588833612777,2000,"{1: 2, 0: 1}",0.46415888336127775,sigmoid,"{'C': np.float64(46.41588833612777), 'cache_size': 2000, 'class_weight': {1: 2, 0: 1}, 'gamma': np.float64(0.46415888336127775), 'kernel': 'sigmoid'}",0.5625,0.7124999999999999,0.68125,0.7891156462585034,0.3785714285714285,0.6247874149659863,0.14309949175394673,1240
0.003006458282470703,0.0014539379949502229,0.003705596923828125,0.0011704122987577588,359.38136638046257,2000,"{1: 3, 0: 1}",0.1668100537200059,rbf,"{'C': np.float64(359.38136638046257), 'cache_size': 2000, 'class_weight': {1: 3, 0: 1}, 'gamma': np.float64(0.1668100537200059), 'kernel': 'rbf'}",0.53125,0.8124999999999999,0.6375,0.7619047619047619,0.37857142857142856,0.6243452380952381,0.15720647161155066,1244
0.00200347900390625,6.421210345789624e-06,0.0020032405853271486,0.0003174965853983708,129.15496650148827,2000,balanced,1.2915496650148828,linear,"{'C': np.float64(129.15496650148827), 'cache_size': 2000, 'class_weight': 'balanced', 'gamma': np.float64(1.2915496650148828), 'kernel': 'linear'}",0.5375000000000001,0.7937500000000001,0.65625,0.7687074829931972,0.36428571428571427,0.6240986394557824,0.15857433095529486,1245
0.0019019126892089843,0.00019898851679177874,0.0020035743713378907,0.0003171206802257201,129.15496650148827,2000,balanced,10.0,linear,"{'C': np.float64(129.15496650148827), 'cache_size': 2000, 'class_weight': 'balanced', 'gamma': np.float64(10.0), 'kernel': 'linear'}",0.5375000000000001,0.7937500000000001,0.65625,0.7687074829931972,0.36428571428571427,0.6240986394557824,0.15857433095529486,1245
0.0019043922424316407,0.0004948680399051313,0.004708290100097656,0.005666553654338316,129.15496650148827,2000,balanced,3.593813663804626,linear,"{'C': np.float64(129.15496650148827), 'cache_size': 2000, 'class_weight': 'balanced', 'gamma': np.float64(3.593813663804626), 'kernel': 'linear'}",0.5375000000000001,0.7937500000000001,0.65625,0.7687074829931972,0.36428571428571427,0.6240986394557824,0.15857433095529486,1245
0.004102325439453125,0.0019104522821429325,0.005324554443359375,0.0014805817673152468,129.15496650148827,2000,balanced,0.001,linear,"{'C': np.float64(129.15496650148827), 'cache_size': 2000, 'class_weight': 'balanced', 'gamma': np.float64(0.001), 'kernel': 'linear'}",0.5375000000000001,0.7937500000000001,0.65625,0.7687074829931972,0.36428571428571427,0.6240986394557824,0.15857433095529486,1245
0.005006742477416992,0.003401079762275367,0.0026056766510009766,0.0005818728978268214,129.15496650148827,2000,balanced,0.0027825594022071257,linear,"{'C': np.float64(129.15496650148827), 'cache_size': 2000, 'class_weight': 'balanced', 'gamma': np.float64(0.0027825594022071257), 'kernel': 'linear'}",0.5375000000000001,0.7937500000000001,0.65625,0.7687074829931972,0.36428571428571427,0.6240986394557824,0.15857433095529486,1245
0.002105379104614258,0.0002081917449007356,0.002202558517456055,0.0005091745769310702,129.15496650148827,2000,balanced,0.46415888336127775,linear,"{'C': np.float64(129.15496650148827), 'cache_size': 2000, 'class_weight': 'balanced', 'gamma': np.float64(0.46415888336127775), 'kernel': 'linear'}",0.5375000000000001,0.7937500000000001,0.65625,0.7687074829931972,0.36428571428571427,0.6240986394557824,0.15857433095529486,1245
0.002106332778930664,0.0004898156749493769,0.002302742004394531,0.00039976039524926526,129.15496650148827,2000,balanced,0.05994842503189409,linear,"{'C': np.float64(129.15496650148827), 'cache_size': 2000, 'class_weight': 'balanced', 'gamma': np.float64(0.05994842503189409), 'kernel': 'linear'}",0.5375000000000001,0.7937500000000001,0.65625,0.7687074829931972,0.36428571428571427,0.6240986394557824,0.15857433095529486,1245
0.0022026538848876954,0.0005099801517781827,0.002505588531494141,0.0010015911602942044,129.15496650148827,2000,balanced,0.1668100537200059,linear,"{'C': np.float64(129.15496650148827), 'cache_size': 2000, 'class_weight': 'balanced', 'gamma': np.float64(0.1668100537200059), 'kernel': 'linear'}",0.5375000000000001,0.7937500000000001,0.65625,0.7687074829931972,0.36428571428571427,0.6240986394557824,0.15857433095529486,1245
0.0031057357788085937,0.0009138633910515578,0.002206707000732422,0.0002430423418818017,129.15496650148827,2000,balanced,0.021544346900318832,linear,"{'C': np.float64(129.15496650148827), 'cache_size': 2000, 'class_weight': 'balanced', 'gamma': np.float64(0.021544346900318832), 'kernel': 'linear'}",0.5375000000000001,0.7937500000000001,0.65625,0.7687074829931972,0.36428571428571427,0.6240986394557824,0.15857433095529486,1245
0.0025113105773925783,0.0005579758738512903,0.003503751754760742,0.001485191611017604,129.15496650148827,2000,balanced,0.007742636826811269,linear,"{'C': np.float64(129.15496650148827), 'cache_size': 2000, 'class_weight': 'balanced', 'gamma': np.float64(0.007742636826811269), 'kernel': 'linear'}",0.5375000000000001,0.7937500000000001,0.65625,0.7687074829931972,0.36428571428571427,0.6240986394557824,0.15857433095529486,1245
0.0020044326782226564,0.0006327419306275114,0.0034062862396240234,0.0005849682509205634,359.38136638046257,2000,"{1: 3.5, 0: 1}",0.05994842503189409,rbf,"{'C': np.float64(359.38136638046257), 'cache_size': 2000, 'class_weight': {1: 3.5, 0: 1}, 'gamma': np.float64(0.05994842503189409), 'kernel': 'rbf'}",0.55625,0.85,0.59375,0.7414965986394557,0.3785714285714286,0.6240136054421769,0.16163029322485956,1255
0.0018005847930908203,0.0004002096115242777,0.0031110286712646485,0.0013209501161151897,1000.0,2000,balanced,0.1668100537200059,rbf,"{'C': np.float64(1000.0), 'cache_size': 2000, 'class_weight': 'balanced', 'gamma': np.float64(0.1668100537200059), 'kernel': 'rbf'}",0.51875,0.8250000000000001,0.6625,0.7619047619047619,0.35,0.6236309523809525,0.1714956879197162,1256
0.002502107620239258,0.0015519592594732934,0.002806234359741211,0.0006766403518969561,16.68100537200059,2000,"{1: 3, 0: 1}",0.1668100537200059,linear,"{'C': np.float64(16.68100537200059), 'cache_size': 2000, 'class_weight': {1: 3, 0: 1}, 'gamma': np.float64(0.1668100537200059), 'kernel': 'linear'}",0.575,0.8125,0.59375,0.7346938775510203,0.39999999999999997,0.6231887755102041,0.14231946922428856,1257
0.0017046451568603516,0.000604994130681483,0.0019018173217773438,0.00019894034838149888,16.68100537200059,2000,"{1: 3, 0: 1}",0.05994842503189409,linear,"{'C': np.float64(16.68100537200059), 'cache_size': 2000, 'class_weight': {1: 3, 0: 1}, 'gamma': np.float64(0.05994842503189409), 'kernel': 'linear'}",0.575,0.8125,0.59375,0.7346938775510203,0.39999999999999997,0.6231887755102041,0.14231946922428856,1257
0.0019049644470214844,0.0008032712066383579,0.0021018505096435545,0.00020184711222858906,16.68100537200059,2000,"{1: 3, 0: 1}",10.0,linear,"{'C': np.float64(16.68100537200059), 'cache_size': 2000, 'class_weight': {1: 3, 0: 1}, 'gamma': np.float64(10.0), 'kernel': 'linear'}",0.575,0.8125,0.59375,0.7346938775510203,0.39999999999999997,0.6231887755102041,0.14231946922428856,1257
0.0021023273468017576,0.0010218969344471726,0.002305412292480469,0.0004029139849444583,16.68100537200059,2000,"{1: 3, 0: 1}",3.593813663804626,linear,"{'C': np.float64(16.68100537200059), 'cache_size': 2000, 'class_weight': {1: 3, 0: 1}, 'gamma': np.float64(3.593813663804626), 'kernel': 'linear'}",0.575,0.8125,0.59375,0.7346938775510203,0.39999999999999997,0.6231887755102041,0.14231946922428856,1257
0.0028023719787597656,0.0018623262094189,0.0026137828826904297,0.0005911547201441572,16.68100537200059,2000,"{1: 3, 0: 1}",0.46415888336127775,linear,"{'C': np.float64(16.68100537200059), 'cache_size': 2000, 'class_weight': {1: 3, 0: 1}, 'gamma': np.float64(0.46415888336127775), 'kernel': 'linear'}",0.575,0.8125,0.59375,0.7346938775510203,0.39999999999999997,0.6231887755102041,0.14231946922428856,1257
0.001202392578125,0.0002468013227241529,0.002102375030517578,0.00020146846765597325,16.68100537200059,2000,"{1: 3, 0: 1}",0.0027825594022071257,linear,"{'C': np.float64(16.68100537200059), 'cache_size': 2000, 'class_weight': {1: 3, 0: 1}, 'gamma': np.float64(0.0027825594022071257), 'kernel': 'linear'}",0.575,0.8125,0.59375,0.7346938775510203,0.39999999999999997,0.6231887755102041,0.14231946922428856,1257
0.0017011165618896484,0.00039977081506948085,0.0023061752319335936,0.0004023379862203084,16.68100537200059,2000,"{1: 3, 0: 1}",0.007742636826811269,linear,"{'C': np.float64(16.68100537200059), 'cache_size': 2000, 'class_weight': {1: 3, 0: 1}, 'gamma': np.float64(0.007742636826811269), 'kernel': 'linear'}",0.575,0.8125,0.59375,0.7346938775510203,0.39999999999999997,0.6231887755102041,0.14231946922428856,1257
0.0014006614685058594,0.0004895317978289823,0.002406406402587891,0.0005868055093906407,16.68100537200059,2000,"{1: 3, 0: 1}",0.021544346900318832,linear,"{'C': np.float64(16.68100537200059), 'cache_size': 2000, 'class_weight': {1: 3, 0: 1}, 'gamma': np.float64(0.021544346900318832), 'kernel': 'linear'}",0.575,0.8125,0.59375,0.7346938775510203,0.39999999999999997,0.6231887755102041,0.14231946922428856,1257
0.0015041351318359375,0.00045083482931156723,0.0028104782104492188,0.0016374953690224305,16.68100537200059,2000,"{1: 3, 0: 1}",0.001,linear,"{'C': np.float64(16.68100537200059), 'cache_size': 2000, 'class_weight': {1: 3, 0: 1}, 'gamma': np.float64(0.001), 'kernel': 'linear'}",0.575,0.8125,0.59375,0.7346938775510203,0.39999999999999997,0.6231887755102041,0.14231946922428856,1257
0.0017018795013427734,0.0009822857078989804,0.0033071041107177734,0.001168719830168201,16.68100537200059,2000,"{1: 3, 0: 1}",1.2915496650148828,linear,"{'C': np.float64(16.68100537200059), 'cache_size': 2000, 'class_weight': {1: 3, 0: 1}, 'gamma': np.float64(1.2915496650148828), 'kernel': 'linear'}",0.575,0.8125,0.59375,0.7346938775510203,0.39999999999999997,0.6231887755102041,0.14231946922428856,1257
0.0019030094146728516,0.00037352068406902724,0.002615213394165039,0.00047436739758459904,1000.0,2000,balanced,0.05994842503189409,rbf,"{'C': np.float64(1000.0), 'cache_size': 2000, 'class_weight': 'balanced', 'gamma': np.float64(0.05994842503189409), 'kernel': 'rbf'}",0.53125,0.8,0.65,0.7687074829931972,0.36428571428571427,0.6228486394557824,0.16039931432695975,1267
0.002803993225097656,0.0008125616681033362,0.0019012451171875,0.00019841202747587888,359.38136638046257,2000,balanced,0.1668100537200059,rbf,"{'C': np.float64(359.38136638046257), 'cache_size': 2000, 'class_weight': 'balanced', 'gamma': np.float64(0.1668100537200059), 'kernel': 'rbf'}",0.53125,0.8062499999999999,0.64375,0.7687074829931972,0.36428571428571427,0.6228486394557823,0.16161239134595723,1268
0.0018053054809570312,0.0004024123392892453,0.0024028301239013674,0.0005819354632355777,46.41588833612777,2000,"{1: 3.5, 0: 1}",1.2915496650148828,sigmoid,"{'C': np.float64(46.41588833612777), 'cache_size': 2000, 'class_weight': {1: 3.5, 0: 1}, 'gamma': np.float64(1.2915496650148828), 'kernel': 'sigmoid'}",0.5437500000000001,0.85,0.6062500000000001,0.7346938775510203,0.37857142857142856,0.6226530612244898,0.16143752474590584,1269
0.0023052215576171873,0.001167158115798594,0.002502107620239258,0.000893190633340567,1000.0,2000,"{1: 3.5, 0: 1}",0.021544346900318832,rbf,"{'C': np.float64(1000.0), 'cache_size': 2000, 'class_weight': {1: 3.5, 0: 1}, 'gamma': np.float64(0.021544346900318832), 'kernel': 'rbf'}",0.5625,0.85,0.59375,0.7346938775510203,0.37142857142857144,0.6224744897959184,0.16236202613356285,1270
0.0029021739959716798,0.0006639972854541549,0.0023053169250488283,0.00040320320395942935,1000.0,2000,"{1: 2, 0: 1}",0.05994842503189409,sigmoid,"{'C': np.float64(1000.0), 'cache_size': 2000, 'class_weight': {1: 2, 0: 1}, 'gamma': np.float64(0.05994842503189409), 'kernel': 'sigmoid'}",0.525,0.7875,0.68125,0.7891156462585034,0.32857142857142857,0.6222874149659864,0.1756914142570411,1271
0.0019010066986083984,0.0006630547240063508,0.004511880874633789,0.0033872283431869315,359.38136638046257,2000,"{1: 2, 0: 1}",0.1668100537200059,sigmoid,"{'C': np.float64(359.38136638046257), 'cache_size': 2000, 'class_weight': {1: 2, 0: 1}, 'gamma': np.float64(0.1668100537200059), 'kernel': 'sigmoid'}",0.525,0.7875,0.68125,0.7891156462585034,0.32857142857142857,0.6222874149659864,0.1756914142570411,1271
0.0017018318176269531,0.00039971655167636284,0.002703237533569336,0.0003994682453400553,0.1,2000,"{1: 3.5, 0: 1}",0.021544346900318832,rbf,"{'C': np.float64(0.1), 'cache_size': 2000, 'class_weight': {1: 3.5, 0: 1}, 'gamma': np.float64(0.021544346900318832), 'kernel': 'rbf'}",0.6625,0.7875000000000001,0.5,0.6394557823129252,0.5214285714285715,0.6221768707482994,0.10424361866775941,1273
0.002004051208496094,6.8598291428964395e-06,0.003003501892089844,0.0009509027571949688,129.15496650148827,2000,"{1: 2, 0: 1}",3.593813663804626,sigmoid,"{'C': np.float64(129.15496650148827), 'cache_size': 2000, 'class_weight': {1: 2, 0: 1}, 'gamma': np.float64(3.593813663804626), 'kernel': 'sigmoid'}",0.6312500000000001,0.6375,0.7437499999999999,0.7687074829931974,0.32857142857142857,0.6219557823129253,0.1566986134723548,1274
0.001603841781616211,0.00048698608822262334,0.0026024341583251952,0.0005839131338967676,16.68100537200059,2000,"{1: 3.5, 0: 1}",3.593813663804626,sigmoid,"{'C': np.float64(16.68100537200059), 'cache_size': 2000, 'class_weight': {1: 3.5, 0: 1}, 'gamma': np.float64(3.593813663804626), 'kernel': 'sigmoid'}",0.51875,0.83125,0.7249999999999999,0.7687074829931972,0.26428571428571423,0.6215986394557824,0.20714097388920844,1275
0.002902507781982422,0.002059421800616902,0.007917404174804688,0.009986044254155352,1000.0,2000,balanced,0.1668100537200059,sigmoid,"{'C': np.float64(1000.0), 'cache_size': 2000, 'class_weight': 'balanced', 'gamma': np.float64(0.1668100537200059), 'kernel': 'sigmoid'}",0.5375000000000001,0.8,0.65,0.7755102040816326,0.3428571428571428,0.6211734693877552,0.16798270844750493,1276
0.0024129390716552735,0.0005875928034893767,0.0016011714935302735,0.0004906220922056597,359.38136638046257,2000,balanced,0.46415888336127775,sigmoid,"{'C': np.float64(359.38136638046257), 'cache_size': 2000, 'class_weight': 'balanced', 'gamma': np.float64(0.46415888336127775), 'kernel': 'sigmoid'}",0.5375000000000001,0.8,0.65,0.7755102040816326,0.3428571428571428,0.6211734693877552,0.16798270844750493,1276
0.0020012855529785156,0.0006323355515856327,0.002509880065917969,0.000549546527179294,129.15496650148827,2000,"{1: 2, 0: 1}",0.46415888336127775,sigmoid,"{'C': np.float64(129.15496650148827), 'cache_size': 2000, 'class_weight': {1: 2, 0: 1}, 'gamma': np.float64(0.46415888336127775), 'kernel': 'sigmoid'}",0.525,0.7875,0.68125,0.7891156462585034,0.3214285714285714,0.6208588435374149,0.1780865655839913,1278
0.0022027015686035155,0.0008140769952985122,0.00260467529296875,0.000797088706989489,359.38136638046257,2000,"{1: 2, 0: 1}",0.05994842503189409,rbf,"{'C': np.float64(359.38136638046257), 'cache_size': 2000, 'class_weight': {1: 2, 0: 1}, 'gamma': np.float64(0.05994842503189409), 'kernel': 'rbf'}",0.5375,0.75,0.70625,0.7959183673469388,0.3142857142857142,0.6207908163265305,0.17638065767396202,1279
0.0022021770477294923,0.0002471126671430812,0.0022144317626953125,0.0003956750376230393,1000.0,2000,"{1: 2, 0: 1}",0.021544346900318832,rbf,"{'C': np.float64(1000.0), 'cache_size': 2000, 'class_weight': {1: 2, 0: 1}, 'gamma': np.float64(0.021544346900318832), 'kernel': 'rbf'}",0.5437500000000001,0.74375,0.70625,0.7959183673469388,0.3142857142857142,0.6207908163265305,0.17491286802719627,1279
0.0023119449615478516,0.0006871753542463888,0.002201080322265625,0.0003995910464693083,46.41588833612777,2000,"{1: 3.5, 0: 1}",1.2915496650148828,linear,"{'C': np.float64(46.41588833612777), 'cache_size': 2000, 'class_weight': {1: 3.5, 0: 1}, 'gamma': np.float64(1.2915496650148828), 'kernel': 'linear'}",0.54375,0.85,0.59375,0.7346938775510203,0.37857142857142856,0.6201530612244898,0.1617686301549451,1281
0.0014045238494873047,0.0004874867908902828,0.0034028053283691405,0.0008603055994270384,46.41588833612777,2000,"{1: 3.5, 0: 1}",10.0,linear,"{'C': np.float64(46.41588833612777), 'cache_size': 2000, 'class_weight': {1: 3.5, 0: 1}, 'gamma': np.float64(10.0), 'kernel': 'linear'}",0.54375,0.85,0.59375,0.7346938775510203,0.37857142857142856,0.6201530612244898,0.1617686301549451,1281
0.0015014171600341796,0.00044793009059873595,0.002706432342529297,0.0006071614851932376,46.41588833612777,2000,"{1: 3.5, 0: 1}",0.46415888336127775,linear,"{'C': np.float64(46.41588833612777), 'cache_size': 2000, 'class_weight': {1: 3.5, 0: 1}, 'gamma': np.float64(0.46415888336127775), 'kernel': 'linear'}",0.54375,0.85,0.59375,0.7346938775510203,0.37857142857142856,0.6201530612244898,0.1617686301549451,1281
0.0020026206970214845,0.0003163698513372659,0.002302885055541992,0.0004007873472342857,46.41588833612777,2000,"{1: 3.5, 0: 1}",3.593813663804626,linear,"{'C': np.float64(46.41588833612777), 'cache_size': 2000, 'class_weight': {1: 3.5, 0: 1}, 'gamma': np.float64(3.593813663804626), 'kernel': 'linear'}",0.54375,0.85,0.59375,0.7346938775510203,0.37857142857142856,0.6201530612244898,0.1617686301549451,1281
0.0017049789428710937,0.0006053557569597167,0.002101898193359375,0.000202061511062968,46.41588833612777,2000,"{1: 3.5, 0: 1}",0.001,linear,"{'C': np.float64(46.41588833612777), 'cache_size': 2000, 'class_weight': {1: 3.5, 0: 1}, 'gamma': np.float64(0.001), 'kernel': 'linear'}",0.54375,0.85,0.59375,0.7346938775510203,0.37857142857142856,0.6201530612244898,0.1617686301549451,1281
0.0015024185180664063,0.0004474535214824971,0.002402925491333008,0.00037459207268463715,46.41588833612777,2000,"{1: 3.5, 0: 1}",0.1668100537200059,linear,"{'C': np.float64(46.41588833612777), 'cache_size': 2000, 'class_weight': {1: 3.5, 0: 1}, 'gamma': np.float64(0.1668100537200059), 'kernel': 'linear'}",0.54375,0.85,0.59375,0.7346938775510203,0.37857142857142856,0.6201530612244898,0.1617686301549451,1281
0.0018030166625976562,0.00024360828738048912,0.0019056320190429688,0.0002010188128234274,46.41588833612777,2000,"{1: 3.5, 0: 1}",0.05994842503189409,linear,"{'C': np.float64(46.41588833612777), 'cache_size': 2000, 'class_weight': {1: 3.5, 0: 1}, 'gamma': np.float64(0.05994842503189409), 'kernel': 'linear'}",0.54375,0.85,0.59375,0.7346938775510203,0.37857142857142856,0.6201530612244898,0.1617686301549451,1281
0.0015018939971923827,0.0004481965318477763,0.002105569839477539,0.0004972832875585533,46.41588833612777,2000,"{1: 3.5, 0: 1}",0.0027825594022071257,linear,"{'C': np.float64(46.41588833612777), 'cache_size': 2000, 'class_weight': {1: 3.5, 0: 1}, 'gamma': np.float64(0.0027825594022071257), 'kernel': 'linear'}",0.54375,0.85,0.59375,0.7346938775510203,0.37857142857142856,0.6201530612244898,0.1617686301549451,1281
0.0018052101135253907,0.0005146590858317319,0.0017020225524902344,0.00040021171362369137,46.41588833612777,2000,"{1: 3.5, 0: 1}",0.021544346900318832,linear,"{'C': np.float64(46.41588833612777), 'cache_size': 2000, 'class_weight': {1: 3.5, 0: 1}, 'gamma': np.float64(0.021544346900318832), 'kernel': 'linear'}",0.54375,0.85,0.59375,0.7346938775510203,0.37857142857142856,0.6201530612244898,0.1617686301549451,1281
0.0014020919799804688,0.00037473219441891924,0.002309274673461914,0.00040888566386351494,46.41588833612777,2000,"{1: 3.5, 0: 1}",0.007742636826811269,linear,"{'C': np.float64(46.41588833612777), 'cache_size': 2000, 'class_weight': {1: 3.5, 0: 1}, 'gamma': np.float64(0.007742636826811269), 'kernel': 'linear'}",0.54375,0.85,0.59375,0.7346938775510203,0.37857142857142856,0.6201530612244898,0.1617686301549451,1281
0.001601839065551758,0.000584315494862483,0.0033116817474365236,0.0006084821130195913,0.774263682681127,2000,"{1: 3.5, 0: 1}",0.0027825594022071257,rbf,"{'C': np.float64(0.774263682681127), 'cache_size': 2000, 'class_weight': {1: 3.5, 0: 1}, 'gamma': np.float64(0.0027825594022071257), 'kernel': 'rbf'}",0.6625,0.7875000000000001,0.5,0.6258503401360545,0.5214285714285715,0.6194557823129252,0.10393418316017611,1291
0.001602029800415039,0.0004906450597315424,0.0026025772094726562,0.00037347385753378224,129.15496650148827,2000,"{1: 2, 0: 1}",0.1668100537200059,rbf,"{'C': np.float64(129.15496650148827), 'cache_size': 2000, 'class_weight': {1: 2, 0: 1}, 'gamma': np.float64(0.1668100537200059), 'kernel': 'rbf'}",0.5375,0.7562500000000001,0.6875,0.7959183673469388,0.3142857142857142,0.6182908163265306,0.1756817875681257,1292
0.001802539825439453,0.0006778853053626659,0.0023049831390380858,0.00039769672348946035,16.68100537200059,2000,"{1: 3, 0: 1}",1.2915496650148828,sigmoid,"{'C': np.float64(16.68100537200059), 'cache_size': 2000, 'class_weight': {1: 3, 0: 1}, 'gamma': np.float64(1.2915496650148828), 'kernel': 'sigmoid'}",0.5625,0.80625,0.6125,0.7278911564625851,0.37857142857142856,0.6175425170068027,0.14693510345153438,1293
0.003302335739135742,0.0018874134219141901,0.0049113273620605465,0.0022715257852489903,359.38136638046257,2000,"{1: 3, 0: 1}",0.05994842503189409,sigmoid,"{'C': np.float64(359.38136638046257), 'cache_size': 2000, 'class_weight': {1: 3, 0: 1}, 'gamma': np.float64(0.05994842503189409), 'kernel': 'sigmoid'}",0.5625,0.80625,0.6125,0.7278911564625851,0.37857142857142856,0.6175425170068027,0.14693510345153438,1293
0.0018018245697021484,0.0005103547272424846,0.0026108264923095704,0.000498457535276218,129.15496650148827,2000,"{1: 3, 0: 1}",0.1668100537200059,sigmoid,"{'C': np.float64(129.15496650148827), 'cache_size': 2000, 'class_weight': {1: 3, 0: 1}, 'gamma': np.float64(0.1668100537200059), 'kernel': 'sigmoid'}",0.5625,0.80625,0.6125,0.7278911564625851,0.37857142857142856,0.6175425170068027,0.14693510345153438,1293
0.001501750946044922,0.0006339955810063889,0.0023056507110595704,0.00040209004901288936,1000.0,2000,"{1: 3, 0: 1}",0.021544346900318832,sigmoid,"{'C': np.float64(1000.0), 'cache_size': 2000, 'class_weight': {1: 3, 0: 1}, 'gamma': np.float64(0.021544346900318832), 'kernel': 'sigmoid'}",0.5625,0.80625,0.6125,0.7278911564625851,0.37857142857142856,0.6175425170068027,0.14693510345153438,1293
0.001905679702758789,0.00020020103346468656,0.002403402328491211,0.0008598116109026541,46.41588833612777,2000,"{1: 3, 0: 1}",0.46415888336127775,sigmoid,"{'C': np.float64(46.41588833612777), 'cache_size': 2000, 'class_weight': {1: 3, 0: 1}, 'gamma': np.float64(0.46415888336127775), 'kernel': 'sigmoid'}",0.5625,0.80625,0.6125,0.7278911564625851,0.37857142857142856,0.6175425170068027,0.14693510345153438,1293
0.0030065059661865236,0.0013121243881608487,0.0027024269104003905,0.00040003859431455365,1000.0,2000,"{1: 2, 0: 1}",1.2915496650148828,sigmoid,"{'C': np.float64(1000.0), 'cache_size': 2000, 'class_weight': {1: 2, 0: 1}, 'gamma': np.float64(1.2915496650148828), 'kernel': 'sigmoid'}",0.6312500000000001,0.71875,0.66875,0.7687074829931972,0.3,0.6174914965986394,0.1653705778254396,1298
0.002108478546142578,0.00020697987867373047,0.002702188491821289,0.0006005938138629465,46.41588833612777,2000,"{1: 2, 0: 1}",0.46415888336127775,rbf,"{'C': np.float64(46.41588833612777), 'cache_size': 2000, 'class_weight': {1: 2, 0: 1}, 'gamma': np.float64(0.46415888336127775), 'kernel': 'rbf'}",0.50625,0.775,0.6875,0.7891156462585034,0.3285714285714285,0.6172874149659864,0.1760762539165889,1299
0.0024019718170166016,0.0010686138343212065,0.0021090984344482424,0.00019815830855210635,46.41588833612777,2000,"{1: 2, 0: 1}",1.2915496650148828,sigmoid,"{'C': np.float64(46.41588833612777), 'cache_size': 2000, 'class_weight': {1: 2, 0: 1}, 'gamma': np.float64(1.2915496650148828), 'kernel': 'sigmoid'}",0.525,0.7749999999999999,0.68125,0.782312925170068,0.3214285714285714,0.6169982993197278,0.17449750433835895,1300
0.0024065017700195313,0.0005874369161702116,0.001787281036376953,0.0002632244598731626,2.1544346900318834,2000,"{1: 3.5, 0: 1}",0.001,rbf,"{'C': np.float64(2.1544346900318834), 'cache_size': 2000, 'class_weight': {1: 3.5, 0: 1}, 'gamma': np.float64(0.001), 'kernel': 'rbf'}",0.65625,0.79375,0.5,0.6122448979591837,0.5214285714285715,0.616734693877551,0.10547633101118865,1301
0.0023108482360839843,0.0005125795094164707,0.002405881881713867,0.0004951756101027667,1000.0,2000,"{1: 3.5, 0: 1}",0.05994842503189409,rbf,"{'C': np.float64(1000.0), 'cache_size': 2000, 'class_weight': {1: 3.5, 0: 1}, 'gamma': np.float64(0.05994842503189409), 'kernel': 'rbf'}",0.5375,0.85,0.61875,0.7482993197278911,0.32857142857142857,0.616624149659864,0.1794670768469485,1302
0.0021054744720458984,0.0004881464457320655,0.0016013145446777343,0.0004906429743468155,1000.0,2000,"{1: 2, 0: 1}",0.46415888336127775,sigmoid,"{'C': np.float64(1000.0), 'cache_size': 2000, 'class_weight': {1: 2, 0: 1}, 'gamma': np.float64(0.46415888336127775), 'kernel': 'sigmoid'}",0.5,0.79375,0.7125,0.7687074829931974,0.30714285714285716,0.6164200680272109,0.18605092865678352,1303
0.0021044254302978516,0.00020028140407392866,0.002104949951171875,0.0002070968281292306,359.38136638046257,2000,"{1: 2, 0: 1}",1.2915496650148828,sigmoid,"{'C': np.float64(359.38136638046257), 'cache_size': 2000, 'class_weight': {1: 2, 0: 1}, 'gamma': np.float64(1.2915496650148828), 'kernel': 'sigmoid'}",0.50625,0.7875,0.71875,0.7551020408163266,0.3142857142857143,0.6163775510204083,0.18021933871784326,1304
0.001702117919921875,0.00040034344209975784,0.002706480026245117,0.0007474759640305325,1000.0,2000,"{1: 3, 0: 1}",0.05994842503189409,rbf,"{'C': np.float64(1000.0), 'cache_size': 2000, 'class_weight': {1: 3, 0: 1}, 'gamma': np.float64(0.05994842503189409), 'kernel': 'rbf'}",0.5437500000000001,0.8062499999999999,0.6187499999999999,0.7551020408163266,0.35714285714285715,0.6161989795918368,0.15986174508183024,1305
0.0016005992889404296,0.0004898631141506515,0.0023041725158691405,0.0006767587462248233,5.994842503189409,2000,"{1: 2, 0: 1}",10.0,sigmoid,"{'C': np.float64(5.994842503189409), 'cache_size': 2000, 'class_weight': {1: 2, 0: 1}, 'gamma': np.float64(10.0), 'kernel': 'sigmoid'}",0.60625,0.575,0.70625,0.727891156462585,0.4642857142857143,0.6159353741496598,0.09534983954032428,1306
0.003005790710449219,0.0010957869826642192,0.00210113525390625,0.00020101083836479163,359.38136638046257,2000,balanced,3.593813663804626,sigmoid,"{'C': np.float64(359.38136638046257), 'cache_size': 2000, 'class_weight': 'balanced', 'gamma': np.float64(3.593813663804626), 'kernel': 'sigmoid'}",0.6499999999999999,0.56875,0.7125,0.761904761904762,0.3857142857142857,0.6157738095238094,0.13192442263653031,1307
0.001402139663696289,0.0003746805735248076,0.0020042896270751954,6.5077354577499856e-06,46.41588833612777,2000,"{1: 2, 0: 1}",1.2915496650148828,linear,"{'C': np.float64(46.41588833612777), 'cache_size': 2000, 'class_weight': {1: 2, 0: 1}, 'gamma': np.float64(1.2915496650148828), 'kernel': 'linear'}",0.5375,0.74375,0.69375,0.7891156462585034,0.3142857142857142,0.6156802721088435,0.17293201037052627,1308
0.00200653076171875,0.0005529342292781675,0.002601480484008789,0.0010200112538032665,46.41588833612777,2000,"{1: 2, 0: 1}",0.1668100537200059,linear,"{'C': np.float64(46.41588833612777), 'cache_size': 2000, 'class_weight': {1: 2, 0: 1}, 'gamma': np.float64(0.1668100537200059), 'kernel': 'linear'}",0.5375,0.74375,0.69375,0.7891156462585034,0.3142857142857142,0.6156802721088435,0.17293201037052627,1308
0.0021051883697509764,0.00020864104532378582,0.001806020736694336,0.0005153066014049728,46.41588833612777,2000,"{1: 2, 0: 1}",0.001,linear,"{'C': np.float64(46.41588833612777), 'cache_size': 2000, 'class_weight': {1: 2, 0: 1}, 'gamma': np.float64(0.001), 'kernel': 'linear'}",0.5375,0.74375,0.69375,0.7891156462585034,0.3142857142857142,0.6156802721088435,0.17293201037052627,1308
0.0020010948181152345,0.0006324856825655549,0.002607107162475586,0.0005916853432715824,46.41588833612777,2000,"{1: 2, 0: 1}",0.46415888336127775,linear,"{'C': np.float64(46.41588833612777), 'cache_size': 2000, 'class_weight': {1: 2, 0: 1}, 'gamma': np.float64(0.46415888336127775), 'kernel': 'linear'}",0.5375,0.74375,0.69375,0.7891156462585034,0.3142857142857142,0.6156802721088435,0.17293201037052627,1308
0.002104949951171875,0.0011147135708973075,0.0027025222778320314,0.0004002239851188216,46.41588833612777,2000,"{1: 2, 0: 1}",0.0027825594022071257,linear,"{'C': np.float64(46.41588833612777), 'cache_size': 2000, 'class_weight': {1: 2, 0: 1}, 'gamma': np.float64(0.0027825594022071257), 'kernel': 'linear'}",0.5375,0.74375,0.69375,0.7891156462585034,0.3142857142857142,0.6156802721088435,0.17293201037052627,1308
0.0013010501861572266,0.0004000098219172401,0.0021059513092041016,0.0002080248761131997,46.41588833612777,2000,"{1: 2, 0: 1}",0.007742636826811269,linear,"{'C': np.float64(46.41588833612777), 'cache_size': 2000, 'class_weight': {1: 2, 0: 1}, 'gamma': np.float64(0.007742636826811269), 'kernel': 'linear'}",0.5375,0.74375,0.69375,0.7891156462585034,0.3142857142857142,0.6156802721088435,0.17293201037052627,1308
0.0031035423278808595,0.0023559433412509287,0.002805185317993164,0.0007487295084190083,46.41588833612777,2000,"{1: 2, 0: 1}",0.05994842503189409,linear,"{'C': np.float64(46.41588833612777), 'cache_size': 2000, 'class_weight': {1: 2, 0: 1}, 'gamma': np.float64(0.05994842503189409), 'kernel': 'linear'}",0.5375,0.74375,0.69375,0.7891156462585034,0.3142857142857142,0.6156802721088435,0.17293201037052627,1308
0.0019014358520507812,0.00019874732919292906,0.006818056106567383,0.008884490978206082,46.41588833612777,2000,"{1: 2, 0: 1}",0.021544346900318832,linear,"{'C': np.float64(46.41588833612777), 'cache_size': 2000, 'class_weight': {1: 2, 0: 1}, 'gamma': np.float64(0.021544346900318832), 'kernel': 'linear'}",0.5375,0.74375,0.69375,0.7891156462585034,0.3142857142857142,0.6156802721088435,0.17293201037052627,1308
0.0018002510070800782,0.0007486978947333448,0.0025214195251464845,0.0005565254212204986,46.41588833612777,2000,"{1: 2, 0: 1}",3.593813663804626,linear,"{'C': np.float64(46.41588833612777), 'cache_size': 2000, 'class_weight': {1: 2, 0: 1}, 'gamma': np.float64(3.593813663804626), 'kernel': 'linear'}",0.5375,0.74375,0.69375,0.7891156462585034,0.3142857142857142,0.6156802721088435,0.17293201037052627,1308
0.0018023014068603515,0.000677390150918163,0.0024085044860839844,0.0008652446285821507,46.41588833612777,2000,"{1: 2, 0: 1}",10.0,linear,"{'C': np.float64(46.41588833612777), 'cache_size': 2000, 'class_weight': {1: 2, 0: 1}, 'gamma': np.float64(10.0), 'kernel': 'linear'}",0.5375,0.74375,0.69375,0.7891156462585034,0.3142857142857142,0.6156802721088435,0.17293201037052627,1308
0.002406024932861328,0.0003760707260470878,0.002200889587402344,0.0003995674145384663,46.41588833612777,2000,balanced,0.05994842503189409,linear,"{'C': np.float64(46.41588833612777), 'cache_size': 2000, 'class_weight': 'balanced', 'gamma': np.float64(0.05994842503189409), 'kernel': 'linear'}",0.525,0.775,0.625,0.7755102040816325,0.37142857142857133,0.6143877551020408,0.15420031920302793,1318
0.001905059814453125,0.0004948054570539374,0.0038036346435546876,0.003858155548897649,46.41588833612777,2000,balanced,10.0,linear,"{'C': np.float64(46.41588833612777), 'cache_size': 2000, 'class_weight': 'balanced', 'gamma': np.float64(10.0), 'kernel': 'linear'}",0.525,0.775,0.625,0.7755102040816325,0.37142857142857133,0.6143877551020408,0.15420031920302793,1318
0.0022056102752685547,0.0005082453577681374,0.0022048473358154295,0.00039812274584819396,46.41588833612777,2000,balanced,3.593813663804626,linear,"{'C': np.float64(46.41588833612777), 'cache_size': 2000, 'class_weight': 'balanced', 'gamma': np.float64(3.593813663804626), 'kernel': 'linear'}",0.525,0.775,0.625,0.7755102040816325,0.37142857142857133,0.6143877551020408,0.15420031920302793,1318
0.0020020008087158203,1.877309769156411e-06,0.0026053428649902345,0.0005892829652213084,46.41588833612777,2000,balanced,1.2915496650148828,linear,"{'C': np.float64(46.41588833612777), 'cache_size': 2000, 'class_weight': 'balanced', 'gamma': np.float64(1.2915496650148828), 'kernel': 'linear'}",0.525,0.775,0.625,0.7755102040816325,0.37142857142857133,0.6143877551020408,0.15420031920302793,1318
0.0020069599151611326,0.000627692058509565,0.004204559326171875,0.0008152576163662861,46.41588833612777,2000,balanced,0.0027825594022071257,linear,"{'C': np.float64(46.41588833612777), 'cache_size': 2000, 'class_weight': 'balanced', 'gamma': np.float64(0.0027825594022071257), 'kernel': 'linear'}",0.525,0.775,0.625,0.7755102040816325,0.37142857142857133,0.6143877551020408,0.15420031920302793,1318
0.0023059844970703125,0.0009811017985032085,0.0027024269104003905,0.0008728691071460882,46.41588833612777,2000,balanced,0.46415888336127775,linear,"{'C': np.float64(46.41588833612777), 'cache_size': 2000, 'class_weight': 'balanced', 'gamma': np.float64(0.46415888336127775), 'kernel': 'linear'}",0.525,0.775,0.625,0.7755102040816325,0.37142857142857133,0.6143877551020408,0.15420031920302793,1318
0.0032056331634521484,0.0012070746145327151,0.0071124076843261715,0.009000261148274503,46.41588833612777,2000,balanced,0.1668100537200059,linear,"{'C': np.float64(46.41588833612777), 'cache_size': 2000, 'class_weight': 'balanced', 'gamma': np.float64(0.1668100537200059), 'kernel': 'linear'}",0.525,0.775,0.625,0.7755102040816325,0.37142857142857133,0.6143877551020408,0.15420031920302793,1318
0.002201414108276367,0.0007488131552547974,0.0025104999542236326,0.000846838325177094,46.41588833612777,2000,balanced,0.001,linear,"{'C': np.float64(46.41588833612777), 'cache_size': 2000, 'class_weight': 'balanced', 'gamma': np.float64(0.001), 'kernel': 'linear'}",0.525,0.775,0.625,0.7755102040816325,0.37142857142857133,0.6143877551020408,0.15420031920302793,1318
0.004712486267089843,0.0005079457911246353,0.0031024456024169923,0.00149781120548509,46.41588833612777,2000,balanced,0.007742636826811269,linear,"{'C': np.float64(46.41588833612777), 'cache_size': 2000, 'class_weight': 'balanced', 'gamma': np.float64(0.007742636826811269), 'kernel': 'linear'}",0.525,0.775,0.625,0.7755102040816325,0.37142857142857133,0.6143877551020408,0.15420031920302793,1318
0.0025074005126953123,0.0011418216321178998,0.0029067039489746095,0.0013549837913021385,46.41588833612777,2000,balanced,0.021544346900318832,linear,"{'C': np.float64(46.41588833612777), 'cache_size': 2000, 'class_weight': 'balanced', 'gamma': np.float64(0.021544346900318832), 'kernel': 'linear'}",0.525,0.775,0.625,0.7755102040816325,0.37142857142857133,0.6143877551020408,0.15420031920302793,1318
0.0015018463134765625,0.00044771909860386505,0.002706098556518555,0.0008761142504813076,46.41588833612777,2000,"{1: 3.5, 0: 1}",3.593813663804626,sigmoid,"{'C': np.float64(46.41588833612777), 'cache_size': 2000, 'class_weight': {1: 3.5, 0: 1}, 'gamma': np.float64(3.593813663804626), 'kernel': 'sigmoid'}",0.64375,0.7562500000000001,0.7,0.7210884353741498,0.25,0.6142176870748299,0.18573089191223452,1328
0.002005910873413086,0.00032086866641138737,0.003002786636352539,0.0010944986188719636,129.15496650148827,2000,balanced,0.1668100537200059,rbf,"{'C': np.float64(129.15496650148827), 'cache_size': 2000, 'class_weight': 'balanced', 'gamma': np.float64(0.1668100537200059), 'kernel': 'rbf'}",0.51875,0.79375,0.625,0.7755102040816325,0.3571428571428571,0.614030612244898,0.16344097293743548,1329
0.0018247127532958984,0.0007357354385705619,0.0033075809478759766,0.0012118035896785907,0.2782559402207124,2000,"{1: 3.5, 0: 1}",0.007742636826811269,rbf,"{'C': np.float64(0.2782559402207124), 'cache_size': 2000, 'class_weight': {1: 3.5, 0: 1}, 'gamma': np.float64(0.007742636826811269), 'kernel': 'rbf'}",0.65,0.7812500000000001,0.5,0.6122448979591837,0.5214285714285715,0.6129846938775511,0.10082852576361256,1330
0.002507305145263672,0.0005502724482189525,0.002604770660400391,0.0007975599661121934,359.38136638046257,2000,balanced,0.05994842503189409,rbf,"{'C': np.float64(359.38136638046257), 'cache_size': 2000, 'class_weight': 'balanced', 'gamma': np.float64(0.05994842503189409), 'kernel': 'rbf'}",0.51875,0.78125,0.625,0.7755102040816325,0.3642857142857142,0.6129591836734694,0.15849509709713966,1331
0.0033069133758544924,0.0016374309420229122,0.0026051998138427734,0.000802245196065637,359.38136638046257,2000,"{1: 2, 0: 1}",3.593813663804626,sigmoid,"{'C': np.float64(359.38136638046257), 'cache_size': 2000, 'class_weight': {1: 2, 0: 1}, 'gamma': np.float64(3.593813663804626), 'kernel': 'sigmoid'}",0.6375,0.58125,0.71875,0.7551020408163265,0.3714285714285714,0.6128061224489796,0.13515985510770703,1332
0.0014019489288330078,0.000489260331734091,0.0026058197021484376,0.00037715846708204215,129.15496650148827,2000,"{1: 3.5, 0: 1}",0.05994842503189409,linear,"{'C': np.float64(129.15496650148827), 'cache_size': 2000, 'class_weight': {1: 3.5, 0: 1}, 'gamma': np.float64(0.05994842503189409), 'kernel': 'linear'}",0.53125,0.84375,0.6187499999999999,0.7482993197278911,0.3214285714285714,0.6126955782312924,0.180710280844753,1333
0.0024019718170166016,0.000489474808476591,0.002606105804443359,0.00037269387298301384,129.15496650148827,2000,"{1: 3.5, 0: 1}",0.46415888336127775,linear,"{'C': np.float64(129.15496650148827), 'cache_size': 2000, 'class_weight': {1: 3.5, 0: 1}, 'gamma': np.float64(0.46415888336127775), 'kernel': 'linear'}",0.53125,0.84375,0.6187499999999999,0.7482993197278911,0.3214285714285714,0.6126955782312924,0.180710280844753,1333
0.0019044876098632812,0.00020049230585719133,0.003507232666015625,0.0013836856072080856,129.15496650148827,2000,"{1: 3.5, 0: 1}",0.1668100537200059,linear,"{'C': np.float64(129.15496650148827), 'cache_size': 2000, 'class_weight': {1: 3.5, 0: 1}, 'gamma': np.float64(0.1668100537200059), 'kernel': 'linear'}",0.53125,0.84375,0.6187499999999999,0.7482993197278911,0.3214285714285714,0.6126955782312924,0.180710280844753,1333
0.0013021469116210938,0.0003999618045783032,0.002505970001220703,0.0007070542507361916,129.15496650148827,2000,"{1: 3.5, 0: 1}",0.007742636826811269,linear,"{'C': np.float64(129.15496650148827), 'cache_size': 2000, 'class_weight': {1: 3.5, 0: 1}, 'gamma': np.float64(0.007742636826811269), 'kernel': 'linear'}",0.53125,0.84375,0.6187499999999999,0.7482993197278911,0.3214285714285714,0.6126955782312924,0.180710280844753,1333
0.0023018836975097655,0.00040016586262498085,0.0021129608154296874,0.0005098804726966975,129.15496650148827,2000,"{1: 3.5, 0: 1}",3.593813663804626,linear,"{'C': np.float64(129.15496650148827), 'cache_size': 2000, 'class_weight': {1: 3.5, 0: 1}, 'gamma': np.float64(3.593813663804626), 'kernel': 'linear'}",0.53125,0.84375,0.6187499999999999,0.7482993197278911,0.3214285714285714,0.6126955782312924,0.180710280844753,1333
0.0014005661010742187,0.000800442715146794,0.002907848358154297,0.0007336360520816017,129.15496650148827,2000,"{1: 3.5, 0: 1}",10.0,linear,"{'C': np.float64(129.15496650148827), 'cache_size': 2000, 'class_weight': {1: 3.5, 0: 1}, 'gamma': np.float64(10.0), 'kernel': 'linear'}",0.53125,0.84375,0.6187499999999999,0.7482993197278911,0.3214285714285714,0.6126955782312924,0.180710280844753,1333
0.0019057750701904296,0.000200544330551607,0.0024066925048828124,0.0005938835114761908,129.15496650148827,2000,"{1: 3.5, 0: 1}",0.021544346900318832,linear,"{'C': np.float64(129.15496650148827), 'cache_size': 2000, 'class_weight': {1: 3.5, 0: 1}, 'gamma': np.float64(0.021544346900318832), 'kernel': 'linear'}",0.53125,0.84375,0.6187499999999999,0.7482993197278911,0.3214285714285714,0.6126955782312924,0.180710280844753,1333
0.0028014183044433594,0.0007488395476484827,0.006414031982421875,0.005854854402566873,129.15496650148827,2000,"{1: 3.5, 0: 1}",1.2915496650148828,linear,"{'C': np.float64(129.15496650148827), 'cache_size': 2000, 'class_weight': {1: 3.5, 0: 1}, 'gamma': np.float64(1.2915496650148828), 'kernel': 'linear'}",0.53125,0.84375,0.6187499999999999,0.7482993197278911,0.3214285714285714,0.6126955782312924,0.180710280844753,1333
0.002807760238647461,0.002391059283006997,0.0022099494934082033,0.0002552686790582691,129.15496650148827,2000,"{1: 3.5, 0: 1}",0.0027825594022071257,linear,"{'C': np.float64(129.15496650148827), 'cache_size': 2000, 'class_weight': {1: 3.5, 0: 1}, 'gamma': np.float64(0.0027825594022071257), 'kernel': 'linear'}",0.53125,0.84375,0.6187499999999999,0.7482993197278911,0.3214285714285714,0.6126955782312924,0.180710280844753,1333
0.0019012451171875,0.0004909741382391449,0.002105903625488281,0.00020058694491245448,129.15496650148827,2000,"{1: 3.5, 0: 1}",0.001,linear,"{'C': np.float64(129.15496650148827), 'cache_size': 2000, 'class_weight': {1: 3.5, 0: 1}, 'gamma': np.float64(0.001), 'kernel': 'linear'}",0.53125,0.84375,0.6187499999999999,0.7482993197278911,0.3214285714285714,0.6126955782312924,0.180710280844753,1333
0.0020026683807373045,2.6523464174601326e-06,0.0028088569641113283,0.0008132067824505605,1000.0,2000,balanced,0.021544346900318832,rbf,"{'C': np.float64(1000.0), 'cache_size': 2000, 'class_weight': 'balanced', 'gamma': np.float64(0.021544346900318832), 'kernel': 'rbf'}",0.51875,0.775,0.625,0.7755102040816325,0.3642857142857142,0.6117091836734694,0.15718211973063415,1343
0.0015015125274658204,0.00044659788775357277,0.002005147933959961,8.247215364720897e-06,5.994842503189409,2000,"{1: 3, 0: 1}",3.593813663804626,sigmoid,"{'C': np.float64(5.994842503189409), 'cache_size': 2000, 'class_weight': {1: 3, 0: 1}, 'gamma': np.float64(3.593813663804626), 'kernel': 'sigmoid'}",0.5499999999999999,0.79375,0.59375,0.7278911564625851,0.39285714285714285,0.6116496598639456,0.14047338772302417,1344
0.002202558517456055,0.0005100173074042892,0.002405595779418945,0.0004874555723882039,129.15496650148827,2000,balanced,3.593813663804626,sigmoid,"{'C': np.float64(129.15496650148827), 'cache_size': 2000, 'class_weight': 'balanced', 'gamma': np.float64(3.593813663804626), 'kernel': 'sigmoid'}",0.63125,0.6375,0.725,0.7551020408163265,0.3071428571428571,0.6111989795918367,0.15950089402153614,1345
0.0030147552490234373,0.0013713371629748689,0.002405261993408203,0.0004951910749714953,129.15496650148827,2000,balanced,0.46415888336127775,sigmoid,"{'C': np.float64(129.15496650148827), 'cache_size': 2000, 'class_weight': 'balanced', 'gamma': np.float64(0.46415888336127775), 'kernel': 'sigmoid'}",0.5375000000000001,0.7374999999999999,0.64375,0.7687074829931972,0.3642857142857143,0.6103486394557823,0.14711528140527547,1346
0.001801300048828125,0.00040056868313234227,0.002606964111328125,0.0007343976434812192,359.38136638046257,2000,balanced,0.1668100537200059,sigmoid,"{'C': np.float64(359.38136638046257), 'cache_size': 2000, 'class_weight': 'balanced', 'gamma': np.float64(0.1668100537200059), 'kernel': 'sigmoid'}",0.5375000000000001,0.7374999999999999,0.64375,0.7687074829931972,0.3642857142857143,0.6103486394557823,0.14711528140527547,1346
0.002001523971557617,0.000633541108716669,0.002907276153564453,0.0007377682390252259,1000.0,2000,balanced,0.05994842503189409,sigmoid,"{'C': np.float64(1000.0), 'cache_size': 2000, 'class_weight': 'balanced', 'gamma': np.float64(0.05994842503189409), 'kernel': 'sigmoid'}",0.5375000000000001,0.7374999999999999,0.64375,0.7687074829931972,0.3642857142857143,0.6103486394557823,0.14711528140527547,1346
0.0024026870727539063,0.0010702896613577074,0.0027054309844970702,0.0008705578348070334,129.15496650148827,2000,"{1: 3, 0: 1}",3.593813663804626,sigmoid,"{'C': np.float64(129.15496650148827), 'cache_size': 2000, 'class_weight': {1: 3, 0: 1}, 'gamma': np.float64(3.593813663804626), 'kernel': 'sigmoid'}",0.65,0.6062500000000001,0.71875,0.7551020408163265,0.3214285714285714,0.6103061224489796,0.15347197013269176,1349
0.0026023387908935547,0.0011584563812057,0.002509307861328125,0.0006413108149535855,359.38136638046257,2000,"{1: 3, 0: 1}",1.2915496650148828,linear,"{'C': np.float64(359.38136638046257), 'cache_size': 2000, 'class_weight': {1: 3, 0: 1}, 'gamma': np.float64(1.2915496650148828), 'kernel': 'linear'}",0.5249999999999999,0.8062499999999999,0.6312500000000001,0.7278911564625851,0.35714285714285715,0.6095068027210885,0.15749569406697037,1350
0.0019028663635253906,0.00019864233635325242,0.002803993225097656,0.0011719384038898102,359.38136638046257,2000,"{1: 3, 0: 1}",10.0,linear,"{'C': np.float64(359.38136638046257), 'cache_size': 2000, 'class_weight': {1: 3, 0: 1}, 'gamma': np.float64(10.0), 'kernel': 'linear'}",0.5249999999999999,0.8062499999999999,0.6312500000000001,0.7278911564625851,0.35714285714285715,0.6095068027210885,0.15749569406697037,1350
0.001802825927734375,0.00024228614508027004,0.0024076461791992187,0.0004842059728114394,359.38136638046257,2000,"{1: 3, 0: 1}",3.593813663804626,linear,"{'C': np.float64(359.38136638046257), 'cache_size': 2000, 'class_weight': {1: 3, 0: 1}, 'gamma': np.float64(3.593813663804626), 'kernel': 'linear'}",0.5249999999999999,0.8062499999999999,0.6312500000000001,0.7278911564625851,0.35714285714285715,0.6095068027210885,0.15749569406697037,1350
0.0038063526153564453,0.0017493057788051357,0.0025064945220947266,0.0011908926930118023,359.38136638046257,2000,"{1: 3, 0: 1}",0.007742636826811269,linear,"{'C': np.float64(359.38136638046257), 'cache_size': 2000, 'class_weight': {1: 3, 0: 1}, 'gamma': np.float64(0.007742636826811269), 'kernel': 'linear'}",0.5249999999999999,0.8062499999999999,0.6312500000000001,0.7278911564625851,0.35714285714285715,0.6095068027210885,0.15749569406697037,1350
0.0032032012939453127,0.001367063736595733,0.004819154739379883,0.003295405106606024,359.38136638046257,2000,"{1: 3, 0: 1}",0.001,linear,"{'C': np.float64(359.38136638046257), 'cache_size': 2000, 'class_weight': {1: 3, 0: 1}, 'gamma': np.float64(0.001), 'kernel': 'linear'}",0.5249999999999999,0.8062499999999999,0.6312500000000001,0.7278911564625851,0.35714285714285715,0.6095068027210885,0.15749569406697037,1350
0.002807331085205078,0.0006825007308164244,0.0033019065856933595,0.0016631849409284314,359.38136638046257,2000,"{1: 3, 0: 1}",0.021544346900318832,linear,"{'C': np.float64(359.38136638046257), 'cache_size': 2000, 'class_weight': {1: 3, 0: 1}, 'gamma': np.float64(0.021544346900318832), 'kernel': 'linear'}",0.5249999999999999,0.8062499999999999,0.6312500000000001,0.7278911564625851,0.35714285714285715,0.6095068027210885,0.15749569406697037,1350
0.0029141902923583984,0.0005040131093284139,0.003103208541870117,0.0024579648418805978,359.38136638046257,2000,"{1: 3, 0: 1}",0.1668100537200059,linear,"{'C': np.float64(359.38136638046257), 'cache_size': 2000, 'class_weight': {1: 3, 0: 1}, 'gamma': np.float64(0.1668100537200059), 'kernel': 'linear'}",0.5249999999999999,0.8062499999999999,0.6312500000000001,0.7278911564625851,0.35714285714285715,0.6095068027210885,0.15749569406697037,1350
0.0019012451171875,0.0004909251622063333,0.0029083728790283204,0.0005880960202347985,359.38136638046257,2000,"{1: 3, 0: 1}",0.46415888336127775,linear,"{'C': np.float64(359.38136638046257), 'cache_size': 2000, 'class_weight': {1: 3, 0: 1}, 'gamma': np.float64(0.46415888336127775), 'kernel': 'linear'}",0.5249999999999999,0.8062499999999999,0.6312500000000001,0.7278911564625851,0.35714285714285715,0.6095068027210885,0.15749569406697037,1350
0.002606487274169922,0.0008655655956058601,0.002506399154663086,0.0004529371374837459,359.38136638046257,2000,"{1: 3, 0: 1}",0.0027825594022071257,linear,"{'C': np.float64(359.38136638046257), 'cache_size': 2000, 'class_weight': {1: 3, 0: 1}, 'gamma': np.float64(0.0027825594022071257), 'kernel': 'linear'}",0.5249999999999999,0.8062499999999999,0.6312500000000001,0.7278911564625851,0.35714285714285715,0.6095068027210885,0.15749569406697037,1350
0.0026049137115478514,0.0008062571785026376,0.002402591705322266,0.0005823867649038359,359.38136638046257,2000,"{1: 3, 0: 1}",0.05994842503189409,linear,"{'C': np.float64(359.38136638046257), 'cache_size': 2000, 'class_weight': {1: 3, 0: 1}, 'gamma': np.float64(0.05994842503189409), 'kernel': 'linear'}",0.5249999999999999,0.8062499999999999,0.6312500000000001,0.7278911564625851,0.35714285714285715,0.6095068027210885,0.15749569406697037,1350
0.002704286575317383,0.0012530807899173322,0.00310664176940918,0.0010253410397437328,1000.0,2000,"{1: 2, 0: 1}",0.001,linear,"{'C': np.float64(1000.0), 'cache_size': 2000, 'class_weight': {1: 2, 0: 1}, 'gamma': np.float64(0.001), 'kernel': 'linear'}",0.5062500000000001,0.79375,0.6625,0.7755102040816327,0.30714285714285716,0.6090306122448979,0.18242573999939635,1360
0.0031022071838378907,0.0006631995226426338,0.0019054889678955078,0.0004919819551962613,1000.0,2000,"{1: 2, 0: 1}",0.021544346900318832,linear,"{'C': np.float64(1000.0), 'cache_size': 2000, 'class_weight': {1: 2, 0: 1}, 'gamma': np.float64(0.021544346900318832), 'kernel': 'linear'}",0.5062500000000001,0.79375,0.6625,0.7755102040816327,0.30714285714285716,0.6090306122448979,0.18242573999939635,1360
0.0022008419036865234,0.0004007817874842334,0.0021062374114990236,0.0008664465154068935,1000.0,2000,"{1: 2, 0: 1}",0.46415888336127775,linear,"{'C': np.float64(1000.0), 'cache_size': 2000, 'class_weight': {1: 2, 0: 1}, 'gamma': np.float64(0.46415888336127775), 'kernel': 'linear'}",0.5062500000000001,0.79375,0.6625,0.7755102040816327,0.30714285714285716,0.6090306122448979,0.18242573999939635,1360
0.0023015022277832033,0.0004011058091986866,0.0022175788879394533,0.00025976132117567867,1000.0,2000,"{1: 2, 0: 1}",0.1668100537200059,linear,"{'C': np.float64(1000.0), 'cache_size': 2000, 'class_weight': {1: 2, 0: 1}, 'gamma': np.float64(0.1668100537200059), 'kernel': 'linear'}",0.5062500000000001,0.79375,0.6625,0.7755102040816327,0.30714285714285716,0.6090306122448979,0.18242573999939635,1360
0.002005481719970703,0.0006338187164831755,0.002804279327392578,0.0005114003049742617,1000.0,2000,"{1: 2, 0: 1}",10.0,linear,"{'C': np.float64(1000.0), 'cache_size': 2000, 'class_weight': {1: 2, 0: 1}, 'gamma': np.float64(10.0), 'kernel': 'linear'}",0.5062500000000001,0.79375,0.6625,0.7755102040816327,0.30714285714285716,0.6090306122448979,0.18242573999939635,1360
0.004806995391845703,0.0030795864355156366,0.0030145168304443358,0.0013017071057617436,1000.0,2000,"{1: 2, 0: 1}",0.007742636826811269,linear,"{'C': np.float64(1000.0), 'cache_size': 2000, 'class_weight': {1: 2, 0: 1}, 'gamma': np.float64(0.007742636826811269), 'kernel': 'linear'}",0.5062500000000001,0.79375,0.6625,0.7755102040816327,0.30714285714285716,0.6090306122448979,0.18242573999939635,1360
0.0022013187408447266,0.00040066527028250485,0.0037099361419677735,0.0029155161118464726,1000.0,2000,"{1: 2, 0: 1}",3.593813663804626,linear,"{'C': np.float64(1000.0), 'cache_size': 2000, 'class_weight': {1: 2, 0: 1}, 'gamma': np.float64(3.593813663804626), 'kernel': 'linear'}",0.5062500000000001,0.79375,0.6625,0.7755102040816327,0.30714285714285716,0.6090306122448979,0.18242573999939635,1360
0.003503561019897461,0.0008943907733324286,0.0022059917449951173,0.0006777055655637112,1000.0,2000,"{1: 2, 0: 1}",1.2915496650148828,linear,"{'C': np.float64(1000.0), 'cache_size': 2000, 'class_weight': {1: 2, 0: 1}, 'gamma': np.float64(1.2915496650148828), 'kernel': 'linear'}",0.5062500000000001,0.79375,0.6625,0.7755102040816327,0.30714285714285716,0.6090306122448979,0.18242573999939635,1360
0.002401876449584961,0.0004900417543950968,0.002103090286254883,0.0003746792081172096,1000.0,2000,"{1: 2, 0: 1}",0.05994842503189409,linear,"{'C': np.float64(1000.0), 'cache_size': 2000, 'class_weight': {1: 2, 0: 1}, 'gamma': np.float64(0.05994842503189409), 'kernel': 'linear'}",0.5062500000000001,0.79375,0.6625,0.7755102040816327,0.30714285714285716,0.6090306122448979,0.18242573999939635,1360
0.0025092601776123048,0.0003164818402528009,0.0024015426635742186,0.0004900195752490426,1000.0,2000,"{1: 2, 0: 1}",0.0027825594022071257,linear,"{'C': np.float64(1000.0), 'cache_size': 2000, 'class_weight': {1: 2, 0: 1}, 'gamma': np.float64(0.0027825594022071257), 'kernel': 'linear'}",0.5062500000000001,0.79375,0.6625,0.7755102040816327,0.30714285714285716,0.6090306122448979,0.18242573999939635,1360
0.0017019748687744141,0.0003989831196793306,0.002004241943359375,6.432178012434864e-06,359.38136638046257,2000,"{1: 3.5, 0: 1}",0.46415888336127775,sigmoid,"{'C': np.float64(359.38136638046257), 'cache_size': 2000, 'class_weight': {1: 3.5, 0: 1}, 'gamma': np.float64(0.46415888336127775), 'kernel': 'sigmoid'}",0.5249999999999999,0.83125,0.6187499999999999,0.7482993197278911,0.3214285714285714,0.6089455782312925,0.17812789629848602,1370
0.002006673812866211,0.0005466759612661455,0.0025074958801269533,0.0004538975414021472,1000.0,2000,"{1: 3.5, 0: 1}",0.1668100537200059,sigmoid,"{'C': np.float64(1000.0), 'cache_size': 2000, 'class_weight': {1: 3.5, 0: 1}, 'gamma': np.float64(0.1668100537200059), 'kernel': 'sigmoid'}",0.5249999999999999,0.83125,0.6187499999999999,0.7482993197278911,0.3214285714285714,0.6089455782312925,0.17812789629848602,1370
0.0020102977752685545,1.8511724965748403e-05,0.0024023532867431642,0.0008594964896389615,129.15496650148827,2000,"{1: 3, 0: 1}",0.021544346900318832,linear,"{'C': np.float64(129.15496650148827), 'cache_size': 2000, 'class_weight': {1: 3, 0: 1}, 'gamma': np.float64(0.021544346900318832), 'kernel': 'linear'}",0.5375000000000001,0.7999999999999999,0.6125,0.7482993197278911,0.34285714285714286,0.6082312925170068,0.16238156689036132,1372
0.002109718322753906,0.0001978985886697054,0.00330204963684082,0.0012500022342990674,129.15496650148827,2000,"{1: 3, 0: 1}",0.0027825594022071257,linear,"{'C': np.float64(129.15496650148827), 'cache_size': 2000, 'class_weight': {1: 3, 0: 1}, 'gamma': np.float64(0.0027825594022071257), 'kernel': 'linear'}",0.5375000000000001,0.7999999999999999,0.6125,0.7482993197278911,0.34285714285714286,0.6082312925170068,0.16238156689036132,1372
0.0016022205352783203,0.0005838822695219588,0.002105045318603516,0.00019975700567786565,129.15496650148827,2000,"{1: 3, 0: 1}",0.007742636826811269,linear,"{'C': np.float64(129.15496650148827), 'cache_size': 2000, 'class_weight': {1: 3, 0: 1}, 'gamma': np.float64(0.007742636826811269), 'kernel': 'linear'}",0.5375000000000001,0.7999999999999999,0.6125,0.7482993197278911,0.34285714285714286,0.6082312925170068,0.16238156689036132,1372
0.0017018795013427734,0.000400168646788344,0.0021049976348876953,0.0004955923682173205,129.15496650148827,2000,"{1: 3, 0: 1}",0.05994842503189409,linear,"{'C': np.float64(129.15496650148827), 'cache_size': 2000, 'class_weight': {1: 3, 0: 1}, 'gamma': np.float64(0.05994842503189409), 'kernel': 'linear'}",0.5375000000000001,0.7999999999999999,0.6125,0.7482993197278911,0.34285714285714286,0.6082312925170068,0.16238156689036132,1372
0.0023047924041748047,0.0008772755772784715,0.003403043746948242,0.0011578887934491425,129.15496650148827,2000,"{1: 3, 0: 1}",0.001,linear,"{'C': np.float64(129.15496650148827), 'cache_size': 2000, 'class_weight': {1: 3, 0: 1}, 'gamma': np.float64(0.001), 'kernel': 'linear'}",0.5375000000000001,0.7999999999999999,0.6125,0.7482993197278911,0.34285714285714286,0.6082312925170068,0.16238156689036132,1372
0.002002382278442383,0.0009506504111587699,0.0023093223571777344,0.0006072877001814062,129.15496650148827,2000,"{1: 3, 0: 1}",0.46415888336127775,linear,"{'C': np.float64(129.15496650148827), 'cache_size': 2000, 'class_weight': {1: 3, 0: 1}, 'gamma': np.float64(0.46415888336127775), 'kernel': 'linear'}",0.5375000000000001,0.7999999999999999,0.6125,0.7482993197278911,0.34285714285714286,0.6082312925170068,0.16238156689036132,1372
0.002314186096191406,0.0004086732746151194,0.0057085990905761715,0.007665961055234894,129.15496650148827,2000,"{1: 3, 0: 1}",0.1668100537200059,linear,"{'C': np.float64(129.15496650148827), 'cache_size': 2000, 'class_weight': {1: 3, 0: 1}, 'gamma': np.float64(0.1668100537200059), 'kernel': 'linear'}",0.5375000000000001,0.7999999999999999,0.6125,0.7482993197278911,0.34285714285714286,0.6082312925170068,0.16238156689036132,1372
0.0017019748687744141,0.00039963888646589365,0.0022040367126464843,0.0003994744551641078,129.15496650148827,2000,"{1: 3, 0: 1}",1.2915496650148828,linear,"{'C': np.float64(129.15496650148827), 'cache_size': 2000, 'class_weight': {1: 3, 0: 1}, 'gamma': np.float64(1.2915496650148828), 'kernel': 'linear'}",0.5375000000000001,0.7999999999999999,0.6125,0.7482993197278911,0.34285714285714286,0.6082312925170068,0.16238156689036132,1372
0.002805662155151367,0.0010364230801436127,0.0034066200256347655,0.0009678308438666502,129.15496650148827,2000,"{1: 3, 0: 1}",10.0,linear,"{'C': np.float64(129.15496650148827), 'cache_size': 2000, 'class_weight': {1: 3, 0: 1}, 'gamma': np.float64(10.0), 'kernel': 'linear'}",0.5375000000000001,0.7999999999999999,0.6125,0.7482993197278911,0.34285714285714286,0.6082312925170068,0.16238156689036132,1372
0.0025053024291992188,0.0013418881775740467,0.0032065868377685546,0.0010323795552912459,129.15496650148827,2000,"{1: 3, 0: 1}",3.593813663804626,linear,"{'C': np.float64(129.15496650148827), 'cache_size': 2000, 'class_weight': {1: 3, 0: 1}, 'gamma': np.float64(3.593813663804626), 'kernel': 'linear'}",0.5375000000000001,0.7999999999999999,0.6125,0.7482993197278911,0.34285714285714286,0.6082312925170068,0.16238156689036132,1372
0.0021056652069091795,0.00020888245628612764,0.002000761032104492,8.714517060516866e-07,129.15496650148827,2000,balanced,1.2915496650148828,sigmoid,"{'C': np.float64(129.15496650148827), 'cache_size': 2000, 'class_weight': 'balanced', 'gamma': np.float64(1.2915496650148828), 'kernel': 'sigmoid'}",0.5375000000000001,0.7875000000000001,0.6375,0.7346938775510204,0.3428571428571428,0.6080102040816328,0.15774208238905313,1382
0.0022047996520996095,0.0007522005830146916,0.002601909637451172,0.0007346070123365735,359.38136638046257,2000,"{1: 3.5, 0: 1}",0.001,linear,"{'C': np.float64(359.38136638046257), 'cache_size': 2000, 'class_weight': {1: 3.5, 0: 1}, 'gamma': np.float64(0.001), 'kernel': 'linear'}",0.5249999999999999,0.8250000000000001,0.61875,0.7482993197278911,0.32142857142857145,0.6076955782312925,0.176578697427811,1383
0.0032150745391845703,0.0012041856529828344,0.003301715850830078,0.0013278193045445047,359.38136638046257,2000,"{1: 3.5, 0: 1}",0.0027825594022071257,linear,"{'C': np.float64(359.38136638046257), 'cache_size': 2000, 'class_weight': {1: 3.5, 0: 1}, 'gamma': np.float64(0.0027825594022071257), 'kernel': 'linear'}",0.5249999999999999,0.8250000000000001,0.61875,0.7482993197278911,0.32142857142857145,0.6076955782312925,0.176578697427811,1383
0.001501178741455078,0.00044750321582979054,0.002312040328979492,0.0004055467260094881,359.38136638046257,2000,"{1: 3.5, 0: 1}",0.46415888336127775,linear,"{'C': np.float64(359.38136638046257), 'cache_size': 2000, 'class_weight': {1: 3.5, 0: 1}, 'gamma': np.float64(0.46415888336127775), 'kernel': 'linear'}",0.5249999999999999,0.8250000000000001,0.61875,0.7482993197278911,0.32142857142857145,0.6076955782312925,0.176578697427811,1383
0.0020021438598632813,0.00083799835653933,0.002906465530395508,0.0004920994496036066,359.38136638046257,2000,"{1: 3.5, 0: 1}",0.05994842503189409,linear,"{'C': np.float64(359.38136638046257), 'cache_size': 2000, 'class_weight': {1: 3.5, 0: 1}, 'gamma': np.float64(0.05994842503189409), 'kernel': 'linear'}",0.5249999999999999,0.8250000000000001,0.61875,0.7482993197278911,0.32142857142857145,0.6076955782312925,0.176578697427811,1383
0.002408742904663086,0.00037221784564590415,0.002702617645263672,0.000981122269067283,359.38136638046257,2000,"{1: 3.5, 0: 1}",1.2915496650148828,linear,"{'C': np.float64(359.38136638046257), 'cache_size': 2000, 'class_weight': {1: 3.5, 0: 1}, 'gamma': np.float64(1.2915496650148828), 'kernel': 'linear'}",0.5249999999999999,0.8250000000000001,0.61875,0.7482993197278911,0.32142857142857145,0.6076955782312925,0.176578697427811,1383
0.0028125762939453123,0.0009712178854060511,0.0026058673858642576,0.0007342516467992098,359.38136638046257,2000,"{1: 3.5, 0: 1}",0.021544346900318832,linear,"{'C': np.float64(359.38136638046257), 'cache_size': 2000, 'class_weight': {1: 3.5, 0: 1}, 'gamma': np.float64(0.021544346900318832), 'kernel': 'linear'}",0.5249999999999999,0.8250000000000001,0.61875,0.7482993197278911,0.32142857142857145,0.6076955782312925,0.176578697427811,1383
0.0029038429260253907,0.0010214696109303487,0.0020016193389892577,0.0006336919982136803,359.38136638046257,2000,"{1: 3.5, 0: 1}",0.007742636826811269,linear,"{'C': np.float64(359.38136638046257), 'cache_size': 2000, 'class_weight': {1: 3.5, 0: 1}, 'gamma': np.float64(0.007742636826811269), 'kernel': 'linear'}",0.5249999999999999,0.8250000000000001,0.61875,0.7482993197278911,0.32142857142857145,0.6076955782312925,0.176578697427811,1383
0.0019012928009033204,0.0004908369235468853,0.003607940673828125,0.0016009153202172436,359.38136638046257,2000,"{1: 3.5, 0: 1}",0.1668100537200059,linear,"{'C': np.float64(359.38136638046257), 'cache_size': 2000, 'class_weight': {1: 3.5, 0: 1}, 'gamma': np.float64(0.1668100537200059), 'kernel': 'linear'}",0.5249999999999999,0.8250000000000001,0.61875,0.7482993197278911,0.32142857142857145,0.6076955782312925,0.176578697427811,1383
0.0016018867492675782,0.0005842649993967954,0.0029160022735595704,0.0006621609563218139,359.38136638046257,2000,"{1: 3.5, 0: 1}",10.0,linear,"{'C': np.float64(359.38136638046257), 'cache_size': 2000, 'class_weight': {1: 3.5, 0: 1}, 'gamma': np.float64(10.0), 'kernel': 'linear'}",0.5249999999999999,0.8250000000000001,0.61875,0.7482993197278911,0.32142857142857145,0.6076955782312925,0.176578697427811,1383
0.0027016162872314452,0.0009810830564269083,0.002105045318603516,0.0004952458914697298,359.38136638046257,2000,"{1: 3.5, 0: 1}",3.593813663804626,linear,"{'C': np.float64(359.38136638046257), 'cache_size': 2000, 'class_weight': {1: 3.5, 0: 1}, 'gamma': np.float64(3.593813663804626), 'kernel': 'linear'}",0.5249999999999999,0.8250000000000001,0.61875,0.7482993197278911,0.32142857142857145,0.6076955782312925,0.176578697427811,1383
0.002101707458496094,0.0006637883658659378,0.002005338668823242,0.00031566447001096223,46.41588833612777,2000,balanced,1.2915496650148828,sigmoid,"{'C': np.float64(46.41588833612777), 'cache_size': 2000, 'class_weight': 'balanced', 'gamma': np.float64(1.2915496650148828), 'kernel': 'sigmoid'}",0.5375000000000001,0.7312500000000001,0.64375,0.7687074829931972,0.35714285714285715,0.6076700680272109,0.14845506521296228,1393
0.0024121284484863283,0.0005948125159432258,0.0034024715423583984,0.00037518588780363914,1000.0,2000,"{1: 3.5, 0: 1}",0.46415888336127775,linear,"{'C': np.float64(1000.0), 'cache_size': 2000, 'class_weight': {1: 3.5, 0: 1}, 'gamma': np.float64(0.46415888336127775), 'kernel': 'linear'}",0.5249999999999999,0.81875,0.6312500000000001,0.7482993197278911,0.3142857142857143,0.607517006802721,0.17764905816616028,1394
0.0028032302856445313,0.0008133111816714977,0.003712320327758789,0.0034153080087632915,1000.0,2000,"{1: 3.5, 0: 1}",0.001,linear,"{'C': np.float64(1000.0), 'cache_size': 2000, 'class_weight': {1: 3.5, 0: 1}, 'gamma': np.float64(0.001), 'kernel': 'linear'}",0.5249999999999999,0.81875,0.6312500000000001,0.7482993197278911,0.3142857142857143,0.607517006802721,0.17764905816616028,1394
0.0030031681060791017,0.0007074690943537401,0.001902151107788086,0.0001980348635231785,1000.0,2000,"{1: 3.5, 0: 1}",0.1668100537200059,linear,"{'C': np.float64(1000.0), 'cache_size': 2000, 'class_weight': {1: 3.5, 0: 1}, 'gamma': np.float64(0.1668100537200059), 'kernel': 'linear'}",0.5249999999999999,0.81875,0.6312500000000001,0.7482993197278911,0.3142857142857143,0.607517006802721,0.17764905816616028,1394
0.0031023502349853517,0.000488706967541522,0.002501773834228516,0.0006336168199176555,1000.0,2000,"{1: 3.5, 0: 1}",0.007742636826811269,linear,"{'C': np.float64(1000.0), 'cache_size': 2000, 'class_weight': {1: 3.5, 0: 1}, 'gamma': np.float64(0.007742636826811269), 'kernel': 'linear'}",0.5249999999999999,0.81875,0.6312500000000001,0.7482993197278911,0.3142857142857143,0.607517006802721,0.17764905816616028,1394
0.003101539611816406,0.0019619883175770333,0.0020036220550537108,0.0003168149786480583,1000.0,2000,"{1: 3.5, 0: 1}",10.0,linear,"{'C': np.float64(1000.0), 'cache_size': 2000, 'class_weight': {1: 3.5, 0: 1}, 'gamma': np.float64(10.0), 'kernel': 'linear'}",0.5249999999999999,0.81875,0.6312500000000001,0.7482993197278911,0.3142857142857143,0.607517006802721,0.17764905816616028,1394
0.0028057098388671875,0.0012074051392429637,0.0022047996520996095,0.0007529631763081208,1000.0,2000,"{1: 3.5, 0: 1}",3.593813663804626,linear,"{'C': np.float64(1000.0), 'cache_size': 2000, 'class_weight': {1: 3.5, 0: 1}, 'gamma': np.float64(3.593813663804626), 'kernel': 'linear'}",0.5249999999999999,0.81875,0.6312500000000001,0.7482993197278911,0.3142857142857143,0.607517006802721,0.17764905816616028,1394
0.0024018287658691406,0.0004907600989931571,0.0022118091583251953,0.0002589073844091574,1000.0,2000,"{1: 3.5, 0: 1}",1.2915496650148828,linear,"{'C': np.float64(1000.0), 'cache_size': 2000, 'class_weight': {1: 3.5, 0: 1}, 'gamma': np.float64(1.2915496650148828), 'kernel': 'linear'}",0.5249999999999999,0.81875,0.6312500000000001,0.7482993197278911,0.3142857142857143,0.607517006802721,0.17764905816616028,1394
0.0031047821044921874,0.0013228998442288465,0.003103017807006836,0.00102004540794732,1000.0,2000,"{1: 3.5, 0: 1}",0.0027825594022071257,linear,"{'C': np.float64(1000.0), 'cache_size': 2000, 'class_weight': {1: 3.5, 0: 1}, 'gamma': np.float64(0.0027825594022071257), 'kernel': 'linear'}",0.5249999999999999,0.81875,0.6312500000000001,0.7482993197278911,0.3142857142857143,0.607517006802721,0.17764905816616028,1394
0.0026136398315429687,0.0005856001709941995,0.00270228385925293,0.0006010383500461168,1000.0,2000,"{1: 3.5, 0: 1}",0.021544346900318832,linear,"{'C': np.float64(1000.0), 'cache_size': 2000, 'class_weight': {1: 3.5, 0: 1}, 'gamma': np.float64(0.021544346900318832), 'kernel': 'linear'}",0.5249999999999999,0.81875,0.6312500000000001,0.7482993197278911,0.3142857142857143,0.607517006802721,0.17764905816616028,1394
0.003205394744873047,0.001720759641148686,0.0026070594787597655,0.0005908006309401467,1000.0,2000,"{1: 3.5, 0: 1}",0.05994842503189409,linear,"{'C': np.float64(1000.0), 'cache_size': 2000, 'class_weight': {1: 3.5, 0: 1}, 'gamma': np.float64(0.05994842503189409), 'kernel': 'linear'}",0.5249999999999999,0.81875,0.6312500000000001,0.7482993197278911,0.3142857142857143,0.607517006802721,0.17764905816616028,1394
0.0025063514709472655,0.0006309520664919779,0.0023016929626464844,0.0008729927608061224,129.15496650148827,2000,"{1: 3.5, 0: 1}",3.593813663804626,sigmoid,"{'C': np.float64(129.15496650148827), 'cache_size': 2000, 'class_weight': {1: 3.5, 0: 1}, 'gamma': np.float64(3.593813663804626), 'kernel': 'sigmoid'}",0.6187499999999999,0.6062500000000001,0.7250000000000001,0.7210884353741497,0.3571428571428571,0.6056462585034014,0.13378955478112498,1404
0.0013017654418945312,0.0004003690443114454,0.0021048545837402343,0.0002074975727889557,129.15496650148827,2000,"{1: 3.5, 0: 1}",1.2915496650148828,sigmoid,"{'C': np.float64(129.15496650148827), 'cache_size': 2000, 'class_weight': {1: 3.5, 0: 1}, 'gamma': np.float64(1.2915496650148828), 'kernel': 'sigmoid'}",0.5125,0.8250000000000001,0.61875,0.7482993197278911,0.3214285714285714,0.6051955782312926,0.17781595619195395,1405
0.0026030540466308594,0.0014645840199127966,0.0020043373107910155,6.67469834272283e-06,359.38136638046257,2000,balanced,0.0027825594022071257,linear,"{'C': np.float64(359.38136638046257), 'cache_size': 2000, 'class_weight': 'balanced', 'gamma': np.float64(0.0027825594022071257), 'kernel': 'linear'}",0.51875,0.8,0.6312500000000001,0.7482993197278911,0.3214285714285714,0.6039455782312926,0.1715196875639561,1406
0.0021132946014404295,0.00022378681605539065,0.0021018028259277345,0.00020186959521469378,359.38136638046257,2000,balanced,0.007742636826811269,linear,"{'C': np.float64(359.38136638046257), 'cache_size': 2000, 'class_weight': 'balanced', 'gamma': np.float64(0.007742636826811269), 'kernel': 'linear'}",0.51875,0.8,0.6312500000000001,0.7482993197278911,0.3214285714285714,0.6039455782312926,0.1715196875639561,1406
0.0028053760528564454,0.0009300206874183084,0.0020019054412841798,0.0006335425191658687,359.38136638046257,2000,balanced,1.2915496650148828,linear,"{'C': np.float64(359.38136638046257), 'cache_size': 2000, 'class_weight': 'balanced', 'gamma': np.float64(1.2915496650148828), 'kernel': 'linear'}",0.51875,0.8,0.6312500000000001,0.7482993197278911,0.3214285714285714,0.6039455782312926,0.1715196875639561,1406
0.0033025741577148438,0.0031277396719499653,0.001905345916748047,0.0004922976283852104,359.38136638046257,2000,balanced,0.021544346900318832,linear,"{'C': np.float64(359.38136638046257), 'cache_size': 2000, 'class_weight': 'balanced', 'gamma': np.float64(0.021544346900318832), 'kernel': 'linear'}",0.51875,0.8,0.6312500000000001,0.7482993197278911,0.3214285714285714,0.6039455782312926,0.1715196875639561,1406
0.00210719108581543,0.0007426678870068485,0.002002048492431641,1.5033610125002334e-06,359.38136638046257,2000,balanced,10.0,linear,"{'C': np.float64(359.38136638046257), 'cache_size': 2000, 'class_weight': 'balanced', 'gamma': np.float64(10.0), 'kernel': 'linear'}",0.51875,0.8,0.6312500000000001,0.7482993197278911,0.3214285714285714,0.6039455782312926,0.1715196875639561,1406
0.003116321563720703,0.0010365234101337517,0.002000904083251953,0.0006327114429255892,359.38136638046257,2000,balanced,3.593813663804626,linear,"{'C': np.float64(359.38136638046257), 'cache_size': 2000, 'class_weight': 'balanced', 'gamma': np.float64(3.593813663804626), 'kernel': 'linear'}",0.51875,0.8,0.6312500000000001,0.7482993197278911,0.3214285714285714,0.6039455782312926,0.1715196875639561,1406
0.002502775192260742,0.0004481449610250651,0.0033116817474365236,0.0008703936118429031,359.38136638046257,2000,balanced,0.05994842503189409,linear,"{'C': np.float64(359.38136638046257), 'cache_size': 2000, 'class_weight': 'balanced', 'gamma': np.float64(0.05994842503189409), 'kernel': 'linear'}",0.51875,0.8,0.6312500000000001,0.7482993197278911,0.3214285714285714,0.6039455782312926,0.1715196875639561,1406
0.0020038604736328123,5.912396203117861e-06,0.0022034645080566406,0.0002483023910456728,359.38136638046257,2000,balanced,0.1668100537200059,linear,"{'C': np.float64(359.38136638046257), 'cache_size': 2000, 'class_weight': 'balanced', 'gamma': np.float64(0.1668100537200059), 'kernel': 'linear'}",0.51875,0.8,0.6312500000000001,0.7482993197278911,0.3214285714285714,0.6039455782312926,0.1715196875639561,1406
0.0028067111968994142,0.0008161452000458811,0.0037035465240478514,0.0011687236083103409,359.38136638046257,2000,balanced,0.001,linear,"{'C': np.float64(359.38136638046257), 'cache_size': 2000, 'class_weight': 'balanced', 'gamma': np.float64(0.001), 'kernel': 'linear'}",0.51875,0.8,0.6312500000000001,0.7482993197278911,0.3214285714285714,0.6039455782312926,0.1715196875639561,1406
0.002405214309692383,0.000494066449771696,0.002402496337890625,0.0005819994986784926,359.38136638046257,2000,balanced,0.46415888336127775,linear,"{'C': np.float64(359.38136638046257), 'cache_size': 2000, 'class_weight': 'balanced', 'gamma': np.float64(0.46415888336127775), 'kernel': 'linear'}",0.51875,0.8,0.6312500000000001,0.7482993197278911,0.3214285714285714,0.6039455782312926,0.1715196875639561,1406
0.002200603485107422,0.0003997095264742373,0.0031035900115966796,0.0008623062786235986,1000.0,2000,"{1: 3, 0: 1}",0.46415888336127775,sigmoid,"{'C': np.float64(1000.0), 'cache_size': 2000, 'class_weight': {1: 3, 0: 1}, 'gamma': np.float64(0.46415888336127775), 'kernel': 'sigmoid'}",0.51875,0.7937500000000001,0.625,0.7278911564625851,0.35,0.603078231292517,0.15720966596357,1416
0.002501773834228516,0.0004467582075621157,0.0023118019104003905,0.0004048010359388386,1000.0,2000,"{1: 3.5, 0: 1}",0.46415888336127775,sigmoid,"{'C': np.float64(1000.0), 'cache_size': 2000, 'class_weight': {1: 3.5, 0: 1}, 'gamma': np.float64(0.46415888336127775), 'kernel': 'sigmoid'}",0.5125,0.8187500000000001,0.6125,0.7482993197278911,0.3214285714285714,0.6026955782312925,0.1761944725796339,1417
0.0018027305603027343,0.00024308555022363635,0.0020046234130859375,6.8422393829623855e-06,16.68100537200059,2000,balanced,3.593813663804626,sigmoid,"{'C': np.float64(16.68100537200059), 'cache_size': 2000, 'class_weight': 'balanced', 'gamma': np.float64(3.593813663804626), 'kernel': 'sigmoid'}",0.53125,0.7124999999999999,0.65625,0.7755102040816326,0.3357142857142857,0.6022448979591837,0.15567430595833778,1418
0.00270538330078125,0.0006059885433066585,0.0028034210205078124,0.0024235172857981586,1000.0,2000,balanced,3.593813663804626,sigmoid,"{'C': np.float64(1000.0), 'cache_size': 2000, 'class_weight': 'balanced', 'gamma': np.float64(3.593813663804626), 'kernel': 'sigmoid'}",0.6437499999999999,0.53125,0.7125,0.7551020408163265,0.3642857142857143,0.6013775510204081,0.14064512385512423,1419
0.0026027679443359373,0.0015950230696786588,0.003112030029296875,0.0010240815117252896,1000.0,2000,"{1: 3, 0: 1}",0.1668100537200059,sigmoid,"{'C': np.float64(1000.0), 'cache_size': 2000, 'class_weight': {1: 3, 0: 1}, 'gamma': np.float64(0.1668100537200059), 'kernel': 'sigmoid'}",0.53125,0.8062499999999999,0.6125,0.7278911564625851,0.3285714285714285,0.6012925170068026,0.16579694767276518,1420
0.004104757308959961,0.0008619704683756837,0.0025048255920410156,0.0004482971298759368,1000.0,2000,"{1: 3, 0: 1}",0.46415888336127775,linear,"{'C': np.float64(1000.0), 'cache_size': 2000, 'class_weight': {1: 3, 0: 1}, 'gamma': np.float64(0.46415888336127775), 'kernel': 'linear'}",0.51875,0.7999999999999999,0.6312500000000001,0.7346938775510204,0.3214285714285714,0.6012244897959184,0.16930157092582115,1421
0.002602243423461914,0.000737285432061817,0.0027020454406738283,0.0006009594122662494,1000.0,2000,"{1: 3, 0: 1}",1.2915496650148828,linear,"{'C': np.float64(1000.0), 'cache_size': 2000, 'class_weight': {1: 3, 0: 1}, 'gamma': np.float64(1.2915496650148828), 'kernel': 'linear'}",0.51875,0.7999999999999999,0.6312500000000001,0.7346938775510204,0.3214285714285714,0.6012244897959184,0.16930157092582115,1421
0.0029035568237304687,0.0007363126738900505,0.0024042606353759767,0.0007982155384516123,1000.0,2000,"{1: 3, 0: 1}",0.021544346900318832,linear,"{'C': np.float64(1000.0), 'cache_size': 2000, 'class_weight': {1: 3, 0: 1}, 'gamma': np.float64(0.021544346900318832), 'kernel': 'linear'}",0.51875,0.7999999999999999,0.6312500000000001,0.7346938775510204,0.3214285714285714,0.6012244897959184,0.16930157092582115,1421
0.0031025886535644533,0.000664690378599911,0.004607725143432617,0.003522166464382824,1000.0,2000,"{1: 3, 0: 1}",0.05994842503189409,linear,"{'C': np.float64(1000.0), 'cache_size': 2000, 'class_weight': {1: 3, 0: 1}, 'gamma': np.float64(0.05994842503189409), 'kernel': 'linear'}",0.51875,0.7999999999999999,0.6312500000000001,0.7346938775510204,0.3214285714285714,0.6012244897959184,0.16930157092582115,1421
0.003909540176391601,0.003330123895284451,0.00280609130859375,0.0011223971928391017,1000.0,2000,"{1: 3, 0: 1}",10.0,linear,"{'C': np.float64(1000.0), 'cache_size': 2000, 'class_weight': {1: 3, 0: 1}, 'gamma': np.float64(10.0), 'kernel': 'linear'}",0.51875,0.7999999999999999,0.6312500000000001,0.7346938775510204,0.3214285714285714,0.6012244897959184,0.16930157092582115,1421
0.0027036190032958983,0.0008747279252280099,0.0022086620330810545,0.0002550539690613684,1000.0,2000,"{1: 3, 0: 1}",3.593813663804626,linear,"{'C': np.float64(1000.0), 'cache_size': 2000, 'class_weight': {1: 3, 0: 1}, 'gamma': np.float64(3.593813663804626), 'kernel': 'linear'}",0.51875,0.7999999999999999,0.6312500000000001,0.7346938775510204,0.3214285714285714,0.6012244897959184,0.16930157092582115,1421
0.0026051998138427734,0.00048435361927594354,0.0022027015686035155,0.0006788189607141624,1000.0,2000,"{1: 3, 0: 1}",0.1668100537200059,linear,"{'C': np.float64(1000.0), 'cache_size': 2000, 'class_weight': {1: 3, 0: 1}, 'gamma': np.float64(0.1668100537200059), 'kernel': 'linear'}",0.51875,0.7999999999999999,0.6312500000000001,0.7346938775510204,0.3214285714285714,0.6012244897959184,0.16930157092582115,1421
0.0020012855529785156,0.0006331647331550272,0.0028066635131835938,0.0005160687645288037,359.38136638046257,2000,"{1: 3, 0: 1}",0.46415888336127775,sigmoid,"{'C': np.float64(359.38136638046257), 'cache_size': 2000, 'class_weight': {1: 3, 0: 1}, 'gamma': np.float64(0.46415888336127775), 'kernel': 'sigmoid'}",0.53125,0.8062499999999999,0.6125,0.7346938775510204,0.3214285714285714,0.6012244897959184,0.16920925482357888,1421
0.0026065349578857423,0.0005802460628852729,0.002603292465209961,0.0012409445781359676,1000.0,2000,"{1: 3, 0: 1}",0.007742636826811269,linear,"{'C': np.float64(1000.0), 'cache_size': 2000, 'class_weight': {1: 3, 0: 1}, 'gamma': np.float64(0.007742636826811269), 'kernel': 'linear'}",0.51875,0.7999999999999999,0.6312500000000001,0.7346938775510204,0.3214285714285714,0.6012244897959184,0.16930157092582115,1421
0.0019938468933105467,0.0005694548659427072,0.001236104965209961,0.00039002652184713383,1000.0,2000,"{1: 3, 0: 1}",0.0027825594022071257,linear,"{'C': np.float64(1000.0), 'cache_size': 2000, 'class_weight': {1: 3, 0: 1}, 'gamma': np.float64(0.0027825594022071257), 'kernel': 'linear'}",0.51875,0.7999999999999999,0.6312500000000001,0.7346938775510204,0.3214285714285714,0.6012244897959184,0.16930157092582115,1421
0.016229724884033202,0.02620550401608734,0.0027047157287597655,0.00039819062273216833,1000.0,2000,"{1: 3, 0: 1}",0.001,linear,"{'C': np.float64(1000.0), 'cache_size': 2000, 'class_weight': {1: 3, 0: 1}, 'gamma': np.float64(0.001), 'kernel': 'linear'}",0.51875,0.7999999999999999,0.6312500000000001,0.7346938775510204,0.3214285714285714,0.6012244897959184,0.16930157092582115,1421
0.0026068687438964844,0.0013889605001907094,0.0027146339416503906,0.00037814792103496976,129.15496650148827,2000,"{1: 3, 0: 1}",1.2915496650148828,sigmoid,"{'C': np.float64(129.15496650148827), 'cache_size': 2000, 'class_weight': {1: 3, 0: 1}, 'gamma': np.float64(1.2915496650148828), 'kernel': 'sigmoid'}",0.5375000000000001,0.7999999999999999,0.625,0.7210884353741497,0.3142857142857143,0.5995748299319728,0.16782455624529466,1432
0.0022013187408447266,0.00039959184309083204,0.0026059627532958986,0.0005838936403873219,1000.0,2000,balanced,0.46415888336127775,linear,"{'C': np.float64(1000.0), 'cache_size': 2000, 'class_weight': 'balanced', 'gamma': np.float64(0.46415888336127775), 'kernel': 'linear'}",0.5,0.7937500000000001,0.625,0.7482993197278911,0.3214285714285714,0.5976955782312926,0.1718908024006179,1433
0.0026018619537353516,0.0007998948232248455,0.002613401412963867,0.0005831402741228123,1000.0,2000,balanced,10.0,linear,"{'C': np.float64(1000.0), 'cache_size': 2000, 'class_weight': 'balanced', 'gamma': np.float64(10.0), 'kernel': 'linear'}",0.5,0.7937500000000001,0.625,0.7482993197278911,0.3214285714285714,0.5976955782312926,0.1718908024006179,1433
0.0020046234130859375,5.974752467223009e-06,0.002002429962158203,0.000316286320674033,1000.0,2000,balanced,0.1668100537200059,linear,"{'C': np.float64(1000.0), 'cache_size': 2000, 'class_weight': 'balanced', 'gamma': np.float64(0.1668100537200059), 'kernel': 'linear'}",0.5,0.7937500000000001,0.625,0.7482993197278911,0.3214285714285714,0.5976955782312926,0.1718908024006179,1433
0.002305412292480469,0.0003979307251107643,0.002201080322265625,0.00039959110337089835,1000.0,2000,balanced,0.05994842503189409,linear,"{'C': np.float64(1000.0), 'cache_size': 2000, 'class_weight': 'balanced', 'gamma': np.float64(0.05994842503189409), 'kernel': 'linear'}",0.5,0.7937500000000001,0.625,0.7482993197278911,0.3214285714285714,0.5976955782312926,0.1718908024006179,1433
0.002601909637451172,0.0004899222628211247,0.002202272415161133,0.0005095714440269004,1000.0,2000,balanced,3.593813663804626,linear,"{'C': np.float64(1000.0), 'cache_size': 2000, 'class_weight': 'balanced', 'gamma': np.float64(3.593813663804626), 'kernel': 'linear'}",0.5,0.7937500000000001,0.625,0.7482993197278911,0.3214285714285714,0.5976955782312926,0.1718908024006179,1433
0.00380401611328125,0.0012896517928692897,0.0025046825408935546,0.0010950351792322855,1000.0,2000,balanced,0.007742636826811269,linear,"{'C': np.float64(1000.0), 'cache_size': 2000, 'class_weight': 'balanced', 'gamma': np.float64(0.007742636826811269), 'kernel': 'linear'}",0.5,0.7937500000000001,0.625,0.7482993197278911,0.3214285714285714,0.5976955782312926,0.1718908024006179,1433
0.0021124839782714843,0.00022442378210557205,0.0023023605346679686,0.0004005319275855658,1000.0,2000,balanced,0.021544346900318832,linear,"{'C': np.float64(1000.0), 'cache_size': 2000, 'class_weight': 'balanced', 'gamma': np.float64(0.021544346900318832), 'kernel': 'linear'}",0.5,0.7937500000000001,0.625,0.7482993197278911,0.3214285714285714,0.5976955782312926,0.1718908024006179,1433
0.002419137954711914,0.000384724134072503,0.0022011756896972655,0.0003997812118683058,1000.0,2000,balanced,0.0027825594022071257,linear,"{'C': np.float64(1000.0), 'cache_size': 2000, 'class_weight': 'balanced', 'gamma': np.float64(0.0027825594022071257), 'kernel': 'linear'}",0.5,0.7937500000000001,0.625,0.7482993197278911,0.3214285714285714,0.5976955782312926,0.1718908024006179,1433
0.0030075550079345704,0.0006358480845232376,0.002402639389038086,0.000375276617614065,1000.0,2000,balanced,1.2915496650148828,linear,"{'C': np.float64(1000.0), 'cache_size': 2000, 'class_weight': 'balanced', 'gamma': np.float64(1.2915496650148828), 'kernel': 'linear'}",0.5,0.7937500000000001,0.625,0.7482993197278911,0.3214285714285714,0.5976955782312926,0.1718908024006179,1433
0.003403759002685547,0.0007351545179731274,0.0023126125335693358,0.0006242038709066796,1000.0,2000,balanced,0.001,linear,"{'C': np.float64(1000.0), 'cache_size': 2000, 'class_weight': 'balanced', 'gamma': np.float64(0.001), 'kernel': 'linear'}",0.5,0.7937500000000001,0.625,0.7482993197278911,0.3214285714285714,0.5976955782312926,0.1718908024006179,1433
0.0027017593383789062,0.000748107582089918,0.00301666259765625,0.0009591298154916127,1000.0,2000,balanced,0.46415888336127775,sigmoid,"{'C': np.float64(1000.0), 'cache_size': 2000, 'class_weight': 'balanced', 'gamma': np.float64(0.46415888336127775), 'kernel': 'sigmoid'}",0.51875,0.7937500000000001,0.625,0.7142857142857143,0.3214285714285714,0.5946428571428571,0.1644903616678882,1443
0.00270233154296875,0.0006003476703398368,0.0022045135498046874,0.00040836337012478387,1000.0,2000,"{1: 3, 0: 1}",3.593813663804626,sigmoid,"{'C': np.float64(1000.0), 'cache_size': 2000, 'class_weight': {1: 3, 0: 1}, 'gamma': np.float64(3.593813663804626), 'kernel': 'sigmoid'}",0.6375,0.5,0.73125,0.7414965986394558,0.35000000000000003,0.5920493197278912,0.14888789967125515,1444
0.004107904434204101,0.0047620586362696294,0.0034111499786376952,0.0006652818907278572,5.994842503189409,2000,"{1: 3, 0: 1}",10.0,sigmoid,"{'C': np.float64(5.994842503189409), 'cache_size': 2000, 'class_weight': {1: 3, 0: 1}, 'gamma': np.float64(10.0), 'kernel': 'sigmoid'}",0.5874999999999999,0.6062500000000001,0.6812499999999999,0.6870748299319728,0.38571428571428573,0.5895578231292518,0.10931795192521747,1445
0.0025011539459228516,0.0004472383697017254,0.002407360076904297,0.000582919518474537,359.38136638046257,2000,balanced,1.2915496650148828,sigmoid,"{'C': np.float64(359.38136638046257), 'cache_size': 2000, 'class_weight': 'balanced', 'gamma': np.float64(1.2915496650148828), 'kernel': 'sigmoid'}",0.51875,0.7749999999999999,0.61875,0.727891156462585,0.30714285714285716,0.5895068027210885,0.16682268615396142,1446
0.0017024517059326173,0.00040035642514729724,0.0024066925048828124,0.0004889005034835207,359.38136638046257,2000,"{1: 3.5, 0: 1}",3.593813663804626,sigmoid,"{'C': np.float64(359.38136638046257), 'cache_size': 2000, 'class_weight': {1: 3.5, 0: 1}, 'gamma': np.float64(3.593813663804626), 'kernel': 'sigmoid'}",0.6125,0.5187499999999999,0.725,0.7278911564625851,0.35714285714285715,0.5882568027210885,0.1393047298740534,1447
0.002502298355102539,0.0010026218703880682,0.0026023387908935547,0.0009696252577191054,1000.0,2000,"{1: 2, 0: 1}",3.593813663804626,sigmoid,"{'C': np.float64(1000.0), 'cache_size': 2000, 'class_weight': {1: 2, 0: 1}, 'gamma': np.float64(3.593813663804626), 'kernel': 'sigmoid'}",0.63125,0.58125,0.71875,0.6666666666666666,0.3357142857142857,0.5867261904761905,0.13329673711204096,1448
0.0022081851959228514,0.0006745231213088844,0.002201700210571289,0.0007485457021639274,359.38136638046257,2000,"{1: 3.5, 0: 1}",1.2915496650148828,sigmoid,"{'C': np.float64(359.38136638046257), 'cache_size': 2000, 'class_weight': {1: 3.5, 0: 1}, 'gamma': np.float64(1.2915496650148828), 'kernel': 'sigmoid'}",0.49375,0.8125000000000001,0.60625,0.7278911564625851,0.29285714285714287,0.5866496598639456,0.1823656215883209,1449
0.002402591705322266,0.0011599229505636403,0.0024011611938476564,0.0004902337847563384,1000.0,2000,"{1: 3.5, 0: 1}",3.593813663804626,sigmoid,"{'C': np.float64(1000.0), 'cache_size': 2000, 'class_weight': {1: 3.5, 0: 1}, 'gamma': np.float64(3.593813663804626), 'kernel': 'sigmoid'}",0.61875,0.48125,0.7437500000000001,0.6122448979591837,0.4714285714285715,0.5854846938775511,0.10074151747098789,1450
0.003213310241699219,0.0021545005330532194,0.0021066665649414062,0.0004962743745722353,359.38136638046257,2000,"{1: 3, 0: 1}",3.593813663804626,sigmoid,"{'C': np.float64(359.38136638046257), 'cache_size': 2000, 'class_weight': {1: 3, 0: 1}, 'gamma': np.float64(3.593813663804626), 'kernel': 'sigmoid'}",0.64375,0.48749999999999993,0.73125,0.7482993197278911,0.3142857142857143,0.5850170068027211,0.16389006429142142,1451
0.0019345283508300781,0.0004436107343628669,0.0019597530364990233,0.0003873392996176603,0.1,2000,"{1: 3, 0: 1}",0.001,poly,"{'C': np.float64(0.1), 'cache_size': 2000, 'class_weight': {1: 3, 0: 1}, 'gamma': np.float64(0.001), 'kernel': 'poly'}",0.5625,0.675,0.6749999999999999,0.7040816326530612,0.3071428571428571,0.5847448979591837,0.14703125632789593,1452
0.0014005184173583984,0.0004897456635623499,0.0020057201385498048,0.0005527205958153212,0.1,2000,"{1: 3, 0: 1}",0.0027825594022071257,poly,"{'C': np.float64(0.1), 'cache_size': 2000, 'class_weight': {1: 3, 0: 1}, 'gamma': np.float64(0.0027825594022071257), 'kernel': 'poly'}",0.5625,0.675,0.675,0.7040816326530612,0.3071428571428571,0.5847448979591837,0.14703125632789593,1452
0.0019027233123779298,0.0005814590433642356,0.0028080463409423826,0.0007498916376262606,2.1544346900318834,2000,"{1: 3, 0: 1}",0.001,poly,"{'C': np.float64(2.1544346900318834), 'cache_size': 2000, 'class_weight': {1: 3, 0: 1}, 'gamma': np.float64(0.001), 'kernel': 'poly'}",0.5625,0.675,0.675,0.7040816326530612,0.3071428571428571,0.5847448979591837,0.14703125632789593,1452
0.0015705108642578125,0.0006928981995083805,0.002210378646850586,0.00020876315258418906,0.2782559402207124,2000,"{1: 3, 0: 1}",0.001,poly,"{'C': np.float64(0.2782559402207124), 'cache_size': 2000, 'class_weight': {1: 3, 0: 1}, 'gamma': np.float64(0.001), 'kernel': 'poly'}",0.5625,0.675,0.6749999999999999,0.7040816326530612,0.30714285714285716,0.5847448979591837,0.14703125632789593,1452
0.005310916900634765,0.006121607755656962,0.0025032997131347657,0.0005494269038035494,5.994842503189409,2000,"{1: 3, 0: 1}",0.0027825594022071257,poly,"{'C': np.float64(5.994842503189409), 'cache_size': 2000, 'class_weight': {1: 3, 0: 1}, 'gamma': np.float64(0.0027825594022071257), 'kernel': 'poly'}",0.5625,0.675,0.675,0.7006802721088435,0.3071428571428571,0.5840646258503401,0.14648439682635933,1456
0.0037090301513671873,0.003908382459206079,0.0026063442230224608,0.0005820779998781756,5.994842503189409,2000,"{1: 3, 0: 1}",0.007742636826811269,poly,"{'C': np.float64(5.994842503189409), 'cache_size': 2000, 'class_weight': {1: 3, 0: 1}, 'gamma': np.float64(0.007742636826811269), 'kernel': 'poly'}",0.5625,0.675,0.675,0.7006802721088435,0.3071428571428571,0.5840646258503401,0.14648439682635933,1456
0.002347993850708008,0.0005855755888129653,0.0022023200988769533,0.0006791761965049873,0.1,2000,"{1: 3, 0: 1}",0.05994842503189409,poly,"{'C': np.float64(0.1), 'cache_size': 2000, 'class_weight': {1: 3, 0: 1}, 'gamma': np.float64(0.05994842503189409), 'kernel': 'poly'}",0.5625,0.675,0.675,0.7006802721088435,0.3071428571428571,0.5840646258503401,0.14648439682635933,1456
0.0016065597534179687,0.000589829998171096,0.0021047115325927733,0.00020768814170503018,0.774263682681127,2000,"{1: 3, 0: 1}",0.021544346900318832,poly,"{'C': np.float64(0.774263682681127), 'cache_size': 2000, 'class_weight': {1: 3, 0: 1}, 'gamma': np.float64(0.021544346900318832), 'kernel': 'poly'}",0.5625,0.675,0.675,0.7006802721088435,0.3071428571428571,0.5840646258503401,0.14648439682635933,1456
0.0017049312591552734,0.000402731791536134,0.0021013736724853514,0.00017668817255006306,0.774263682681127,2000,"{1: 3, 0: 1}",0.007742636826811269,poly,"{'C': np.float64(0.774263682681127), 'cache_size': 2000, 'class_weight': {1: 3, 0: 1}, 'gamma': np.float64(0.007742636826811269), 'kernel': 'poly'}",0.5625,0.675,0.675,0.7006802721088435,0.3071428571428571,0.5840646258503401,0.14648439682635933,1456
0.0017015933990478516,0.0003996551978671732,0.002113199234008789,0.0002240682414265372,359.38136638046257,2000,"{1: 3, 0: 1}",0.007742636826811269,poly,"{'C': np.float64(359.38136638046257), 'cache_size': 2000, 'class_weight': {1: 3, 0: 1}, 'gamma': np.float64(0.007742636826811269), 'kernel': 'poly'}",0.5625,0.675,0.675,0.7006802721088435,0.3071428571428571,0.5840646258503401,0.14648439682635933,1456
0.0017057418823242187,0.0006065767990317733,0.0033025741577148438,0.0012500682126425132,359.38136638046257,2000,"{1: 3, 0: 1}",0.001,poly,"{'C': np.float64(359.38136638046257), 'cache_size': 2000, 'class_weight': {1: 3, 0: 1}, 'gamma': np.float64(0.001), 'kernel': 'poly'}",0.5625,0.675,0.675,0.7006802721088435,0.3071428571428571,0.5840646258503401,0.14648439682635933,1456
0.0028070926666259764,0.0012919560317198836,0.004207754135131836,0.002666137865892959,359.38136638046257,2000,"{1: 3, 0: 1}",0.021544346900318832,poly,"{'C': np.float64(359.38136638046257), 'cache_size': 2000, 'class_weight': {1: 3, 0: 1}, 'gamma': np.float64(0.021544346900318832), 'kernel': 'poly'}",0.5625,0.675,0.675,0.7006802721088435,0.3071428571428571,0.5840646258503401,0.14648439682635933,1456
0.005512714385986328,0.006807471681227052,0.0037063121795654296,0.0015333976842118577,359.38136638046257,2000,"{1: 3, 0: 1}",0.05994842503189409,poly,"{'C': np.float64(359.38136638046257), 'cache_size': 2000, 'class_weight': {1: 3, 0: 1}, 'gamma': np.float64(0.05994842503189409), 'kernel': 'poly'}",0.5625,0.675,0.675,0.7006802721088435,0.3071428571428571,0.5840646258503401,0.14648439682635933,1456
0.003804922103881836,0.0014719016397184612,0.003710222244262695,0.0020489373114714604,5.994842503189409,2000,"{1: 3, 0: 1}",0.001,poly,"{'C': np.float64(5.994842503189409), 'cache_size': 2000, 'class_weight': {1: 3, 0: 1}, 'gamma': np.float64(0.001), 'kernel': 'poly'}",0.5625,0.675,0.675,0.7006802721088435,0.3071428571428571,0.5840646258503401,0.14648439682635933,1456
0.0019048213958740234,0.0008032490654065258,0.0034132480621337892,0.0012354263073051576,359.38136638046257,2000,"{1: 3, 0: 1}",0.0027825594022071257,poly,"{'C': np.float64(359.38136638046257), 'cache_size': 2000, 'class_weight': {1: 3, 0: 1}, 'gamma': np.float64(0.0027825594022071257), 'kernel': 'poly'}",0.5625,0.675,0.675,0.7006802721088435,0.3071428571428571,0.5840646258503401,0.14648439682635933,1456
0.0017017364501953126,0.0003994049519937347,0.0022029876708984375,0.0005089619418204056,0.774263682681127,2000,"{1: 3, 0: 1}",0.0027825594022071257,poly,"{'C': np.float64(0.774263682681127), 'cache_size': 2000, 'class_weight': {1: 3, 0: 1}, 'gamma': np.float64(0.0027825594022071257), 'kernel': 'poly'}",0.5625,0.675,0.675,0.7006802721088435,0.3071428571428571,0.5840646258503401,0.14648439682635933,1456
0.0016042232513427735,0.0004862302119112553,0.0019019603729248046,0.0004916086020026513,0.774263682681127,2000,"{1: 3, 0: 1}",0.001,poly,"{'C': np.float64(0.774263682681127), 'cache_size': 2000, 'class_weight': {1: 3, 0: 1}, 'gamma': np.float64(0.001), 'kernel': 'poly'}",0.5625,0.675,0.675,0.7006802721088435,0.3071428571428571,0.5840646258503401,0.14648439682635933,1456
0.0012037277221679688,0.0003982409775509129,0.002202463150024414,0.0005091183974049581,0.1,2000,"{1: 3, 0: 1}",0.007742636826811269,poly,"{'C': np.float64(0.1), 'cache_size': 2000, 'class_weight': {1: 3, 0: 1}, 'gamma': np.float64(0.007742636826811269), 'kernel': 'poly'}",0.5625,0.675,0.675,0.7006802721088435,0.3071428571428571,0.5840646258503401,0.14648439682635933,1456
0.0029050350189208985,0.0015613607823718727,0.0024062633514404298,0.0003753689428071111,0.1,2000,"{1: 3, 0: 1}",0.1668100537200059,poly,"{'C': np.float64(0.1), 'cache_size': 2000, 'class_weight': {1: 3, 0: 1}, 'gamma': np.float64(0.1668100537200059), 'kernel': 'poly'}",0.5625,0.675,0.675,0.7006802721088435,0.3071428571428571,0.5840646258503401,0.14648439682635933,1456
0.0018013477325439452,0.00040047280510202885,0.0015016555786132812,0.00044702802271419525,5.994842503189409,2000,"{1: 3, 0: 1}",0.021544346900318832,poly,"{'C': np.float64(5.994842503189409), 'cache_size': 2000, 'class_weight': {1: 3, 0: 1}, 'gamma': np.float64(0.021544346900318832), 'kernel': 'poly'}",0.5625,0.675,0.675,0.7006802721088435,0.3071428571428571,0.5840646258503401,0.14648439682635933,1456
0.007314014434814453,0.012124831692908435,0.0028017520904541015,0.00040059434473555965,5.994842503189409,2000,"{1: 3, 0: 1}",0.05994842503189409,poly,"{'C': np.float64(5.994842503189409), 'cache_size': 2000, 'class_weight': {1: 3, 0: 1}, 'gamma': np.float64(0.05994842503189409), 'kernel': 'poly'}",0.5625,0.675,0.675,0.7006802721088435,0.3071428571428571,0.5840646258503401,0.14648439682635933,1456
0.0013028621673583985,0.0003989502645747618,0.0018990039825439453,0.0004696942342941762,0.1,2000,"{1: 3, 0: 1}",1.2915496650148828,poly,"{'C': np.float64(0.1), 'cache_size': 2000, 'class_weight': {1: 3, 0: 1}, 'gamma': np.float64(1.2915496650148828), 'kernel': 'poly'}",0.5625,0.675,0.675,0.7006802721088435,0.3071428571428571,0.5840646258503401,0.14648439682635933,1456
0.0015012741088867188,0.0004474003098925795,0.002105379104614258,0.0006659769620940475,5.994842503189409,2000,"{1: 3, 0: 1}",0.1668100537200059,poly,"{'C': np.float64(5.994842503189409), 'cache_size': 2000, 'class_weight': {1: 3, 0: 1}, 'gamma': np.float64(0.1668100537200059), 'kernel': 'poly'}",0.5625,0.675,0.675,0.7006802721088435,0.3071428571428571,0.5840646258503401,0.14648439682635933,1456
0.0015012264251708985,0.0004469702890209118,0.0019041538238525391,0.00020043869087742804,16.68100537200059,2000,"{1: 3, 0: 1}",0.021544346900318832,poly,"{'C': np.float64(16.68100537200059), 'cache_size': 2000, 'class_weight': {1: 3, 0: 1}, 'gamma': np.float64(0.021544346900318832), 'kernel': 'poly'}",0.5625,0.675,0.675,0.7006802721088435,0.3071428571428571,0.5840646258503401,0.14648439682635933,1456
0.0019096851348876954,0.0004930551877251769,0.002205514907836914,0.0005079576532803006,16.68100537200059,2000,"{1: 3, 0: 1}",0.007742636826811269,poly,"{'C': np.float64(16.68100537200059), 'cache_size': 2000, 'class_weight': {1: 3, 0: 1}, 'gamma': np.float64(0.007742636826811269), 'kernel': 'poly'}",0.5625,0.675,0.675,0.7006802721088435,0.3071428571428571,0.5840646258503401,0.14648439682635933,1456
0.0018012523651123047,0.0007492207399079793,0.0031191825866699217,0.0013420248383259532,2.1544346900318834,2000,"{1: 3, 0: 1}",0.05994842503189409,poly,"{'C': np.float64(2.1544346900318834), 'cache_size': 2000, 'class_weight': {1: 3, 0: 1}, 'gamma': np.float64(0.05994842503189409), 'kernel': 'poly'}",0.5625,0.675,0.675,0.7006802721088435,0.3071428571428571,0.5840646258503401,0.14648439682635933,1456
0.0017014026641845703,0.0004001045777151293,0.002305126190185547,0.00040130966514964546,2.1544346900318834,2000,"{1: 3, 0: 1}",0.1668100537200059,poly,"{'C': np.float64(2.1544346900318834), 'cache_size': 2000, 'class_weight': {1: 3, 0: 1}, 'gamma': np.float64(0.1668100537200059), 'kernel': 'poly'}",0.5625,0.675,0.675,0.7006802721088435,0.3071428571428571,0.5840646258503401,0.14648439682635933,1456
0.0019048690795898438,0.0004956088064520589,0.0036067962646484375,0.0014613786162799508,16.68100537200059,2000,"{1: 3, 0: 1}",0.1668100537200059,poly,"{'C': np.float64(16.68100537200059), 'cache_size': 2000, 'class_weight': {1: 3, 0: 1}, 'gamma': np.float64(0.1668100537200059), 'kernel': 'poly'}",0.5625,0.675,0.675,0.7006802721088435,0.3071428571428571,0.5840646258503401,0.14648439682635933,1456
0.002105093002319336,0.0001994905454454433,0.0022019863128662108,0.0003763789716873538,0.774263682681127,2000,"{1: 3, 0: 1}",0.1668100537200059,poly,"{'C': np.float64(0.774263682681127), 'cache_size': 2000, 'class_weight': {1: 3, 0: 1}, 'gamma': np.float64(0.1668100537200059), 'kernel': 'poly'}",0.5625,0.675,0.675,0.7006802721088435,0.3071428571428571,0.5840646258503401,0.14648439682635933,1456
0.001602506637573242,0.00037414396737444326,0.0018052101135253907,0.00040236607790248126,129.15496650148827,2000,"{1: 3, 0: 1}",0.05994842503189409,poly,"{'C': np.float64(129.15496650148827), 'cache_size': 2000, 'class_weight': {1: 3, 0: 1}, 'gamma': np.float64(0.05994842503189409), 'kernel': 'poly'}",0.5625,0.675,0.675,0.7006802721088435,0.3071428571428571,0.5840646258503401,0.14648439682635933,1456
0.0016009807586669922,0.0008000141727710478,0.002606487274169922,0.0005903604061997873,0.1,2000,"{1: 3, 0: 1}",0.021544346900318832,poly,"{'C': np.float64(0.1), 'cache_size': 2000, 'class_weight': {1: 3, 0: 1}, 'gamma': np.float64(0.021544346900318832), 'kernel': 'poly'}",0.5625,0.675,0.675,0.7006802721088435,0.3071428571428571,0.5840646258503401,0.14648439682635933,1456
0.001200389862060547,0.00040020949789696785,0.0022063255310058594,0.000251734750979506,129.15496650148827,2000,"{1: 3, 0: 1}",0.021544346900318832,poly,"{'C': np.float64(129.15496650148827), 'cache_size': 2000, 'class_weight': {1: 3, 0: 1}, 'gamma': np.float64(0.021544346900318832), 'kernel': 'poly'}",0.5625,0.675,0.675,0.7006802721088435,0.3071428571428571,0.5840646258503401,0.14648439682635933,1456
0.0016011238098144532,0.0004899021482475697,0.002206087112426758,0.00025109952272246803,2.1544346900318834,2000,"{1: 3, 0: 1}",0.021544346900318832,poly,"{'C': np.float64(2.1544346900318834), 'cache_size': 2000, 'class_weight': {1: 3, 0: 1}, 'gamma': np.float64(0.021544346900318832), 'kernel': 'poly'}",0.5625,0.675,0.675,0.7006802721088435,0.3071428571428571,0.5840646258503401,0.14648439682635933,1456
0.001602315902709961,0.0003729815435540551,0.002102375030517578,0.00020206432421738174,129.15496650148827,2000,"{1: 3, 0: 1}",0.0027825594022071257,poly,"{'C': np.float64(129.15496650148827), 'cache_size': 2000, 'class_weight': {1: 3, 0: 1}, 'gamma': np.float64(0.0027825594022071257), 'kernel': 'poly'}",0.5625,0.675,0.675,0.7006802721088435,0.3071428571428571,0.5840646258503401,0.14648439682635933,1456
0.0013053417205810547,0.000406450998131473,0.0020037174224853517,6.772766442445631e-06,2.1544346900318834,2000,"{1: 3, 0: 1}",0.0027825594022071257,poly,"{'C': np.float64(2.1544346900318834), 'cache_size': 2000, 'class_weight': {1: 3, 0: 1}, 'gamma': np.float64(0.0027825594022071257), 'kernel': 'poly'}",0.5625,0.675,0.675,0.7006802721088435,0.3071428571428571,0.5840646258503401,0.14648439682635933,1456
0.0021021366119384766,0.0015635004193074165,0.0027054309844970702,0.00039724735573724954,2.1544346900318834,2000,"{1: 3, 0: 1}",0.46415888336127775,poly,"{'C': np.float64(2.1544346900318834), 'cache_size': 2000, 'class_weight': {1: 3, 0: 1}, 'gamma': np.float64(0.46415888336127775), 'kernel': 'poly'}",0.5625,0.675,0.675,0.7006802721088435,0.3071428571428571,0.5840646258503401,0.14648439682635933,1456
0.0030080318450927735,0.0017706383389572986,0.0026060104370117187,0.0007985934083722421,129.15496650148827,2000,"{1: 3, 0: 1}",0.001,poly,"{'C': np.float64(129.15496650148827), 'cache_size': 2000, 'class_weight': {1: 3, 0: 1}, 'gamma': np.float64(0.001), 'kernel': 'poly'}",0.5625,0.675,0.675,0.7006802721088435,0.3071428571428571,0.5840646258503401,0.14648439682635933,1456
0.0015026092529296874,0.0007755895792789584,0.002305889129638672,0.0006098037287686723,129.15496650148827,2000,"{1: 3, 0: 1}",0.007742636826811269,poly,"{'C': np.float64(129.15496650148827), 'cache_size': 2000, 'class_weight': {1: 3, 0: 1}, 'gamma': np.float64(0.007742636826811269), 'kernel': 'poly'}",0.5625,0.675,0.675,0.7006802721088435,0.3071428571428571,0.5840646258503401,0.14648439682635933,1456
0.00220341682434082,0.0007436982204125526,0.002603483200073242,0.0005842678791877351,2.1544346900318834,2000,"{1: 3, 0: 1}",0.007742636826811269,poly,"{'C': np.float64(2.1544346900318834), 'cache_size': 2000, 'class_weight': {1: 3, 0: 1}, 'gamma': np.float64(0.007742636826811269), 'kernel': 'poly'}",0.5625,0.675,0.675,0.7006802721088435,0.3071428571428571,0.5840646258503401,0.14648439682635933,1456
0.0018091201782226562,0.0006848452565323173,0.0021014690399169924,0.00020132296347179,0.774263682681127,2000,"{1: 3, 0: 1}",0.46415888336127775,poly,"{'C': np.float64(0.774263682681127), 'cache_size': 2000, 'class_weight': {1: 3, 0: 1}, 'gamma': np.float64(0.46415888336127775), 'kernel': 'poly'}",0.5625,0.675,0.675,0.7006802721088435,0.3071428571428571,0.5840646258503401,0.14648439682635933,1456
0.0018048763275146484,0.00040231159373615695,0.003405189514160156,0.0018302634424542785,0.774263682681127,2000,"{1: 3, 0: 1}",0.05994842503189409,poly,"{'C': np.float64(0.774263682681127), 'cache_size': 2000, 'class_weight': {1: 3, 0: 1}, 'gamma': np.float64(0.05994842503189409), 'kernel': 'poly'}",0.5625,0.675,0.675,0.7006802721088435,0.3071428571428571,0.5840646258503401,0.14648439682635933,1456
0.0029018402099609377,0.001113014714992398,0.0026065826416015623,0.00037375047027005706,16.68100537200059,2000,"{1: 3, 0: 1}",0.001,poly,"{'C': np.float64(16.68100537200059), 'cache_size': 2000, 'class_weight': {1: 3, 0: 1}, 'gamma': np.float64(0.001), 'kernel': 'poly'}",0.5625,0.675,0.675,0.7006802721088435,0.3071428571428571,0.5840646258503401,0.14648439682635933,1456
0.002205228805541992,0.0006805095529896944,0.0020018577575683593,0.0006332413367458266,16.68100537200059,2000,"{1: 3, 0: 1}",0.0027825594022071257,poly,"{'C': np.float64(16.68100537200059), 'cache_size': 2000, 'class_weight': {1: 3, 0: 1}, 'gamma': np.float64(0.0027825594022071257), 'kernel': 'poly'}",0.5625,0.675,0.675,0.7006802721088435,0.3071428571428571,0.5840646258503401,0.14648439682635933,1456
0.0019045829772949218,0.0004951557640380872,0.0032037734985351563,0.0008147661085906312,16.68100537200059,2000,"{1: 3, 0: 1}",0.05994842503189409,poly,"{'C': np.float64(16.68100537200059), 'cache_size': 2000, 'class_weight': {1: 3, 0: 1}, 'gamma': np.float64(0.05994842503189409), 'kernel': 'poly'}",0.5625,0.675,0.675,0.7006802721088435,0.3071428571428571,0.5840646258503401,0.14648439682635933,1456
0.0018018722534179688,0.000677932882473153,0.0029077053070068358,0.0011205919283336335,46.41588833612777,2000,"{1: 3, 0: 1}",0.05994842503189409,poly,"{'C': np.float64(46.41588833612777), 'cache_size': 2000, 'class_weight': {1: 3, 0: 1}, 'gamma': np.float64(0.05994842503189409), 'kernel': 'poly'}",0.5625,0.675,0.675,0.7006802721088435,0.3071428571428571,0.5840646258503401,0.14648439682635933,1456
0.0026062488555908202,0.0008616882924368038,0.005121755599975586,0.0020298312252873666,46.41588833612777,2000,"{1: 3, 0: 1}",0.021544346900318832,poly,"{'C': np.float64(46.41588833612777), 'cache_size': 2000, 'class_weight': {1: 3, 0: 1}, 'gamma': np.float64(0.021544346900318832), 'kernel': 'poly'}",0.5625,0.675,0.675,0.7006802721088435,0.3071428571428571,0.5840646258503401,0.14648439682635933,1456
0.0016053199768066406,0.0004936914905181964,0.0024026870727539063,0.0007350894875222863,46.41588833612777,2000,"{1: 3, 0: 1}",0.007742636826811269,poly,"{'C': np.float64(46.41588833612777), 'cache_size': 2000, 'class_weight': {1: 3, 0: 1}, 'gamma': np.float64(0.007742636826811269), 'kernel': 'poly'}",0.5625,0.675,0.675,0.7006802721088435,0.3071428571428571,0.5840646258503401,0.14648439682635933,1456
0.0019025325775146485,0.0007349319801890512,0.005819082260131836,0.006667091068402708,1000.0,2000,"{1: 3, 0: 1}",0.001,poly,"{'C': np.float64(1000.0), 'cache_size': 2000, 'class_weight': {1: 3, 0: 1}, 'gamma': np.float64(0.001), 'kernel': 'poly'}",0.5625,0.675,0.675,0.7006802721088435,0.3071428571428571,0.5840646258503401,0.14648439682635933,1456
0.0021022796630859376,0.0017468764059764734,0.002805757522583008,0.0006826445356086366,1000.0,2000,"{1: 3, 0: 1}",0.021544346900318832,poly,"{'C': np.float64(1000.0), 'cache_size': 2000, 'class_weight': {1: 3, 0: 1}, 'gamma': np.float64(0.021544346900318832), 'kernel': 'poly'}",0.5625,0.675,0.675,0.7006802721088435,0.3071428571428571,0.5840646258503401,0.14648439682635933,1456
0.001504993438720703,0.0006385393774756504,0.002502155303955078,0.0006345227899194872,1000.0,2000,"{1: 3, 0: 1}",0.0027825594022071257,poly,"{'C': np.float64(1000.0), 'cache_size': 2000, 'class_weight': {1: 3, 0: 1}, 'gamma': np.float64(0.0027825594022071257), 'kernel': 'poly'}",0.5625,0.675,0.675,0.7006802721088435,0.3071428571428571,0.5840646258503401,0.14648439682635933,1456
0.0013020992279052734,0.0004021413630022168,0.002704906463623047,0.0007542169583135757,1000.0,2000,"{1: 3, 0: 1}",0.007742636826811269,poly,"{'C': np.float64(1000.0), 'cache_size': 2000, 'class_weight': {1: 3, 0: 1}, 'gamma': np.float64(0.007742636826811269), 'kernel': 'poly'}",0.5625,0.675,0.675,0.7006802721088435,0.3071428571428571,0.5840646258503401,0.14648439682635933,1456
0.0017014503479003905,0.0003991257928594856,0.002391195297241211,0.00037806573484332597,0.2782559402207124,2000,"{1: 3, 0: 1}",0.1668100537200059,poly,"{'C': np.float64(0.2782559402207124), 'cache_size': 2000, 'class_weight': {1: 3, 0: 1}, 'gamma': np.float64(0.1668100537200059), 'kernel': 'poly'}",0.5625,0.675,0.675,0.7006802721088435,0.3071428571428571,0.5840646258503401,0.14648439682635933,1456
0.0018665790557861328,0.0009997601248460353,0.0019282817840576172,0.0006691188160607874,0.2782559402207124,2000,"{1: 3, 0: 1}",0.05994842503189409,poly,"{'C': np.float64(0.2782559402207124), 'cache_size': 2000, 'class_weight': {1: 3, 0: 1}, 'gamma': np.float64(0.05994842503189409), 'kernel': 'poly'}",0.5625,0.675,0.675,0.7006802721088435,0.3071428571428571,0.5840646258503401,0.14648439682635933,1456
0.0017052650451660155,0.0006061330424160964,0.002101564407348633,0.00020115445458938384,0.2782559402207124,2000,"{1: 3, 0: 1}",0.46415888336127775,poly,"{'C': np.float64(0.2782559402207124), 'cache_size': 2000, 'class_weight': {1: 3, 0: 1}, 'gamma': np.float64(0.46415888336127775), 'kernel': 'poly'}",0.5625,0.675,0.675,0.7006802721088435,0.3071428571428571,0.5840646258503401,0.14648439682635933,1456
0.004552125930786133,0.004581919861745241,0.0022946834564208985,0.0009734685135295424,0.1,2000,"{1: 3, 0: 1}",0.46415888336127775,poly,"{'C': np.float64(0.1), 'cache_size': 2000, 'class_weight': {1: 3, 0: 1}, 'gamma': np.float64(0.46415888336127775), 'kernel': 'poly'}",0.5625,0.675,0.675,0.7006802721088435,0.3071428571428571,0.5840646258503401,0.14648439682635933,1456
0.00130157470703125,0.00040039248128059444,0.002706289291381836,0.00040313379655726656,46.41588833612777,2000,"{1: 3, 0: 1}",0.0027825594022071257,poly,"{'C': np.float64(46.41588833612777), 'cache_size': 2000, 'class_weight': {1: 3, 0: 1}, 'gamma': np.float64(0.0027825594022071257), 'kernel': 'poly'}",0.5625,0.675,0.675,0.7006802721088435,0.3071428571428571,0.5840646258503401,0.14648439682635933,1456
0.005326700210571289,0.006662093197313112,0.002001047134399414,6.03156597169567e-07,46.41588833612777,2000,"{1: 3, 0: 1}",0.001,poly,"{'C': np.float64(46.41588833612777), 'cache_size': 2000, 'class_weight': {1: 3, 0: 1}, 'gamma': np.float64(0.001), 'kernel': 'poly'}",0.5625,0.675,0.675,0.7006802721088435,0.3071428571428571,0.5840646258503401,0.14648439682635933,1456
0.0013345241546630859,0.00036721246580905827,0.0017848968505859374,0.00027285602182644476,0.2782559402207124,2000,"{1: 3, 0: 1}",0.021544346900318832,poly,"{'C': np.float64(0.2782559402207124), 'cache_size': 2000, 'class_weight': {1: 3, 0: 1}, 'gamma': np.float64(0.021544346900318832), 'kernel': 'poly'}",0.5625,0.675,0.675,0.7006802721088435,0.3071428571428571,0.5840646258503401,0.14648439682635933,1456
0.0011121749877929688,0.00019639888156437158,0.0018720149993896485,0.00044639969273845573,0.2782559402207124,2000,"{1: 3, 0: 1}",0.007742636826811269,poly,"{'C': np.float64(0.2782559402207124), 'cache_size': 2000, 'class_weight': {1: 3, 0: 1}, 'gamma': np.float64(0.007742636826811269), 'kernel': 'poly'}",0.5625,0.675,0.675,0.7006802721088435,0.3071428571428571,0.5840646258503401,0.14648439682635933,1456
0.0014006614685058594,0.0004906026041860705,0.0028076171875,0.0009288364847253262,1000.0,2000,"{1: 3, 0: 1}",0.05994842503189409,poly,"{'C': np.float64(1000.0), 'cache_size': 2000, 'class_weight': {1: 3, 0: 1}, 'gamma': np.float64(0.05994842503189409), 'kernel': 'poly'}",0.5625,0.675,0.675,0.7006802721088435,0.3071428571428571,0.5840646258503401,0.14648439682635933,1456
0.001604461669921875,0.0004934589505671413,0.0020021915435791014,0.0003156106372696743,46.41588833612777,2000,"{1: 3, 0: 1}",0.1668100537200059,poly,"{'C': np.float64(46.41588833612777), 'cache_size': 2000, 'class_weight': {1: 3, 0: 1}, 'gamma': np.float64(0.1668100537200059), 'kernel': 'poly'}",0.5625,0.675,0.675,0.7006802721088435,0.3071428571428571,0.5840646258503401,0.14648439682635933,1456
0.0012115955352783204,0.0004216673820923447,0.002205562591552734,0.0002512165962647927,0.2782559402207124,2000,"{1: 3, 0: 1}",0.0027825594022071257,poly,"{'C': np.float64(0.2782559402207124), 'cache_size': 2000, 'class_weight': {1: 3, 0: 1}, 'gamma': np.float64(0.0027825594022071257), 'kernel': 'poly'}",0.5625,0.675,0.675,0.7006802721088435,0.3071428571428571,0.5840646258503401,0.14648439682635933,1456
0.0020026683807373045,0.00031719218516161596,0.002702474594116211,0.0012496660550034998,359.38136638046257,2000,"{1: 3, 0: 1}",1.2915496650148828,sigmoid,"{'C': np.float64(359.38136638046257), 'cache_size': 2000, 'class_weight': {1: 3, 0: 1}, 'gamma': np.float64(1.2915496650148828), 'kernel': 'sigmoid'}",0.50625,0.7999999999999999,0.60625,0.7142857142857143,0.29285714285714287,0.5839285714285714,0.17603103709405382,1514
0.001802539825439453,0.0002430249403799209,0.002004384994506836,6.97715586126582e-06,16.68100537200059,2000,"{1: 3.5, 0: 1}",10.0,sigmoid,"{'C': np.float64(16.68100537200059), 'cache_size': 2000, 'class_weight': {1: 3.5, 0: 1}, 'gamma': np.float64(10.0), 'kernel': 'sigmoid'}",0.58125,0.50625,0.7125000000000001,0.5986394557823129,0.4928571428571429,0.5782993197278912,0.07864314375194006,1515
0.0051173210144042965,0.0033828301588548085,0.0030030727386474608,0.0006321867660570126,5.994842503189409,2000,"{1: 3.5, 0: 1}",10.0,sigmoid,"{'C': np.float64(5.994842503189409), 'cache_size': 2000, 'class_weight': {1: 3.5, 0: 1}, 'gamma': np.float64(10.0), 'kernel': 'sigmoid'}",0.59375,0.6000000000000001,0.675,0.6394557823129251,0.37142857142857144,0.5759268707482994,0.10636554090236479,1516
0.001204538345336914,0.00040743513867056385,0.0037076473236083984,0.0029169517390189754,129.15496650148827,2000,"{1: 3.5, 0: 1}",10.0,sigmoid,"{'C': np.float64(129.15496650148827), 'cache_size': 2000, 'class_weight': {1: 3.5, 0: 1}, 'gamma': np.float64(10.0), 'kernel': 'sigmoid'}",0.5562499999999999,0.44375000000000003,0.71875,0.5986394557823129,0.5571428571428572,0.574906462585034,0.08845320251349223,1517
0.0016018867492675782,0.0007346538253564656,0.002805328369140625,0.0011666279494733265,16.68100537200059,2000,"{1: 3, 0: 1}",10.0,sigmoid,"{'C': np.float64(16.68100537200059), 'cache_size': 2000, 'class_weight': {1: 3, 0: 1}, 'gamma': np.float64(10.0), 'kernel': 'sigmoid'}",0.5625,0.54375,0.71875,0.5918367346938775,0.45000000000000007,0.5733673469387754,0.08682398615021125,1518
0.0031100749969482423,0.0022096009486418087,0.002002859115600586,0.000316891697169637,16.68100537200059,2000,balanced,10.0,sigmoid,"{'C': np.float64(16.68100537200059), 'cache_size': 2000, 'class_weight': 'balanced', 'gamma': np.float64(10.0), 'kernel': 'sigmoid'}",0.55,0.5625,0.7,0.6394557823129252,0.41428571428571426,0.5732482993197279,0.09630632090351902,1519
0.002301311492919922,0.0014001614096206892,0.0023053646087646484,0.0004017968823928215,359.38136638046257,2000,"{1: 3.5, 0: 1}",10.0,sigmoid,"{'C': np.float64(359.38136638046257), 'cache_size': 2000, 'class_weight': {1: 3.5, 0: 1}, 'gamma': np.float64(10.0), 'kernel': 'sigmoid'}",0.5562499999999999,0.425,0.71875,0.5918367346938775,0.5571428571428572,0.5697959183673469,0.09378972849728894,1520
0.0022059917449951173,0.0009339681327873592,0.002401876449584961,0.0004904300284397551,46.41588833612777,2000,"{1: 3, 0: 1}",10.0,sigmoid,"{'C': np.float64(46.41588833612777), 'cache_size': 2000, 'class_weight': {1: 3, 0: 1}, 'gamma': np.float64(10.0), 'kernel': 'sigmoid'}",0.55,0.48125,0.7250000000000001,0.5918367346938775,0.5,0.5696173469387755,0.08680745747372687,1521
0.001904439926147461,0.0006629820007390164,0.002505064010620117,0.0008992236167942722,1000.0,2000,"{1: 3.5, 0: 1}",10.0,sigmoid,"{'C': np.float64(1000.0), 'cache_size': 2000, 'class_weight': {1: 3.5, 0: 1}, 'gamma': np.float64(10.0), 'kernel': 'sigmoid'}",0.5562499999999999,0.41875,0.71875,0.5918367346938775,0.5571428571428572,0.5685459183673469,0.0957327162860928,1522
0.0019039154052734376,0.00037426725285574124,0.004110956192016601,0.0011919230301950243,129.15496650148827,2000,"{1: 3, 0: 1}",10.0,sigmoid,"{'C': np.float64(129.15496650148827), 'cache_size': 2000, 'class_weight': {1: 3, 0: 1}, 'gamma': np.float64(10.0), 'kernel': 'sigmoid'}",0.5375,0.4625,0.7312500000000001,0.5850340136054422,0.5142857142857142,0.5661139455782314,0.09150809647555452,1523
0.0019063949584960938,0.0008058953275025051,0.002101421356201172,0.0004890562869076873,359.38136638046257,2000,"{1: 3, 0: 1}",10.0,sigmoid,"{'C': np.float64(359.38136638046257), 'cache_size': 2000, 'class_weight': {1: 3, 0: 1}, 'gamma': np.float64(10.0), 'kernel': 'sigmoid'}",0.5125,0.4625,0.7250000000000001,0.564625850340136,0.5285714285714286,0.5586394557823129,0.08942862873886502,1524
0.0015050888061523438,0.0006396248814300767,0.0036066055297851564,0.0020367110232947182,46.41588833612777,2000,"{1: 3.5, 0: 1}",10.0,sigmoid,"{'C': np.float64(46.41588833612777), 'cache_size': 2000, 'class_weight': {1: 3.5, 0: 1}, 'gamma': np.float64(10.0), 'kernel': 'sigmoid'}",0.55625,0.35625,0.7125,0.5986394557823129,0.55,0.5547278911564625,0.11509857243672728,1525
0.001802206039428711,0.00024284970516794463,0.005412101745605469,0.006325869958924811,46.41588833612777,2000,balanced,10.0,sigmoid,"{'C': np.float64(46.41588833612777), 'cache_size': 2000, 'class_weight': 'balanced', 'gamma': np.float64(10.0), 'kernel': 'sigmoid'}",0.5375,0.51875,0.70625,0.5986394557823129,0.4,0.5522278911564625,0.10038710491270714,1526
0.002101421356201172,0.0012823270168682945,0.002502632141113281,0.0004466528188482788,1000.0,2000,"{1: 3, 0: 1}",10.0,sigmoid,"{'C': np.float64(1000.0), 'cache_size': 2000, 'class_weight': {1: 3, 0: 1}, 'gamma': np.float64(10.0), 'kernel': 'sigmoid'}",0.5062500000000001,0.4,0.7250000000000001,0.564625850340136,0.5357142857142857,0.5463180272108843,0.10525138955161227,1527
0.0014039993286132813,0.00048694223035561823,0.005209016799926758,0.005931874213461072,16.68100537200059,2000,"{1: 2, 0: 1}",10.0,sigmoid,"{'C': np.float64(16.68100537200059), 'cache_size': 2000, 'class_weight': {1: 2, 0: 1}, 'gamma': np.float64(10.0), 'kernel': 'sigmoid'}",0.525,0.5625,0.6687500000000001,0.5850340136054422,0.38571428571428573,0.5453996598639456,0.09272990335467486,1528
0.0023061752319335936,0.0006090663887320872,0.0032112598419189453,0.002421617529060564,129.15496650148827,2000,balanced,10.0,sigmoid,"{'C': np.float64(129.15496650148827), 'cache_size': 2000, 'class_weight': 'balanced', 'gamma': np.float64(10.0), 'kernel': 'sigmoid'}",0.525,0.49375,0.7124999999999999,0.5782312925170068,0.40714285714285714,0.5433248299319728,0.10117083785884297,1529
0.0019147872924804687,0.00020645465305550847,0.002402973175048828,0.0007353230260098794,1000.0,2000,balanced,10.0,sigmoid,"{'C': np.float64(1000.0), 'cache_size': 2000, 'class_weight': 'balanced', 'gamma': np.float64(10.0), 'kernel': 'sigmoid'}",0.5125,0.4875,0.71875,0.5714285714285714,0.42142857142857143,0.5423214285714285,0.10048289020768558,1530
0.002505970001220703,0.000631218965574198,0.002501678466796875,0.0007744189163877203,359.38136638046257,2000,balanced,10.0,sigmoid,"{'C': np.float64(359.38136638046257), 'cache_size': 2000, 'class_weight': 'balanced', 'gamma': np.float64(10.0), 'kernel': 'sigmoid'}",0.5125,0.49374999999999997,0.7187500000000001,0.5714285714285714,0.40714285714285714,0.5407142857142857,0.10342446469747471,1531
0.001901721954345703,0.00019889155097626142,0.002104520797729492,0.00020013764987665135,46.41588833612777,2000,"{1: 2, 0: 1}",10.0,sigmoid,"{'C': np.float64(46.41588833612777), 'cache_size': 2000, 'class_weight': {1: 2, 0: 1}, 'gamma': np.float64(10.0), 'kernel': 'sigmoid'}",0.49375,0.5499999999999999,0.675,0.5918367346938775,0.37142857142857144,0.5364030612244898,0.10149162157691821,1532
0.0016022682189941405,0.0003747163029558481,0.0019081592559814452,0.0004956914481490443,0.2782559402207124,2000,"{1: 3.5, 0: 1}",1.2915496650148828,poly,"{'C': np.float64(0.2782559402207124), 'cache_size': 2000, 'class_weight': {1: 3.5, 0: 1}, 'gamma': np.float64(1.2915496650148828), 'kernel': 'poly'}",0.58125,0.53125,0.6312500000000001,0.6802721088435374,0.2214285714285714,0.5290901360544218,0.16166235273860077,1533
0.0018040657043457032,0.0003940827725789777,0.002002716064453125,0.00031568589826121553,5.994842503189409,2000,"{1: 3.5, 0: 1}",0.46415888336127775,poly,"{'C': np.float64(5.994842503189409), 'cache_size': 2000, 'class_weight': {1: 3.5, 0: 1}, 'gamma': np.float64(0.46415888336127775), 'kernel': 'poly'}",0.58125,0.53125,0.6312500000000001,0.6802721088435374,0.2214285714285714,0.5290901360544218,0.16166235273860077,1533
0.004015588760375976,0.002635508593721862,0.002901649475097656,0.0009168346652568366,129.15496650148827,2000,"{1: 3.5, 0: 1}",0.1668100537200059,poly,"{'C': np.float64(129.15496650148827), 'cache_size': 2000, 'class_weight': {1: 3.5, 0: 1}, 'gamma': np.float64(0.1668100537200059), 'kernel': 'poly'}",0.58125,0.53125,0.6312500000000001,0.6802721088435374,0.2214285714285714,0.5290901360544218,0.16166235273860077,1533
0.0013014316558837891,0.0004001400144367009,0.003006315231323242,0.0017613738399458593,129.15496650148827,2000,"{1: 2, 0: 1}",10.0,sigmoid,"{'C': np.float64(129.15496650148827), 'cache_size': 2000, 'class_weight': {1: 2, 0: 1}, 'gamma': np.float64(10.0), 'kernel': 'sigmoid'}",0.4875,0.525,0.69375,0.5714285714285715,0.3642857142857143,0.5283928571428571,0.10752669341107056,1536
0.0027060508728027344,0.0015450083389866582,0.003206777572631836,0.0011250281156045781,359.38136638046257,2000,"{1: 2, 0: 1}",10.0,sigmoid,"{'C': np.float64(359.38136638046257), 'cache_size': 2000, 'class_weight': {1: 2, 0: 1}, 'gamma': np.float64(10.0), 'kernel': 'sigmoid'}",0.5062500000000001,0.5125,0.69375,0.5442176870748299,0.3571428571428572,0.5227721088435374,0.10724261970843876,1537
0.001800870895385742,0.0007486729490443346,0.0027067184448242186,0.0005094100124736698,1000.0,2000,"{1: 2, 0: 1}",10.0,sigmoid,"{'C': np.float64(1000.0), 'cache_size': 2000, 'class_weight': {1: 2, 0: 1}, 'gamma': np.float64(10.0), 'kernel': 'sigmoid'}",0.5062500000000001,0.5,0.6875,0.5306122448979591,0.3642857142857143,0.5177295918367346,0.10293599686324055,1538
0.00133209228515625,0.0003827840514763136,0.0019263267517089845,0.0005001493240592458,0.1,2000,"{1: 3.5, 0: 1}",0.001,poly,"{'C': np.float64(0.1), 'cache_size': 2000, 'class_weight': {1: 3.5, 0: 1}, 'gamma': np.float64(0.001), 'kernel': 'poly'}",0.56875,0.5,0.575,0.727891156462585,0.16428571428571428,0.5071853741496598,0.1869394957295833,1539
0.0024012088775634765,0.0013564176183126569,0.0053119659423828125,0.0025457138173391428,16.68100537200059,2000,"{1: 3.5, 0: 1}",0.007742636826811269,poly,"{'C': np.float64(16.68100537200059), 'cache_size': 2000, 'class_weight': {1: 3.5, 0: 1}, 'gamma': np.float64(0.007742636826811269), 'kernel': 'poly'}",0.58125,0.5,0.6,0.6802721088435374,0.16428571428571428,0.5051615646258503,0.1798168338129749,1540
0.0016119003295898438,0.000820386730479027,0.002602672576904297,0.0005852234428621629,129.15496650148827,2000,"{1: 3.5, 0: 1}",0.007742636826811269,poly,"{'C': np.float64(129.15496650148827), 'cache_size': 2000, 'class_weight': {1: 3.5, 0: 1}, 'gamma': np.float64(0.007742636826811269), 'kernel': 'poly'}",0.58125,0.5,0.6,0.6802721088435374,0.16428571428571428,0.5051615646258503,0.1798168338129749,1540
0.001602935791015625,0.0005852738672913005,0.0024041175842285157,0.0004869862422995115,16.68100537200059,2000,"{1: 3.5, 0: 1}",0.05994842503189409,poly,"{'C': np.float64(16.68100537200059), 'cache_size': 2000, 'class_weight': {1: 3.5, 0: 1}, 'gamma': np.float64(0.05994842503189409), 'kernel': 'poly'}",0.58125,0.5,0.6,0.6802721088435374,0.16428571428571428,0.5051615646258503,0.1798168338129749,1540
0.0015009403228759765,0.0006333906535360899,0.0021062850952148437,0.00020857331515181408,0.2782559402207124,2000,"{1: 3.5, 0: 1}",0.1668100537200059,poly,"{'C': np.float64(0.2782559402207124), 'cache_size': 2000, 'class_weight': {1: 3.5, 0: 1}, 'gamma': np.float64(0.1668100537200059), 'kernel': 'poly'}",0.58125,0.5,0.6,0.6802721088435374,0.16428571428571428,0.5051615646258503,0.1798168338129749,1540
0.001201772689819336,0.0002472093070088136,0.0021056175231933595,0.0002005408157947017,0.2782559402207124,2000,"{1: 3.5, 0: 1}",0.05994842503189409,poly,"{'C': np.float64(0.2782559402207124), 'cache_size': 2000, 'class_weight': {1: 3.5, 0: 1}, 'gamma': np.float64(0.05994842503189409), 'kernel': 'poly'}",0.58125,0.5,0.6,0.6802721088435374,0.16428571428571428,0.5051615646258503,0.1798168338129749,1540
0.0017880439758300782,0.0002615380134052372,0.001982259750366211,4.598312573503252e-05,2.1544346900318834,2000,"{1: 3.5, 0: 1}",0.1668100537200059,poly,"{'C': np.float64(2.1544346900318834), 'cache_size': 2000, 'class_weight': {1: 3.5, 0: 1}, 'gamma': np.float64(0.1668100537200059), 'kernel': 'poly'}",0.58125,0.5,0.6,0.6802721088435374,0.16428571428571428,0.5051615646258503,0.1798168338129749,1540
0.0017051219940185547,0.0006059595575498994,0.0021024227142333986,0.0004889488173712293,129.15496650148827,2000,"{1: 3.5, 0: 1}",0.021544346900318832,poly,"{'C': np.float64(129.15496650148827), 'cache_size': 2000, 'class_weight': {1: 3.5, 0: 1}, 'gamma': np.float64(0.021544346900318832), 'kernel': 'poly'}",0.58125,0.5,0.6,0.6802721088435374,0.16428571428571428,0.5051615646258503,0.1798168338129749,1540
0.002108335494995117,0.0002051671875519276,0.0020026206970214845,0.00054964431191333,0.1,2000,"{1: 3.5, 0: 1}",0.1668100537200059,poly,"{'C': np.float64(0.1), 'cache_size': 2000, 'class_weight': {1: 3.5, 0: 1}, 'gamma': np.float64(0.1668100537200059), 'kernel': 'poly'}",0.58125,0.5,0.6,0.6802721088435374,0.16428571428571428,0.5051615646258503,0.1798168338129749,1540
0.0014043331146240234,0.0004929840267457635,0.002602291107177734,0.0003736711321102196,2.1544346900318834,2000,"{1: 3.5, 0: 1}",0.007742636826811269,poly,"{'C': np.float64(2.1544346900318834), 'cache_size': 2000, 'class_weight': {1: 3.5, 0: 1}, 'gamma': np.float64(0.007742636826811269), 'kernel': 'poly'}",0.58125,0.5,0.6,0.6802721088435374,0.16428571428571428,0.5051615646258503,0.1798168338129749,1540
0.0013016223907470702,0.00040047493420793947,0.0025053977966308593,0.0004513754896023839,0.1,2000,"{1: 3.5, 0: 1}",0.05994842503189409,poly,"{'C': np.float64(0.1), 'cache_size': 2000, 'class_weight': {1: 3.5, 0: 1}, 'gamma': np.float64(0.05994842503189409), 'kernel': 'poly'}",0.58125,0.5,0.6,0.6802721088435374,0.16428571428571428,0.5051615646258503,0.1798168338129749,1540
0.0020061016082763674,0.0003219371432415962,0.0024015426635742186,0.0008002763495414687,0.2782559402207124,2000,"{1: 3.5, 0: 1}",0.021544346900318832,poly,"{'C': np.float64(0.2782559402207124), 'cache_size': 2000, 'class_weight': {1: 3.5, 0: 1}, 'gamma': np.float64(0.021544346900318832), 'kernel': 'poly'}",0.58125,0.5,0.6,0.6802721088435374,0.16428571428571428,0.5051615646258503,0.1798168338129749,1540
0.0026063919067382812,0.0010694094038247812,0.0026075363159179686,0.0008588291195398531,5.994842503189409,2000,"{1: 3.5, 0: 1}",0.0027825594022071257,poly,"{'C': np.float64(5.994842503189409), 'cache_size': 2000, 'class_weight': {1: 3.5, 0: 1}, 'gamma': np.float64(0.0027825594022071257), 'kernel': 'poly'}",0.58125,0.5,0.6,0.6802721088435374,0.16428571428571428,0.5051615646258503,0.1798168338129749,1540
0.0025146961212158202,0.0005566097210618126,0.0020010948181152345,1.0810646103624948e-06,5.994842503189409,2000,"{1: 3.5, 0: 1}",0.021544346900318832,poly,"{'C': np.float64(5.994842503189409), 'cache_size': 2000, 'class_weight': {1: 3.5, 0: 1}, 'gamma': np.float64(0.021544346900318832), 'kernel': 'poly'}",0.58125,0.5,0.6,0.6802721088435374,0.16428571428571428,0.5051615646258503,0.1798168338129749,1540
0.001703023910522461,0.00024284909658958906,0.003608846664428711,0.002732700443230412,0.2782559402207124,2000,"{1: 3.5, 0: 1}",0.46415888336127775,poly,"{'C': np.float64(0.2782559402207124), 'cache_size': 2000, 'class_weight': {1: 3.5, 0: 1}, 'gamma': np.float64(0.46415888336127775), 'kernel': 'poly'}",0.58125,0.5,0.6,0.6802721088435374,0.16428571428571428,0.5051615646258503,0.1798168338129749,1540
0.001704835891723633,0.0006060009851816095,0.002205944061279297,0.0002509185180408116,0.2782559402207124,2000,"{1: 3.5, 0: 1}",0.007742636826811269,poly,"{'C': np.float64(0.2782559402207124), 'cache_size': 2000, 'class_weight': {1: 3.5, 0: 1}, 'gamma': np.float64(0.007742636826811269), 'kernel': 'poly'}",0.58125,0.5,0.6,0.6802721088435374,0.16428571428571428,0.5051615646258503,0.1798168338129749,1540
0.002304840087890625,0.0005093082351704341,0.0027130603790283202,0.0009850180031866207,5.994842503189409,2000,"{1: 3.5, 0: 1}",0.05994842503189409,poly,"{'C': np.float64(5.994842503189409), 'cache_size': 2000, 'class_weight': {1: 3.5, 0: 1}, 'gamma': np.float64(0.05994842503189409), 'kernel': 'poly'}",0.58125,0.5,0.6,0.6802721088435374,0.16428571428571428,0.5051615646258503,0.1798168338129749,1540
0.0017020225524902344,0.0003999750728791764,0.002304744720458984,0.00040289363493898765,5.994842503189409,2000,"{1: 3.5, 0: 1}",0.1668100537200059,poly,"{'C': np.float64(5.994842503189409), 'cache_size': 2000, 'class_weight': {1: 3.5, 0: 1}, 'gamma': np.float64(0.1668100537200059), 'kernel': 'poly'}",0.58125,0.5,0.6,0.6802721088435374,0.16428571428571428,0.5051615646258503,0.1798168338129749,1540
0.001200389862060547,0.00039997109357208085,0.0022025108337402344,0.0005096669454046611,1000.0,2000,"{1: 3.5, 0: 1}",0.021544346900318832,poly,"{'C': np.float64(1000.0), 'cache_size': 2000, 'class_weight': {1: 3.5, 0: 1}, 'gamma': np.float64(0.021544346900318832), 'kernel': 'poly'}",0.58125,0.5,0.6,0.6802721088435374,0.16428571428571428,0.5051615646258503,0.1798168338129749,1540
0.0024012088775634765,0.0018547025495741377,0.001905059814453125,0.0004953065870396921,1000.0,2000,"{1: 3.5, 0: 1}",0.007742636826811269,poly,"{'C': np.float64(1000.0), 'cache_size': 2000, 'class_weight': {1: 3.5, 0: 1}, 'gamma': np.float64(0.007742636826811269), 'kernel': 'poly'}",0.58125,0.5,0.6,0.6802721088435374,0.16428571428571428,0.5051615646258503,0.1798168338129749,1540
0.001404714584350586,0.00048637028767608355,0.003206777572631836,0.0016929531430222252,46.41588833612777,2000,"{1: 3.5, 0: 1}",0.021544346900318832,poly,"{'C': np.float64(46.41588833612777), 'cache_size': 2000, 'class_weight': {1: 3.5, 0: 1}, 'gamma': np.float64(0.021544346900318832), 'kernel': 'poly'}",0.58125,0.5,0.6,0.6802721088435374,0.16428571428571428,0.5051615646258503,0.1798168338129749,1540
0.0014002323150634766,0.0004899792418945042,0.002206897735595703,0.0002513769813532775,46.41588833612777,2000,"{1: 3.5, 0: 1}",0.05994842503189409,poly,"{'C': np.float64(46.41588833612777), 'cache_size': 2000, 'class_weight': {1: 3.5, 0: 1}, 'gamma': np.float64(0.05994842503189409), 'kernel': 'poly'}",0.58125,0.5,0.6,0.6802721088435374,0.16428571428571428,0.5051615646258503,0.1798168338129749,1540
0.0019057750701904296,0.0009130587999506093,0.002404928207397461,0.0004949911010234716,1000.0,2000,"{1: 3.5, 0: 1}",0.05994842503189409,poly,"{'C': np.float64(1000.0), 'cache_size': 2000, 'class_weight': {1: 3.5, 0: 1}, 'gamma': np.float64(0.05994842503189409), 'kernel': 'poly'}",0.58125,0.5,0.6,0.6802721088435374,0.16428571428571428,0.5051615646258503,0.1798168338129749,1540
0.0020017623901367188,1.595802357738639e-06,0.004507255554199219,0.005284062898126508,46.41588833612777,2000,"{1: 3.5, 0: 1}",0.1668100537200059,poly,"{'C': np.float64(46.41588833612777), 'cache_size': 2000, 'class_weight': {1: 3.5, 0: 1}, 'gamma': np.float64(0.1668100537200059), 'kernel': 'poly'}",0.58125,0.5,0.6,0.6802721088435374,0.16428571428571428,0.5051615646258503,0.1798168338129749,1540
0.0019013404846191407,0.0011136494354514932,0.0032158851623535155,0.0014568897673466628,359.38136638046257,2000,"{1: 3.5, 0: 1}",0.05994842503189409,poly,"{'C': np.float64(359.38136638046257), 'cache_size': 2000, 'class_weight': {1: 3.5, 0: 1}, 'gamma': np.float64(0.05994842503189409), 'kernel': 'poly'}",0.58125,0.5,0.6,0.6802721088435374,0.16428571428571428,0.5051615646258503,0.1798168338129749,1540
0.0021059513092041016,0.0004973510538215348,0.0021022796630859376,0.000488688291823086,0.774263682681127,2000,"{1: 3.5, 0: 1}",0.46415888336127775,poly,"{'C': np.float64(0.774263682681127), 'cache_size': 2000, 'class_weight': {1: 3.5, 0: 1}, 'gamma': np.float64(0.46415888336127775), 'kernel': 'poly'}",0.58125,0.5,0.6,0.6802721088435374,0.16428571428571428,0.5051615646258503,0.1798168338129749,1540
0.001802968978881836,0.0011234803321318475,0.0022118091583251953,0.00039492020769951145,5.994842503189409,2000,"{1: 3.5, 0: 1}",0.007742636826811269,poly,"{'C': np.float64(5.994842503189409), 'cache_size': 2000, 'class_weight': {1: 3.5, 0: 1}, 'gamma': np.float64(0.007742636826811269), 'kernel': 'poly'}",0.58125,0.5,0.6,0.6802721088435374,0.16428571428571428,0.5051615646258503,0.1798168338129749,1540
0.002402639389038086,0.0008606097217273641,0.007517290115356445,0.009550990478971118,359.38136638046257,2000,"{1: 3.5, 0: 1}",0.001,poly,"{'C': np.float64(359.38136638046257), 'cache_size': 2000, 'class_weight': {1: 3.5, 0: 1}, 'gamma': np.float64(0.001), 'kernel': 'poly'}",0.58125,0.5,0.6,0.6802721088435374,0.16428571428571428,0.5051615646258503,0.1798168338129749,1540
0.002713775634765625,0.001963476342384505,0.007212638854980469,0.007497816822969348,359.38136638046257,2000,"{1: 3.5, 0: 1}",0.021544346900318832,poly,"{'C': np.float64(359.38136638046257), 'cache_size': 2000, 'class_weight': {1: 3.5, 0: 1}, 'gamma': np.float64(0.021544346900318832), 'kernel': 'poly'}",0.58125,0.5,0.6,0.6802721088435374,0.16428571428571428,0.5051615646258503,0.1798168338129749,1540
0.005707502365112305,0.003594160233366348,0.0023059844970703125,0.00040656633257787526,359.38136638046257,2000,"{1: 3.5, 0: 1}",0.007742636826811269,poly,"{'C': np.float64(359.38136638046257), 'cache_size': 2000, 'class_weight': {1: 3.5, 0: 1}, 'gamma': np.float64(0.007742636826811269), 'kernel': 'poly'}",0.58125,0.5,0.6,0.6802721088435374,0.16428571428571428,0.5051615646258503,0.1798168338129749,1540
0.010615348815917969,0.01773315740508032,0.0032032489776611327,0.002162201006219585,1000.0,2000,"{1: 3.5, 0: 1}",0.001,poly,"{'C': np.float64(1000.0), 'cache_size': 2000, 'class_weight': {1: 3.5, 0: 1}, 'gamma': np.float64(0.001), 'kernel': 'poly'}",0.58125,0.5,0.6,0.6802721088435374,0.16428571428571428,0.5051615646258503,0.1798168338129749,1540
0.002006053924560547,0.000552408243438974,0.0032016277313232423,0.0009804163407329996,359.38136638046257,2000,"{1: 3.5, 0: 1}",0.0027825594022071257,poly,"{'C': np.float64(359.38136638046257), 'cache_size': 2000, 'class_weight': {1: 3.5, 0: 1}, 'gamma': np.float64(0.0027825594022071257), 'kernel': 'poly'}",0.58125,0.5,0.6,0.6802721088435374,0.16428571428571428,0.5051615646258503,0.1798168338129749,1540
0.0013498783111572266,0.00037485795531088496,0.0024010181427001954,0.0006061495850586448,2.1544346900318834,2000,"{1: 3.5, 0: 1}",0.021544346900318832,poly,"{'C': np.float64(2.1544346900318834), 'cache_size': 2000, 'class_weight': {1: 3.5, 0: 1}, 'gamma': np.float64(0.021544346900318832), 'kernel': 'poly'}",0.58125,0.5,0.6,0.6802721088435374,0.16428571428571428,0.5051615646258503,0.1798168338129749,1540
0.0028014183044433594,0.0009792783600821153,0.0020057201385498048,0.0003221552423952191,2.1544346900318834,2000,"{1: 3.5, 0: 1}",0.05994842503189409,poly,"{'C': np.float64(2.1544346900318834), 'cache_size': 2000, 'class_weight': {1: 3.5, 0: 1}, 'gamma': np.float64(0.05994842503189409), 'kernel': 'poly'}",0.58125,0.5,0.6,0.6802721088435374,0.16428571428571428,0.5051615646258503,0.1798168338129749,1540
0.0014009952545166015,0.000491303824733872,0.001987314224243164,0.0002908488015258484,0.1,2000,"{1: 3.5, 0: 1}",0.46415888336127775,poly,"{'C': np.float64(0.1), 'cache_size': 2000, 'class_weight': {1: 3.5, 0: 1}, 'gamma': np.float64(0.46415888336127775), 'kernel': 'poly'}",0.58125,0.5,0.6,0.6802721088435374,0.16428571428571428,0.5051615646258503,0.1798168338129749,1540
0.0020042896270751954,0.0006330514715560085,0.002003049850463867,0.00031538312441627017,0.1,2000,"{1: 3.5, 0: 1}",0.021544346900318832,poly,"{'C': np.float64(0.1), 'cache_size': 2000, 'class_weight': {1: 3.5, 0: 1}, 'gamma': np.float64(0.021544346900318832), 'kernel': 'poly'}",0.58125,0.5,0.6,0.6802721088435374,0.16428571428571428,0.5051615646258503,0.1798168338129749,1540
0.001701688766479492,0.0007477942174931434,0.0023056507110595704,0.00039853707942150135,2.1544346900318834,2000,"{1: 3.5, 0: 1}",0.46415888336127775,poly,"{'C': np.float64(2.1544346900318834), 'cache_size': 2000, 'class_weight': {1: 3.5, 0: 1}, 'gamma': np.float64(0.46415888336127775), 'kernel': 'poly'}",0.58125,0.5,0.6,0.6802721088435374,0.16428571428571428,0.5051615646258503,0.1798168338129749,1540
0.0016048431396484375,0.00037704592048072794,0.0026070594787597655,0.000800201679598091,1000.0,2000,"{1: 3.5, 0: 1}",0.0027825594022071257,poly,"{'C': np.float64(1000.0), 'cache_size': 2000, 'class_weight': {1: 3.5, 0: 1}, 'gamma': np.float64(0.0027825594022071257), 'kernel': 'poly'}",0.58125,0.5,0.6,0.6802721088435374,0.16428571428571428,0.5051615646258503,0.1798168338129749,1540
0.001501750946044922,0.0004467568079715177,0.0023059844970703125,0.00040201934089531863,0.774263682681127,2000,"{1: 3.5, 0: 1}",0.007742636826811269,poly,"{'C': np.float64(0.774263682681127), 'cache_size': 2000, 'class_weight': {1: 3.5, 0: 1}, 'gamma': np.float64(0.007742636826811269), 'kernel': 'poly'}",0.58125,0.5,0.6,0.6802721088435374,0.16428571428571428,0.5051615646258503,0.1798168338129749,1540
0.0025029659271240236,0.0015525594198293475,0.007212972640991211,0.0065113335430012015,0.774263682681127,2000,"{1: 3.5, 0: 1}",0.021544346900318832,poly,"{'C': np.float64(0.774263682681127), 'cache_size': 2000, 'class_weight': {1: 3.5, 0: 1}, 'gamma': np.float64(0.021544346900318832), 'kernel': 'poly'}",0.58125,0.5,0.6,0.6802721088435374,0.16428571428571428,0.5051615646258503,0.1798168338129749,1540
0.0013059616088867188,0.00039699566081354996,0.0026065349578857423,0.0009697815674848449,46.41588833612777,2000,"{1: 3.5, 0: 1}",0.0027825594022071257,poly,"{'C': np.float64(46.41588833612777), 'cache_size': 2000, 'class_weight': {1: 3.5, 0: 1}, 'gamma': np.float64(0.0027825594022071257), 'kernel': 'poly'}",0.58125,0.5,0.6,0.6802721088435374,0.16428571428571428,0.5051615646258503,0.1798168338129749,1540
0.0017047882080078124,0.00040227650091884576,0.0023026466369628906,0.00040072527789360743,0.1,2000,"{1: 3.5, 0: 1}",1.2915496650148828,poly,"{'C': np.float64(0.1), 'cache_size': 2000, 'class_weight': {1: 3.5, 0: 1}, 'gamma': np.float64(1.2915496650148828), 'kernel': 'poly'}",0.58125,0.5,0.6,0.6802721088435374,0.16428571428571428,0.5051615646258503,0.1798168338129749,1540
0.0027060508728027344,0.000676520807579175,0.0021104812622070312,0.00019791792439134126,16.68100537200059,2000,"{1: 3.5, 0: 1}",0.0027825594022071257,poly,"{'C': np.float64(16.68100537200059), 'cache_size': 2000, 'class_weight': {1: 3.5, 0: 1}, 'gamma': np.float64(0.0027825594022071257), 'kernel': 'poly'}",0.58125,0.5,0.6,0.6802721088435374,0.16428571428571428,0.5051615646258503,0.1798168338129749,1540
0.0029050827026367186,0.0013628974920815089,0.0036150455474853516,0.0011776719885829726,129.15496650148827,2000,"{1: 3.5, 0: 1}",0.001,poly,"{'C': np.float64(129.15496650148827), 'cache_size': 2000, 'class_weight': {1: 3.5, 0: 1}, 'gamma': np.float64(0.001), 'kernel': 'poly'}",0.58125,0.5,0.6,0.6802721088435374,0.16428571428571428,0.5051615646258503,0.1798168338129749,1540
0.0017047405242919921,0.0004027207933984894,0.00230560302734375,0.0004011954832140025,16.68100537200059,2000,"{1: 3.5, 0: 1}",0.1668100537200059,poly,"{'C': np.float64(16.68100537200059), 'cache_size': 2000, 'class_weight': {1: 3.5, 0: 1}, 'gamma': np.float64(0.1668100537200059), 'kernel': 'poly'}",0.58125,0.5,0.6,0.6802721088435374,0.16428571428571428,0.5051615646258503,0.1798168338129749,1540
0.0024010658264160155,0.0008005146898482329,0.002206707000732422,0.0002523179035331815,129.15496650148827,2000,"{1: 3.5, 0: 1}",0.05994842503189409,poly,"{'C': np.float64(129.15496650148827), 'cache_size': 2000, 'class_weight': {1: 3.5, 0: 1}, 'gamma': np.float64(0.05994842503189409), 'kernel': 'poly'}",0.58125,0.5,0.6,0.6802721088435374,0.16428571428571428,0.5051615646258503,0.1798168338129749,1540
0.0021048545837402343,0.001494095414570337,0.00580754280090332,0.007123595801974893,16.68100537200059,2000,"{1: 3.5, 0: 1}",0.021544346900318832,poly,"{'C': np.float64(16.68100537200059), 'cache_size': 2000, 'class_weight': {1: 3.5, 0: 1}, 'gamma': np.float64(0.021544346900318832), 'kernel': 'poly'}",0.58125,0.5,0.6,0.6802721088435374,0.16428571428571428,0.5051615646258503,0.1798168338129749,1540
0.005412626266479492,0.004611553950147698,0.0022018909454345702,0.0003994251324975764,129.15496650148827,2000,"{1: 3.5, 0: 1}",0.0027825594022071257,poly,"{'C': np.float64(129.15496650148827), 'cache_size': 2000, 'class_weight': {1: 3.5, 0: 1}, 'gamma': np.float64(0.0027825594022071257), 'kernel': 'poly'}",0.58125,0.5,0.6,0.6802721088435374,0.16428571428571428,0.5051615646258503,0.1798168338129749,1540
0.002104663848876953,0.00020794936807402506,0.0019016265869140625,0.00019836614910471222,46.41588833612777,2000,"{1: 3.5, 0: 1}",0.007742636826811269,poly,"{'C': np.float64(46.41588833612777), 'cache_size': 2000, 'class_weight': {1: 3.5, 0: 1}, 'gamma': np.float64(0.007742636826811269), 'kernel': 'poly'}",0.58125,0.5,0.6,0.6802721088435374,0.16428571428571428,0.5051615646258503,0.1798168338129749,1540
0.0021027088165283202,0.0005822380204686989,0.002201747894287109,0.00040033174222993347,0.774263682681127,2000,"{1: 3.5, 0: 1}",0.1668100537200059,poly,"{'C': np.float64(0.774263682681127), 'cache_size': 2000, 'class_weight': {1: 3.5, 0: 1}, 'gamma': np.float64(0.1668100537200059), 'kernel': 'poly'}",0.58125,0.5,0.6,0.6802721088435374,0.16428571428571428,0.5051615646258503,0.1798168338129749,1540
0.001604747772216797,0.00037322256076203055,0.0023938655853271485,0.0005813859143077309,0.774263682681127,2000,"{1: 3.5, 0: 1}",0.05994842503189409,poly,"{'C': np.float64(0.774263682681127), 'cache_size': 2000, 'class_weight': {1: 3.5, 0: 1}, 'gamma': np.float64(0.05994842503189409), 'kernel': 'poly'}",0.58125,0.5,0.6,0.6802721088435374,0.16428571428571428,0.5051615646258503,0.1798168338129749,1540
0.0018012046813964844,0.00040040227703877257,0.0027045726776123045,0.0006813850394449654,5.994842503189409,2000,"{1: 3.5, 0: 1}",0.001,poly,"{'C': np.float64(5.994842503189409), 'cache_size': 2000, 'class_weight': {1: 3.5, 0: 1}, 'gamma': np.float64(0.001), 'kernel': 'poly'}",0.575,0.5,0.6,0.6802721088435374,0.16428571428571428,0.5039115646258503,0.1793045527422203,1590
0.0020049571990966796,7.105673674531087e-06,0.002202272415161133,0.0006793665517395475,2.1544346900318834,2000,"{1: 3.5, 0: 1}",0.0027825594022071257,poly,"{'C': np.float64(2.1544346900318834), 'cache_size': 2000, 'class_weight': {1: 3.5, 0: 1}, 'gamma': np.float64(0.0027825594022071257), 'kernel': 'poly'}",0.575,0.5,0.6,0.6802721088435374,0.16428571428571428,0.5039115646258503,0.1793045527422203,1590
0.0022060394287109373,0.0016996170811994647,0.002702140808105469,0.0008741071742685612,16.68100537200059,2000,"{1: 3.5, 0: 1}",0.001,poly,"{'C': np.float64(16.68100537200059), 'cache_size': 2000, 'class_weight': {1: 3.5, 0: 1}, 'gamma': np.float64(0.001), 'kernel': 'poly'}",0.575,0.5,0.6,0.6802721088435374,0.16428571428571428,0.5039115646258503,0.1793045527422203,1590
0.0035028934478759767,0.004521740348763947,0.0028098583221435546,0.0013719841961327946,0.1,2000,"{1: 3.5, 0: 1}",0.007742636826811269,poly,"{'C': np.float64(0.1), 'cache_size': 2000, 'class_weight': {1: 3.5, 0: 1}, 'gamma': np.float64(0.007742636826811269), 'kernel': 'poly'}",0.575,0.5,0.6,0.6802721088435374,0.16428571428571428,0.5039115646258503,0.1793045527422203,1590
0.0019048690795898438,0.0004944827218571935,0.0021024703979492187,0.0002026092588069275,0.2782559402207124,2000,"{1: 3.5, 0: 1}",0.0027825594022071257,poly,"{'C': np.float64(0.2782559402207124), 'cache_size': 2000, 'class_weight': {1: 3.5, 0: 1}, 'gamma': np.float64(0.0027825594022071257), 'kernel': 'poly'}",0.575,0.5,0.6,0.6802721088435374,0.16428571428571428,0.5039115646258503,0.1793045527422203,1590
0.0018055438995361328,0.0009850469190868035,0.0024022579193115233,0.0008595681380912655,0.774263682681127,2000,"{1: 3.5, 0: 1}",0.0027825594022071257,poly,"{'C': np.float64(0.774263682681127), 'cache_size': 2000, 'class_weight': {1: 3.5, 0: 1}, 'gamma': np.float64(0.0027825594022071257), 'kernel': 'poly'}",0.575,0.5,0.6,0.6802721088435374,0.16428571428571428,0.5039115646258503,0.1793045527422203,1590
0.001605081558227539,0.00037724520260434716,0.002305459976196289,0.0006033327572563543,46.41588833612777,2000,"{1: 3.5, 0: 1}",0.001,poly,"{'C': np.float64(46.41588833612777), 'cache_size': 2000, 'class_weight': {1: 3.5, 0: 1}, 'gamma': np.float64(0.001), 'kernel': 'poly'}",0.575,0.5,0.6,0.6802721088435374,0.16428571428571428,0.5039115646258503,0.1793045527422203,1590
0.0039214611053466795,0.0018216461016723094,0.0034517288208007813,0.0018067433834553991,2.1544346900318834,2000,"{1: 3.5, 0: 1}",0.001,poly,"{'C': np.float64(2.1544346900318834), 'cache_size': 2000, 'class_weight': {1: 3.5, 0: 1}, 'gamma': np.float64(0.001), 'kernel': 'poly'}",0.5875,0.5,0.575,0.6802721088435374,0.16428571428571428,0.5014115646258503,0.17802999875643682,1597
0.0010044574737548828,7.769666069412386e-06,0.001502656936645508,0.0006364087548788676,0.1,2000,"{1: 3.5, 0: 1}",0.0027825594022071257,poly,"{'C': np.float64(0.1), 'cache_size': 2000, 'class_weight': {1: 3.5, 0: 1}, 'gamma': np.float64(0.0027825594022071257), 'kernel': 'poly'}",0.5875,0.5,0.575,0.6802721088435374,0.16428571428571428,0.5014115646258503,0.17802999875643682,1597
0.002305459976196289,0.0004016323099065202,0.0036069869995117186,0.002266887889267882,0.2782559402207124,2000,"{1: 3.5, 0: 1}",0.001,poly,"{'C': np.float64(0.2782559402207124), 'cache_size': 2000, 'class_weight': {1: 3.5, 0: 1}, 'gamma': np.float64(0.001), 'kernel': 'poly'}",0.575,0.5,0.575,0.6870748299319728,0.16428571428571428,0.5002721088435373,0.17829789870361118,1599
0.00130462646484375,0.00040650763467781016,0.00230255126953125,0.0003994267264008368,0.774263682681127,2000,"{1: 3.5, 0: 1}",0.001,poly,"{'C': np.float64(0.774263682681127), 'cache_size': 2000, 'class_weight': {1: 3.5, 0: 1}, 'gamma': np.float64(0.001), 'kernel': 'poly'}",0.575,0.5,0.575,0.6836734693877551,0.16428571428571428,0.4995918367346938,0.17758895911814557,1600
