mean_fit_time,std_fit_time,mean_score_time,std_score_time,param_C,param_cache_size,param_class_weight,param_gamma,param_kernel,params,split0_test_score,split1_test_score,split2_test_score,split3_test_score,split4_test_score,mean_test_score,std_test_score,rank_test_score
0.004313468933105469,0.0008204414887898197,0.005206441879272461,0.0015754609621497016,16.68100537200059,2000,"{1: 2, 0: 1}",1.2915496650148828,rbf,"{'C': np.float64(16.68100537200059), 'cache_size': 2000, 'class_weight': {1: 2, 0: 1}, 'gamma': np.float64(1.2915496650148828), 'kernel': 'rbf'}",0.6375,0.8125,0.96875,0.8095238095238095,0.65,0.7756547619047619,0.12220172859520168,1
0.004307699203491211,0.0005112589972945252,0.00360722541809082,0.0005838563921895922,1000.0,2000,"{1: 3.5, 0: 1}",0.1668100537200059,rbf,"{'C': np.float64(1000.0), 'cache_size': 2000, 'class_weight': {1: 3.5, 0: 1}, 'gamma': np.float64(0.1668100537200059), 'kernel': 'rbf'}",0.83125,0.7625,0.84375,0.6598639455782312,0.7642857142857142,0.7723299319727891,0.06539470258335943,2
0.0038125038146972655,0.0005196631949805254,0.0032034397125244142,0.0002472908212549759,129.15496650148827,2000,"{1: 2, 0: 1}",0.46415888336127775,rbf,"{'C': np.float64(129.15496650148827), 'cache_size': 2000, 'class_weight': {1: 2, 0: 1}, 'gamma': np.float64(0.46415888336127775), 'kernel': 'rbf'}",0.675,0.7749999999999999,0.9312499999999999,0.782312925170068,0.6785714285714286,0.7684268707482993,0.09332735999855589,3
0.004419946670532226,0.0005997562657901736,0.0050068855285644535,0.0025322297395499894,1000.0,2000,"{1: 2, 0: 1}",0.1668100537200059,rbf,"{'C': np.float64(1000.0), 'cache_size': 2000, 'class_weight': {1: 2, 0: 1}, 'gamma': np.float64(0.1668100537200059), 'kernel': 'rbf'}",0.7375,0.8,0.8687499999999999,0.7687074829931971,0.6571428571428571,0.7664200680272109,0.0698314230550136,4
0.003709697723388672,0.0006070019892411253,0.002902507781982422,0.0006629026634029328,129.15496650148827,2000,"{1: 3, 0: 1}",0.46415888336127775,rbf,"{'C': np.float64(129.15496650148827), 'cache_size': 2000, 'class_weight': {1: 3, 0: 1}, 'gamma': np.float64(0.46415888336127775), 'kernel': 'rbf'}",0.74375,0.8187500000000001,0.8375,0.6938775510204082,0.7,0.7587755102040816,0.05947529971804632,5
0.004404020309448242,0.000374675639828527,0.00351099967956543,0.0007114082071894493,359.38136638046257,2000,"{1: 2, 0: 1}",0.46415888336127775,rbf,"{'C': np.float64(359.38136638046257), 'cache_size': 2000, 'class_weight': {1: 2, 0: 1}, 'gamma': np.float64(0.46415888336127775), 'kernel': 'rbf'}",0.7875,0.84375,0.75,0.7210884353741497,0.6785714285714286,0.7561819727891157,0.05646618093622839,6
0.004105567932128906,0.0006663194724486224,0.003608560562133789,0.0004897888665196463,129.15496650148827,2000,"{1: 3.5, 0: 1}",0.46415888336127775,rbf,"{'C': np.float64(129.15496650148827), 'cache_size': 2000, 'class_weight': {1: 3.5, 0: 1}, 'gamma': np.float64(0.46415888336127775), 'kernel': 'rbf'}",0.78125,0.825,0.81875,0.6394557823129251,0.7071428571428571,0.7543197278911563,0.07112184406025589,7
0.0034075260162353517,0.0005835155572099074,0.003702735900878906,0.0007483676052540154,0.774263682681127,2000,balanced,10.0,rbf,"{'C': np.float64(0.774263682681127), 'cache_size': 2000, 'class_weight': 'balanced', 'gamma': np.float64(10.0), 'kernel': 'rbf'}",0.6312500000000001,0.93125,0.8125,0.8027210884353742,0.5785714285714286,0.7512585034013606,0.12885551917849322,8
0.00551300048828125,0.004303741998715562,0.0045074462890625,0.0017374520944763625,46.41588833612777,2000,"{1: 2, 0: 1}",1.2915496650148828,rbf,"{'C': np.float64(46.41588833612777), 'cache_size': 2000, 'class_weight': {1: 2, 0: 1}, 'gamma': np.float64(1.2915496650148828), 'kernel': 'rbf'}",0.7562500000000001,0.8375,0.80625,0.7482993197278912,0.6071428571428571,0.7510884353741496,0.07907528959273634,9
0.006312036514282226,0.001749404570740429,0.004807138442993164,0.0010269832359131245,359.38136638046257,2000,"{1: 3.5, 0: 1}",0.46415888336127775,rbf,"{'C': np.float64(359.38136638046257), 'cache_size': 2000, 'class_weight': {1: 3.5, 0: 1}, 'gamma': np.float64(0.46415888336127775), 'kernel': 'rbf'}",0.875,0.8375,0.7,0.5986394557823129,0.7428571428571429,0.750799319727891,0.09873103888230965,10
0.0032063961029052735,0.0005154619957969222,0.0035149097442626954,0.0003177302921658484,5.994842503189409,2000,"{1: 2, 0: 1}",3.593813663804626,rbf,"{'C': np.float64(5.994842503189409), 'cache_size': 2000, 'class_weight': {1: 2, 0: 1}, 'gamma': np.float64(3.593813663804626), 'kernel': 'rbf'}",0.68125,0.85,0.8999999999999999,0.7414965986394557,0.5714285714285714,0.7488350340136053,0.11762639134819364,11
0.004403448104858399,0.0009708162676640735,0.003910732269287109,0.001019312916164152,1000.0,2000,"{1: 3, 0: 1}",0.1668100537200059,rbf,"{'C': np.float64(1000.0), 'cache_size': 2000, 'class_weight': {1: 3, 0: 1}, 'gamma': np.float64(0.1668100537200059), 'kernel': 'rbf'}",0.75625,0.78125,0.8500000000000001,0.6326530612244897,0.7214285714285714,0.7483163265306123,0.07153751713449108,12
0.004204082489013672,0.0005100241506279455,0.0034096240997314453,0.0003824074068791683,359.38136638046257,2000,balanced,0.46415888336127775,rbf,"{'C': np.float64(359.38136638046257), 'cache_size': 2000, 'class_weight': 'balanced', 'gamma': np.float64(0.46415888336127775), 'kernel': 'rbf'}",0.7687499999999999,0.83125,0.7875,0.6666666666666666,0.6785714285714286,0.746547619047619,0.06379069773810153,13
0.003608369827270508,0.0009733045798425922,0.004101991653442383,0.0007997167321895572,0.774263682681127,2000,"{1: 2, 0: 1}",10.0,rbf,"{'C': np.float64(0.774263682681127), 'cache_size': 2000, 'class_weight': {1: 2, 0: 1}, 'gamma': np.float64(10.0), 'kernel': 'rbf'}",0.56875,0.91875,0.85,0.8299319727891157,0.5428571428571428,0.7420578231292516,0.1551193203131285,14
0.004540205001831055,0.001542392621962187,0.006167221069335938,0.001819573323050011,46.41588833612777,2000,balanced,1.2915496650148828,rbf,"{'C': np.float64(46.41588833612777), 'cache_size': 2000, 'class_weight': 'balanced', 'gamma': np.float64(1.2915496650148828), 'kernel': 'rbf'}",0.7374999999999999,0.8437500000000001,0.775,0.6666666666666667,0.6857142857142857,0.7417261904761906,0.0637261804684504,15
0.003207111358642578,0.0009332495476913707,0.003410005569458008,0.0005917847792583658,46.41588833612777,2000,"{1: 3, 0: 1}",1.2915496650148828,rbf,"{'C': np.float64(46.41588833612777), 'cache_size': 2000, 'class_weight': {1: 3, 0: 1}, 'gamma': np.float64(1.2915496650148828), 'kernel': 'rbf'}",0.8,0.85,0.73125,0.6258503401360545,0.7,0.7414200680272108,0.07797002549832202,16
0.0033047676086425783,0.00039781170961132237,0.0035110950469970704,0.0007124992597742212,359.38136638046257,2000,"{1: 3, 0: 1}",0.46415888336127775,rbf,"{'C': np.float64(359.38136638046257), 'cache_size': 2000, 'class_weight': {1: 3, 0: 1}, 'gamma': np.float64(0.46415888336127775), 'kernel': 'rbf'}",0.8562500000000001,0.8250000000000001,0.7124999999999999,0.5986394557823129,0.7142857142857142,0.7413350340136053,0.09179371315316666,17
0.0039020061492919924,0.0009157671142564173,0.003510904312133789,0.0005554997233227811,16.68100537200059,2000,balanced,1.2915496650148828,rbf,"{'C': np.float64(16.68100537200059), 'cache_size': 2000, 'class_weight': 'balanced', 'gamma': np.float64(1.2915496650148828), 'kernel': 'rbf'}",0.65625,0.8000000000000002,0.86875,0.727891156462585,0.65,0.740578231292517,0.08418500737622511,18
0.004204607009887696,0.0011213950448123978,0.004221391677856445,0.0005175378275635612,129.15496650148827,2000,balanced,0.46415888336127775,rbf,"{'C': np.float64(129.15496650148827), 'cache_size': 2000, 'class_weight': 'balanced', 'gamma': np.float64(0.46415888336127775), 'kernel': 'rbf'}",0.6625000000000001,0.7625,0.8624999999999999,0.7210884353741497,0.6857142857142857,0.7388605442176871,0.07045118062134752,19
0.004104709625244141,0.0003735067499531063,0.002956056594848633,0.0002492628377739003,16.68100537200059,2000,balanced,3.593813663804626,rbf,"{'C': np.float64(16.68100537200059), 'cache_size': 2000, 'class_weight': 'balanced', 'gamma': np.float64(3.593813663804626), 'kernel': 'rbf'}",0.775,0.8625,0.7875,0.6530612244897959,0.6142857142857143,0.7384693877551021,0.0914748254446496,20
0.004312658309936523,0.0012924184835784013,0.004202890396118164,0.0010299810589772388,46.41588833612777,2000,"{1: 3.5, 0: 1}",1.2915496650148828,rbf,"{'C': np.float64(46.41588833612777), 'cache_size': 2000, 'class_weight': {1: 3.5, 0: 1}, 'gamma': np.float64(1.2915496650148828), 'kernel': 'rbf'}",0.81875,0.85625,0.73125,0.5918367346938775,0.6857142857142857,0.7367602040816326,0.09448703410915095,21
0.0036037921905517577,0.0009724175439513509,0.0031055927276611326,0.0001996240706031486,16.68100537200059,2000,"{1: 3, 0: 1}",1.2915496650148828,rbf,"{'C': np.float64(16.68100537200059), 'cache_size': 2000, 'class_weight': {1: 3, 0: 1}, 'gamma': np.float64(1.2915496650148828), 'kernel': 'rbf'}",0.70625,0.8375,0.7875,0.6666666666666666,0.6785714285714286,0.7352976190476191,0.06624537377421355,22
0.00651402473449707,0.004048238724167895,0.003905963897705078,0.0008019439387876092,2.1544346900318834,2000,balanced,3.593813663804626,rbf,"{'C': np.float64(2.1544346900318834), 'cache_size': 2000, 'class_weight': 'balanced', 'gamma': np.float64(3.593813663804626), 'kernel': 'rbf'}",0.6375,0.8375,0.8562500000000001,0.782312925170068,0.5571428571428572,0.734141156462585,0.11711707867970905,23
0.0060101509094238285,0.0033151132078319567,0.004411077499389649,0.0009700193263005803,46.41588833612777,2000,"{1: 2, 0: 1}",0.46415888336127775,rbf,"{'C': np.float64(46.41588833612777), 'cache_size': 2000, 'class_weight': {1: 2, 0: 1}, 'gamma': np.float64(0.46415888336127775), 'kernel': 'rbf'}",0.63125,0.75,0.90625,0.7891156462585034,0.5928571428571427,0.7338945578231293,0.1126433397895128,24
0.004608297348022461,0.0005909756994784428,0.0036034584045410156,0.0007344891169721539,1000.0,2000,balanced,0.46415888336127775,rbf,"{'C': np.float64(1000.0), 'cache_size': 2000, 'class_weight': 'balanced', 'gamma': np.float64(0.46415888336127775), 'kernel': 'rbf'}",0.88125,0.8375,0.68125,0.6122448979591837,0.6571428571428571,0.7338775510204081,0.10574367622923825,25
0.003508901596069336,0.0010571301449728244,0.0034046173095703125,0.0007983757889162388,5.994842503189409,2000,balanced,3.593813663804626,rbf,"{'C': np.float64(5.994842503189409), 'cache_size': 2000, 'class_weight': 'balanced', 'gamma': np.float64(3.593813663804626), 'kernel': 'rbf'}",0.68125,0.84375,0.85625,0.6870748299319729,0.6,0.7336649659863945,0.09993007339831378,26
0.004203701019287109,0.0014701146378131925,0.003713560104370117,0.0005089082274316272,2.1544346900318834,2000,balanced,10.0,rbf,"{'C': np.float64(2.1544346900318834), 'cache_size': 2000, 'class_weight': 'balanced', 'gamma': np.float64(10.0), 'kernel': 'rbf'}",0.6875,0.91875,0.7875,0.7210884353741498,0.55,0.73296768707483,0.12097474335679338,27
0.0045124530792236325,0.0016829091018321588,0.00541391372680664,0.0016902337158807377,2.1544346900318834,2000,"{1: 2, 0: 1}",3.593813663804626,rbf,"{'C': np.float64(2.1544346900318834), 'cache_size': 2000, 'class_weight': {1: 2, 0: 1}, 'gamma': np.float64(3.593813663804626), 'kernel': 'rbf'}",0.60625,0.8125,0.89375,0.8095238095238094,0.5357142857142857,0.731547619047619,0.13637695878197797,28
0.0038028240203857424,0.0014379901452853908,0.005814313888549805,0.0007526896065580608,5.994842503189409,2000,"{1: 2, 0: 1}",1.2915496650148828,rbf,"{'C': np.float64(5.994842503189409), 'cache_size': 2000, 'class_weight': {1: 2, 0: 1}, 'gamma': np.float64(1.2915496650148828), 'kernel': 'rbf'}",0.6312500000000001,0.775,0.875,0.7755102040816325,0.6,0.7313520408163265,0.10174831802413913,29
0.005410909652709961,0.0018903973423141027,0.006009864807128906,0.0013459302241269795,5.994842503189409,2000,"{1: 3, 0: 1}",3.593813663804626,rbf,"{'C': np.float64(5.994842503189409), 'cache_size': 2000, 'class_weight': {1: 3, 0: 1}, 'gamma': np.float64(3.593813663804626), 'kernel': 'rbf'}",0.7374999999999999,0.8625000000000002,0.7562500000000001,0.6666666666666667,0.6285714285714286,0.7302976190476191,0.08074649940110647,30
0.0037023067474365235,0.0007479107694860029,0.003310823440551758,0.000252540476980986,2.1544346900318834,2000,"{1: 3, 0: 1}",3.593813663804626,rbf,"{'C': np.float64(2.1544346900318834), 'cache_size': 2000, 'class_weight': {1: 3, 0: 1}, 'gamma': np.float64(3.593813663804626), 'kernel': 'rbf'}",0.6749999999999999,0.9125,0.7750000000000001,0.6598639455782314,0.6285714285714286,0.730187074829932,0.10350159056452626,31
0.004211950302124024,0.0014423369021366464,0.006404781341552734,0.0027124088922391197,16.68100537200059,2000,"{1: 2, 0: 1}",3.593813663804626,rbf,"{'C': np.float64(16.68100537200059), 'cache_size': 2000, 'class_weight': {1: 2, 0: 1}, 'gamma': np.float64(3.593813663804626), 'kernel': 'rbf'}",0.7625,0.85625,0.76875,0.7006802721088435,0.5571428571428572,0.7290646258503403,0.09922876463641667,32
0.007309055328369141,0.004707931723582653,0.004017066955566406,0.000902226551985104,129.15496650148827,2000,balanced,1.2915496650148828,rbf,"{'C': np.float64(129.15496650148827), 'cache_size': 2000, 'class_weight': 'balanced', 'gamma': np.float64(1.2915496650148828), 'kernel': 'rbf'}",0.83125,0.84375,0.6937499999999999,0.6122448979591837,0.6571428571428571,0.7276275510204081,0.09343550957868789,33
0.0037014007568359373,0.0003997351067177217,0.003911924362182617,0.001166372768650937,0.1,2000,balanced,10.0,rbf,"{'C': np.float64(0.1), 'cache_size': 2000, 'class_weight': 'balanced', 'gamma': np.float64(10.0), 'kernel': 'rbf'}",0.59375,0.8625,0.65625,0.6802721088435374,0.8428571428571429,0.727125850340136,0.10651541594662256,34
0.0033091068267822265,0.0006068921885262145,0.003304290771484375,0.0004045023525213663,2.1544346900318834,2000,"{1: 3, 0: 1}",10.0,rbf,"{'C': np.float64(2.1544346900318834), 'cache_size': 2000, 'class_weight': {1: 3, 0: 1}, 'gamma': np.float64(10.0), 'kernel': 'rbf'}",0.74375,0.83125,0.80625,0.6598639455782312,0.5928571428571429,0.7267942176870749,0.0893650174217743,35
0.004702615737915039,0.0003996322240313218,0.0034087657928466796,0.0005782381601421733,1000.0,2000,balanced,0.1668100537200059,rbf,"{'C': np.float64(1000.0), 'cache_size': 2000, 'class_weight': 'balanced', 'gamma': np.float64(0.1668100537200059), 'kernel': 'rbf'}",0.69375,0.7125,0.84375,0.7482993197278912,0.6285714285714286,0.7253741496598639,0.07081666858543648,36
0.003106212615966797,0.0002014312548724433,0.0036031723022460936,0.00037355099765021136,0.1,2000,"{1: 3, 0: 1}",10.0,rbf,"{'C': np.float64(0.1), 'cache_size': 2000, 'class_weight': {1: 3, 0: 1}, 'gamma': np.float64(10.0), 'kernel': 'rbf'}",0.6312500000000001,0.8625,0.6625,0.6462585034013606,0.8142857142857143,0.723358843537415,0.09566635520331097,37
0.004411220550537109,0.0010256537829909295,0.003902626037597656,0.0006622798551497378,0.1,2000,balanced,3.593813663804626,rbf,"{'C': np.float64(0.1), 'cache_size': 2000, 'class_weight': 'balanced', 'gamma': np.float64(3.593813663804626), 'kernel': 'rbf'}",0.575,0.8625,0.64375,0.653061224489796,0.8714285714285714,0.7211479591836734,0.12210662173712494,38
0.003508329391479492,0.0003175793108832389,0.0038071632385253905,0.0005125500765651084,129.15496650148827,2000,"{1: 2, 0: 1}",1.2915496650148828,rbf,"{'C': np.float64(129.15496650148827), 'cache_size': 2000, 'class_weight': {1: 2, 0: 1}, 'gamma': np.float64(1.2915496650148828), 'kernel': 'rbf'}",0.78125,0.8500000000000001,0.6749999999999999,0.6802721088435374,0.6142857142857142,0.7201615646258503,0.08417867606963154,39
0.0029057025909423827,0.0010213146176429393,0.00470266342163086,0.0005115022572166684,0.1,2000,"{1: 3, 0: 1}",3.593813663804626,rbf,"{'C': np.float64(0.1), 'cache_size': 2000, 'class_weight': {1: 3, 0: 1}, 'gamma': np.float64(3.593813663804626), 'kernel': 'rbf'}",0.60625,0.8625,0.625,0.653061224489796,0.8428571428571429,0.7179336734693877,0.11119679958629237,40
0.0047131538391113285,0.0009282686655098034,0.0037050724029541017,0.0012454134589201526,1000.0,2000,"{1: 2, 0: 1}",0.46415888336127775,rbf,"{'C': np.float64(1000.0), 'cache_size': 2000, 'class_weight': {1: 2, 0: 1}, 'gamma': np.float64(0.46415888336127775), 'kernel': 'rbf'}",0.84375,0.8250000000000001,0.6875,0.6666666666666667,0.5642857142857143,0.7174404761904762,0.10435893819821766,41
0.003306007385253906,0.00039716317936370815,0.0030080318450927735,0.0008454173227138959,5.994842503189409,2000,balanced,1.2915496650148828,rbf,"{'C': np.float64(5.994842503189409), 'cache_size': 2000, 'class_weight': 'balanced', 'gamma': np.float64(1.2915496650148828), 'kernel': 'rbf'}",0.61875,0.8312499999999999,0.83125,0.7482993197278911,0.5499999999999999,0.7159098639455782,0.11368543700258446,42
0.003708076477050781,0.0006852187360317726,0.0033061027526855467,0.00040101110287368304,0.774263682681127,2000,"{1: 3, 0: 1}",10.0,rbf,"{'C': np.float64(0.774263682681127), 'cache_size': 2000, 'class_weight': {1: 3, 0: 1}, 'gamma': np.float64(10.0), 'kernel': 'rbf'}",0.6812499999999999,0.925,0.7749999999999999,0.6190476190476191,0.5785714285714285,0.7157738095238095,0.12381896713070739,43
0.004511642456054688,0.0013844717332914022,0.004304170608520508,0.001122302953359925,16.68100537200059,2000,"{1: 3.5, 0: 1}",1.2915496650148828,rbf,"{'C': np.float64(16.68100537200059), 'cache_size': 2000, 'class_weight': {1: 3.5, 0: 1}, 'gamma': np.float64(1.2915496650148828), 'kernel': 'rbf'}",0.7375,0.8312500000000002,0.70625,0.6122448979591837,0.6857142857142857,0.7145918367346941,0.07143151415221069,44
0.0030043601989746095,7.966748882902222e-06,0.0035051822662353514,0.0005496068896705325,5.994842503189409,2000,"{1: 3.5, 0: 1}",3.593813663804626,rbf,"{'C': np.float64(5.994842503189409), 'cache_size': 2000, 'class_weight': {1: 3.5, 0: 1}, 'gamma': np.float64(3.593813663804626), 'kernel': 'rbf'}",0.7562500000000001,0.85625,0.7125,0.6122448979591837,0.6357142857142857,0.714591836734694,0.08775349280679233,45
0.002905464172363281,0.0004951933478256871,0.004507827758789063,0.0005546491730926007,2.1544346900318834,2000,"{1: 2, 0: 1}",10.0,rbf,"{'C': np.float64(2.1544346900318834), 'cache_size': 2000, 'class_weight': {1: 2, 0: 1}, 'gamma': np.float64(10.0), 'kernel': 'rbf'}",0.625,0.8562500000000001,0.83125,0.7959183673469389,0.4642857142857143,0.7145408163265307,0.14897651223403557,46
0.006123971939086914,0.002907052051797079,0.004402923583984375,0.0012402949570071698,46.41588833612777,2000,"{1: 3.5, 0: 1}",0.46415888336127775,rbf,"{'C': np.float64(46.41588833612777), 'cache_size': 2000, 'class_weight': {1: 3.5, 0: 1}, 'gamma': np.float64(0.46415888336127775), 'kernel': 'rbf'}",0.7000000000000001,0.83125,0.7125,0.6394557823129252,0.6571428571428571,0.7080697278911564,0.06717074802029663,47
0.003306722640991211,0.0004063817537764847,0.004003143310546875,0.0011402409621252961,0.2782559402207124,2000,"{1: 2, 0: 1}",10.0,rbf,"{'C': np.float64(0.2782559402207124), 'cache_size': 2000, 'class_weight': {1: 2, 0: 1}, 'gamma': np.float64(10.0), 'kernel': 'rbf'}",0.5,0.8812500000000001,0.8125000000000001,0.7891156462585034,0.5571428571428572,0.7080017006802721,0.15069003822714594,48
0.0037051677703857423,0.0003985695692541681,0.0035056114196777345,0.0003156934464210935,129.15496650148827,2000,"{1: 3.5, 0: 1}",1.2915496650148828,rbf,"{'C': np.float64(129.15496650148827), 'cache_size': 2000, 'class_weight': {1: 3.5, 0: 1}, 'gamma': np.float64(1.2915496650148828), 'kernel': 'rbf'}",0.85,0.8375,0.66875,0.510204081632653,0.6714285714285715,0.7075765306122449,0.1256460191004279,49
0.00480184555053711,0.0022280406241833757,0.004719400405883789,0.0007453438493021344,0.774263682681127,2000,"{1: 3, 0: 1}",3.593813663804626,rbf,"{'C': np.float64(0.774263682681127), 'cache_size': 2000, 'class_weight': {1: 3, 0: 1}, 'gamma': np.float64(3.593813663804626), 'kernel': 'rbf'}",0.6125,0.90625,0.78125,0.6802721088435374,0.5571428571428572,0.7074829931972788,0.12434971010728954,50
0.00401153564453125,0.0008301903308297921,0.0038034915924072266,0.0006770832936774976,5.994842503189409,2000,"{1: 2, 0: 1}",10.0,rbf,"{'C': np.float64(5.994842503189409), 'cache_size': 2000, 'class_weight': {1: 2, 0: 1}, 'gamma': np.float64(10.0), 'kernel': 'rbf'}",0.7062499999999999,0.8375,0.8375000000000001,0.6598639455782312,0.49285714285714277,0.7067942176870748,0.12817162061857265,51
0.003110647201538086,0.0007397899614924418,0.0037029743194580077,0.0003985912752082693,5.994842503189409,2000,"{1: 3, 0: 1}",1.2915496650148828,rbf,"{'C': np.float64(5.994842503189409), 'cache_size': 2000, 'class_weight': {1: 3, 0: 1}, 'gamma': np.float64(1.2915496650148828), 'kernel': 'rbf'}",0.6375,0.8625,0.76875,0.6462585034013606,0.6142857142857142,0.7058588435374149,0.09497633336172993,52
0.005606746673583985,0.002231442605019321,0.004712247848510742,0.003665217142015621,16.68100537200059,2000,"{1: 3, 0: 1}",3.593813663804626,rbf,"{'C': np.float64(16.68100537200059), 'cache_size': 2000, 'class_weight': {1: 3, 0: 1}, 'gamma': np.float64(3.593813663804626), 'kernel': 'rbf'}",0.8187500000000001,0.84375,0.6875,0.5578231292517006,0.6214285714285713,0.7058503401360544,0.11057890808377167,53
0.0031054019927978516,0.00020065345011701657,0.0038121223449707033,0.0006739314071019501,0.774263682681127,2000,"{1: 3.5, 0: 1}",10.0,rbf,"{'C': np.float64(0.774263682681127), 'cache_size': 2000, 'class_weight': {1: 3.5, 0: 1}, 'gamma': np.float64(10.0), 'kernel': 'rbf'}",0.73125,0.91875,0.6937500000000001,0.5918367346938775,0.5785714285714285,0.7028316326530613,0.12269579186219622,54
0.005521535873413086,0.0006383809075393731,0.0039018630981445313,0.0013586000312965287,1000.0,2000,"{1: 3, 0: 1}",0.46415888336127775,rbf,"{'C': np.float64(1000.0), 'cache_size': 2000, 'class_weight': {1: 3, 0: 1}, 'gamma': np.float64(0.46415888336127775), 'kernel': 'rbf'}",0.8812499999999999,0.8250000000000001,0.6625000000000001,0.5578231292517006,0.5857142857142856,0.7024574829931971,0.12894037649414963,55
0.0041042804718017575,0.0017736100790980759,0.003509998321533203,0.0006341231637057008,0.2782559402207124,2000,"{1: 3, 0: 1}",3.593813663804626,rbf,"{'C': np.float64(0.2782559402207124), 'cache_size': 2000, 'class_weight': {1: 3, 0: 1}, 'gamma': np.float64(3.593813663804626), 'kernel': 'rbf'}",0.5875,0.86875,0.65,0.6802721088435374,0.7214285714285714,0.7015901360544218,0.09430646128404221,56
0.00400700569152832,0.00031605555329418156,0.0031057357788085937,0.00020880854327942226,0.774263682681127,2000,balanced,3.593813663804626,rbf,"{'C': np.float64(0.774263682681127), 'cache_size': 2000, 'class_weight': 'balanced', 'gamma': np.float64(3.593813663804626), 'kernel': 'rbf'}",0.5375000000000001,0.875,0.8,0.7346938775510203,0.5571428571428572,0.7008673469387755,0.1331460228104995,57
0.0035058021545410155,0.00044703387196754813,0.0031111717224121095,0.0005902184212538333,5.994842503189409,2000,balanced,10.0,rbf,"{'C': np.float64(5.994842503189409), 'cache_size': 2000, 'class_weight': 'balanced', 'gamma': np.float64(10.0), 'kernel': 'rbf'}",0.71875,0.8312499999999999,0.8,0.6326530612244897,0.5214285714285715,0.7008163265306122,0.11313545714712979,58
0.003906917572021484,0.0010132379905047086,0.0032062530517578125,0.000511633960828209,359.38136638046257,2000,"{1: 3.5, 0: 1}",0.1668100537200059,rbf,"{'C': np.float64(359.38136638046257), 'cache_size': 2000, 'class_weight': {1: 3.5, 0: 1}, 'gamma': np.float64(0.1668100537200059), 'kernel': 'rbf'}",0.7312500000000001,0.74375,0.7312500000000001,0.6802721088435375,0.6142857142857143,0.7001615646258504,0.04817299129045197,59
0.005602598190307617,0.0010190861848889006,0.0036081790924072264,0.0004917941443226739,1000.0,2000,"{1: 3.5, 0: 1}",0.46415888336127775,rbf,"{'C': np.float64(1000.0), 'cache_size': 2000, 'class_weight': {1: 3.5, 0: 1}, 'gamma': np.float64(0.46415888336127775), 'kernel': 'rbf'}",0.8812499999999999,0.8250000000000001,0.6624999999999999,0.5646258503401361,0.5642857142857143,0.69953231292517,0.13162541288601542,60
0.004207706451416016,0.0009258621573217327,0.0045093059539794925,0.0008441307836732776,129.15496650148827,2000,"{1: 3, 0: 1}",1.2915496650148828,rbf,"{'C': np.float64(129.15496650148827), 'cache_size': 2000, 'class_weight': {1: 3, 0: 1}, 'gamma': np.float64(1.2915496650148828), 'kernel': 'rbf'}",0.8375,0.8375,0.675,0.5034013605442177,0.6428571428571428,0.6992517006802721,0.126768317334383,61
0.003911066055297852,0.00058533128345628,0.0037028312683105467,0.0012498071782901842,2.1544346900318834,2000,"{1: 3.5, 0: 1}",10.0,rbf,"{'C': np.float64(2.1544346900318834), 'cache_size': 2000, 'class_weight': {1: 3.5, 0: 1}, 'gamma': np.float64(10.0), 'kernel': 'rbf'}",0.76875,0.8312499999999998,0.75625,0.5442176870748299,0.5928571428571429,0.6986649659863946,0.11032315874553526,62
0.004911041259765625,0.0012804245549221547,0.004103517532348633,0.00037471727381675426,0.2782559402207124,2000,balanced,10.0,rbf,"{'C': np.float64(0.2782559402207124), 'cache_size': 2000, 'class_weight': 'balanced', 'gamma': np.float64(10.0), 'kernel': 'rbf'}",0.5625,0.875,0.71875,0.7142857142857143,0.6214285714285714,0.6983928571428571,0.10606361202560644,63
0.00591888427734375,0.0033754514267923,0.006007480621337891,0.002828997909609143,2.1544346900318834,2000,"{1: 3.5, 0: 1}",3.593813663804626,rbf,"{'C': np.float64(2.1544346900318834), 'cache_size': 2000, 'class_weight': {1: 3.5, 0: 1}, 'gamma': np.float64(3.593813663804626), 'kernel': 'rbf'}",0.70625,0.8999999999999999,0.64375,0.6190476190476191,0.6214285714285714,0.6980952380952381,0.10574662337875883,64
0.003993082046508789,0.0006476856213534541,0.005091142654418945,0.002750801057202142,0.1,2000,balanced,1.2915496650148828,rbf,"{'C': np.float64(0.1), 'cache_size': 2000, 'class_weight': 'balanced', 'gamma': np.float64(1.2915496650148828), 'kernel': 'rbf'}",0.5874999999999999,0.8375,0.6,0.6190476190476191,0.8428571428571427,0.6973809523809523,0.11703815975570646,65
0.003305959701538086,0.0004033888877041157,0.0037028312683105467,0.0007482822981518372,46.41588833612777,2000,balanced,0.46415888336127775,rbf,"{'C': np.float64(46.41588833612777), 'cache_size': 2000, 'class_weight': 'balanced', 'gamma': np.float64(0.46415888336127775), 'kernel': 'rbf'}",0.6312500000000001,0.7999999999999999,0.8125,0.7142857142857142,0.5285714285714286,0.6973214285714284,0.10671342512561767,66
0.004616785049438477,0.0009027931408477279,0.0077167987823486325,0.007447296600779612,359.38136638046257,2000,balanced,1.2915496650148828,rbf,"{'C': np.float64(359.38136638046257), 'cache_size': 2000, 'class_weight': 'balanced', 'gamma': np.float64(1.2915496650148828), 'kernel': 'rbf'}",0.8562500000000001,0.8375,0.6687500000000001,0.5238095238095238,0.6,0.6972619047619049,0.13061582834600283,67
0.003408670425415039,0.0008593080297941559,0.003302145004272461,0.0004003937022142526,0.1,2000,"{1: 2, 0: 1}",10.0,poly,"{'C': np.float64(0.1), 'cache_size': 2000, 'class_weight': {1: 2, 0: 1}, 'gamma': np.float64(10.0), 'kernel': 'poly'}",0.6125,0.75625,0.86875,0.6258503401360545,0.6214285714285714,0.6969557823129251,0.10091796682361613,68
0.0035028457641601562,0.0007744837799407824,0.004213809967041016,0.0011715513828095094,46.41588833612777,2000,"{1: 2, 0: 1}",1.2915496650148828,poly,"{'C': np.float64(46.41588833612777), 'cache_size': 2000, 'class_weight': {1: 2, 0: 1}, 'gamma': np.float64(1.2915496650148828), 'kernel': 'poly'}",0.6125,0.75625,0.86875,0.6258503401360545,0.6214285714285714,0.6969557823129251,0.10091796682361613,68
0.01362767219543457,0.02149428180849838,0.0037064552307128906,0.0008784630563696188,2.1544346900318834,2000,"{1: 2, 0: 1}",3.593813663804626,poly,"{'C': np.float64(2.1544346900318834), 'cache_size': 2000, 'class_weight': {1: 2, 0: 1}, 'gamma': np.float64(3.593813663804626), 'kernel': 'poly'}",0.6125,0.75625,0.86875,0.6258503401360545,0.6214285714285714,0.6969557823129251,0.10091796682361613,68
0.003006601333618164,0.0008441657321957811,0.003206205368041992,0.0002515913860629478,1000.0,2000,"{1: 2, 0: 1}",0.46415888336127775,poly,"{'C': np.float64(1000.0), 'cache_size': 2000, 'class_weight': {1: 2, 0: 1}, 'gamma': np.float64(0.46415888336127775), 'kernel': 'poly'}",0.6125,0.75625,0.86875,0.6258503401360545,0.6214285714285714,0.6969557823129251,0.10091796682361613,68
0.0038068294525146484,0.0005151316201971269,0.004008722305297851,0.0007098004745822887,0.2782559402207124,2000,balanced,3.593813663804626,rbf,"{'C': np.float64(0.2782559402207124), 'cache_size': 2000, 'class_weight': 'balanced', 'gamma': np.float64(3.593813663804626), 'kernel': 'rbf'}",0.53125,0.86875,0.68125,0.6870748299319728,0.7142857142857143,0.6965221088435374,0.10734556396932245,72
0.0038168907165527345,0.0011567047475751042,0.005890655517578125,0.00408096963065271,0.1,2000,"{1: 3, 0: 1}",1.2915496650148828,rbf,"{'C': np.float64(0.1), 'cache_size': 2000, 'class_weight': {1: 3, 0: 1}, 'gamma': np.float64(1.2915496650148828), 'kernel': 'rbf'}",0.6,0.86875,0.5874999999999999,0.6190476190476191,0.8071428571428572,0.6964880952380952,0.11756191980680708,73
0.0033024311065673827,0.00040041946020725794,0.003511190414428711,0.0005491303585815727,46.41588833612777,2000,"{1: 3, 0: 1}",0.46415888336127775,rbf,"{'C': np.float64(46.41588833612777), 'cache_size': 2000, 'class_weight': {1: 3, 0: 1}, 'gamma': np.float64(0.46415888336127775), 'kernel': 'rbf'}",0.65,0.825,0.775,0.653061224489796,0.5785714285714285,0.6963265306122448,0.09014507720210477,74
0.005813455581665039,0.00207426421164145,0.006606674194335938,0.0031388396287633505,0.2782559402207124,2000,"{1: 3, 0: 1}",1.2915496650148828,rbf,"{'C': np.float64(0.2782559402207124), 'cache_size': 2000, 'class_weight': {1: 3, 0: 1}, 'gamma': np.float64(1.2915496650148828), 'kernel': 'rbf'}",0.5875,0.86875,0.59375,0.6190476190476191,0.8071428571428572,0.6952380952380952,0.11860976025082157,75
0.0037038326263427734,0.0009284960728929317,0.004218149185180664,0.0006885842497107001,0.1,2000,"{1: 2, 0: 1}",10.0,rbf,"{'C': np.float64(0.1), 'cache_size': 2000, 'class_weight': {1: 2, 0: 1}, 'gamma': np.float64(10.0), 'kernel': 'rbf'}",0.45,0.8812500000000001,0.7500000000000001,0.7687074829931972,0.6142857142857142,0.6928486394557823,0.14809693427387605,76
0.0030032634735107423,0.0005498197645091745,0.003706216812133789,0.0006058629020751329,5.994842503189409,2000,"{1: 3.5, 0: 1}",1.2915496650148828,rbf,"{'C': np.float64(5.994842503189409), 'cache_size': 2000, 'class_weight': {1: 3.5, 0: 1}, 'gamma': np.float64(1.2915496650148828), 'kernel': 'rbf'}",0.6625000000000001,0.8625,0.65625,0.6258503401360545,0.6571428571428571,0.6928486394557823,0.0857971555048877,76
0.003712320327758789,0.0003877613735533761,0.0030060291290283205,0.0005520072033900611,0.1,2000,"{1: 2, 0: 1}",0.001,poly,"{'C': np.float64(0.1), 'cache_size': 2000, 'class_weight': {1: 2, 0: 1}, 'gamma': np.float64(0.001), 'kernel': 'poly'}",0.6,0.85,0.74375,0.6326530612244897,0.6357142857142857,0.6924234693877551,0.09251519512281796,78
0.004808282852172852,0.0025911592172270675,0.004815101623535156,0.0009242827148543912,0.2782559402207124,2000,"{1: 2, 0: 1}",0.001,poly,"{'C': np.float64(0.2782559402207124), 'cache_size': 2000, 'class_weight': {1: 2, 0: 1}, 'gamma': np.float64(0.001), 'kernel': 'poly'}",0.6,0.8500000000000001,0.74375,0.6326530612244897,0.6357142857142857,0.6924234693877551,0.092515195122818,78
0.003407192230224609,0.0007328541667061139,0.004206991195678711,0.0010347493627969396,0.2782559402207124,2000,"{1: 3.5, 0: 1}",3.593813663804626,rbf,"{'C': np.float64(0.2782559402207124), 'cache_size': 2000, 'class_weight': {1: 3.5, 0: 1}, 'gamma': np.float64(3.593813663804626), 'kernel': 'rbf'}",0.6375,0.8625,0.58125,0.5782312925170068,0.8,0.6918962585034013,0.11739959752133762,80
0.005002117156982422,0.0008950025218681154,0.004120492935180664,0.0003703264422153154,0.2782559402207124,2000,balanced,1.2915496650148828,rbf,"{'C': np.float64(0.2782559402207124), 'cache_size': 2000, 'class_weight': 'balanced', 'gamma': np.float64(1.2915496650148828), 'kernel': 'rbf'}",0.5625,0.8375,0.6,0.6258503401360545,0.8285714285714286,0.6908843537414966,0.11783531666634242,81
0.0031052112579345705,0.0004850537109920051,0.0039046287536621095,0.0007359200035423877,0.1,2000,"{1: 3.5, 0: 1}",3.593813663804626,rbf,"{'C': np.float64(0.1), 'cache_size': 2000, 'class_weight': {1: 3.5, 0: 1}, 'gamma': np.float64(3.593813663804626), 'kernel': 'rbf'}",0.6375,0.8625,0.5625,0.5918367346938775,0.8,0.6908673469387756,0.11874427582161524,82
0.0036076068878173827,0.0007399425383702147,0.0036144256591796875,0.0003703425711645383,0.2782559402207124,2000,"{1: 3.5, 0: 1}",1.2915496650148828,rbf,"{'C': np.float64(0.2782559402207124), 'cache_size': 2000, 'class_weight': {1: 3.5, 0: 1}, 'gamma': np.float64(1.2915496650148828), 'kernel': 'rbf'}",0.625,0.8625,0.575,0.6122448979591837,0.7714285714285714,0.6892346938775511,0.10943471996671846,83
0.003116750717163086,0.00022107050049597235,0.003803110122680664,0.0005103565093228012,0.1,2000,"{1: 3.5, 0: 1}",10.0,rbf,"{'C': np.float64(0.1), 'cache_size': 2000, 'class_weight': {1: 3.5, 0: 1}, 'gamma': np.float64(10.0), 'kernel': 'rbf'}",0.66875,0.8875000000000001,0.5875,0.5578231292517006,0.7428571428571429,0.6888860544217688,0.11850946024522833,84
0.009421873092651366,0.01020055507787607,0.006113481521606445,0.0037444316310741464,0.2782559402207124,2000,balanced,0.1668100537200059,rbf,"{'C': np.float64(0.2782559402207124), 'cache_size': 2000, 'class_weight': 'balanced', 'gamma': np.float64(0.1668100537200059), 'kernel': 'rbf'}",0.575,0.83125,0.59375,0.6326530612244898,0.8071428571428572,0.6879591836734693,0.10902377787448095,85
0.005413150787353516,0.0016546567685696326,0.0057085990905761715,0.0019218837018306343,0.774263682681127,2000,balanced,0.1668100537200059,rbf,"{'C': np.float64(0.774263682681127), 'cache_size': 2000, 'class_weight': 'balanced', 'gamma': np.float64(0.1668100537200059), 'kernel': 'rbf'}",0.575,0.83125,0.59375,0.6326530612244898,0.8071428571428572,0.6879591836734693,0.10902377787448095,85
0.003527212142944336,0.0005520336675528141,0.003267335891723633,0.0003716180580734344,0.1,2000,balanced,0.1668100537200059,rbf,"{'C': np.float64(0.1), 'cache_size': 2000, 'class_weight': 'balanced', 'gamma': np.float64(0.1668100537200059), 'kernel': 'rbf'}",0.575,0.83125,0.59375,0.6326530612244898,0.8071428571428572,0.6879591836734693,0.10902377787448095,85
0.0035090923309326174,0.001184178664025602,0.003805065155029297,0.0007445097790368441,0.1,2000,"{1: 3.5, 0: 1}",1.2915496650148828,rbf,"{'C': np.float64(0.1), 'cache_size': 2000, 'class_weight': {1: 3.5, 0: 1}, 'gamma': np.float64(1.2915496650148828), 'kernel': 'rbf'}",0.625,0.8625,0.575,0.6054421768707483,0.7714285714285714,0.6878741496598639,0.11042127648140326,88
0.0056034564971923825,0.0014989903112944591,0.004423999786376953,0.000661260977642674,1000.0,2000,"{1: 2, 0: 1}",0.007742636826811269,poly,"{'C': np.float64(1000.0), 'cache_size': 2000, 'class_weight': {1: 2, 0: 1}, 'gamma': np.float64(0.007742636826811269), 'kernel': 'poly'}",0.5750000000000001,0.8500000000000001,0.74375,0.6326530612244897,0.6357142857142857,0.6874234693877551,0.09789431047047951,89
0.003109264373779297,0.00020823497807149154,0.003003215789794922,0.0008388540185301224,2.1544346900318834,2000,"{1: 2, 0: 1}",0.1668100537200059,poly,"{'C': np.float64(2.1544346900318834), 'cache_size': 2000, 'class_weight': {1: 2, 0: 1}, 'gamma': np.float64(0.1668100537200059), 'kernel': 'poly'}",0.5750000000000001,0.8500000000000001,0.74375,0.6326530612244897,0.6357142857142857,0.6874234693877551,0.09789431047047951,89
0.0027055263519287108,0.0004022369563663216,0.004507827758789063,0.0030185436683074045,2.1544346900318834,2000,"{1: 2, 0: 1}",0.05994842503189409,poly,"{'C': np.float64(2.1544346900318834), 'cache_size': 2000, 'class_weight': {1: 2, 0: 1}, 'gamma': np.float64(0.05994842503189409), 'kernel': 'poly'}",0.5750000000000001,0.8500000000000001,0.74375,0.6326530612244897,0.6357142857142857,0.6874234693877551,0.09789431047047951,89
0.0032052516937255858,0.0012080022583022512,0.00360722541809082,0.0007419301085155341,2.1544346900318834,2000,"{1: 2, 0: 1}",0.021544346900318832,poly,"{'C': np.float64(2.1544346900318834), 'cache_size': 2000, 'class_weight': {1: 2, 0: 1}, 'gamma': np.float64(0.021544346900318832), 'kernel': 'poly'}",0.5750000000000001,0.8500000000000001,0.74375,0.6326530612244897,0.6357142857142857,0.6874234693877551,0.09789431047047951,89
0.003708171844482422,0.0024212832617831574,0.002905607223510742,0.0001926436872709074,46.41588833612777,2000,"{1: 2, 0: 1}",0.0027825594022071257,poly,"{'C': np.float64(46.41588833612777), 'cache_size': 2000, 'class_weight': {1: 2, 0: 1}, 'gamma': np.float64(0.0027825594022071257), 'kernel': 'poly'}",0.5750000000000001,0.8500000000000001,0.74375,0.6326530612244897,0.6357142857142857,0.6874234693877551,0.09789431047047951,89
0.002706575393676758,0.00039170425071907364,0.0032035350799560548,0.0002466282083541965,359.38136638046257,2000,"{1: 2, 0: 1}",0.021544346900318832,poly,"{'C': np.float64(359.38136638046257), 'cache_size': 2000, 'class_weight': {1: 2, 0: 1}, 'gamma': np.float64(0.021544346900318832), 'kernel': 'poly'}",0.5750000000000001,0.8500000000000001,0.74375,0.6326530612244897,0.6357142857142857,0.6874234693877551,0.09789431047047951,89
0.0028057098388671875,0.00023900289459169593,0.0052163124084472655,0.0027898868036277252,46.41588833612777,2000,"{1: 2, 0: 1}",0.021544346900318832,poly,"{'C': np.float64(46.41588833612777), 'cache_size': 2000, 'class_weight': {1: 2, 0: 1}, 'gamma': np.float64(0.021544346900318832), 'kernel': 'poly'}",0.5750000000000001,0.8500000000000001,0.74375,0.6326530612244897,0.6357142857142857,0.6874234693877551,0.09789431047047951,89
0.003901767730712891,0.0014282762341531648,0.006813573837280274,0.0036622354720430147,46.41588833612777,2000,"{1: 2, 0: 1}",0.05994842503189409,poly,"{'C': np.float64(46.41588833612777), 'cache_size': 2000, 'class_weight': {1: 2, 0: 1}, 'gamma': np.float64(0.05994842503189409), 'kernel': 'poly'}",0.5750000000000001,0.8500000000000001,0.74375,0.6326530612244897,0.6357142857142857,0.6874234693877551,0.09789431047047951,89
0.0044037818908691405,0.0025600216903277416,0.003314208984375,0.0006939666156596324,5.994842503189409,2000,"{1: 2, 0: 1}",0.007742636826811269,poly,"{'C': np.float64(5.994842503189409), 'cache_size': 2000, 'class_weight': {1: 2, 0: 1}, 'gamma': np.float64(0.007742636826811269), 'kernel': 'poly'}",0.5750000000000001,0.8500000000000001,0.74375,0.6326530612244897,0.6357142857142857,0.6874234693877551,0.09789431047047951,89
0.004207038879394531,0.0016926540857598621,0.003716707229614258,0.0006743690477371999,16.68100537200059,2000,"{1: 2, 0: 1}",0.05994842503189409,poly,"{'C': np.float64(16.68100537200059), 'cache_size': 2000, 'class_weight': {1: 2, 0: 1}, 'gamma': np.float64(0.05994842503189409), 'kernel': 'poly'}",0.5750000000000001,0.8500000000000001,0.74375,0.6326530612244897,0.6357142857142857,0.6874234693877551,0.09789431047047951,89
0.003203678131103516,0.0006799887538153437,0.003506898880004883,0.00044717708867433593,16.68100537200059,2000,"{1: 2, 0: 1}",0.007742636826811269,poly,"{'C': np.float64(16.68100537200059), 'cache_size': 2000, 'class_weight': {1: 2, 0: 1}, 'gamma': np.float64(0.007742636826811269), 'kernel': 'poly'}",0.5750000000000001,0.8500000000000001,0.74375,0.6326530612244897,0.6357142857142857,0.6874234693877551,0.09789431047047951,89
0.0023549556732177734,0.00037478759386434893,0.0033054351806640625,0.00024821020744145774,16.68100537200059,2000,"{1: 2, 0: 1}",0.021544346900318832,poly,"{'C': np.float64(16.68100537200059), 'cache_size': 2000, 'class_weight': {1: 2, 0: 1}, 'gamma': np.float64(0.021544346900318832), 'kernel': 'poly'}",0.5750000000000001,0.8500000000000001,0.74375,0.6326530612244897,0.6357142857142857,0.6874234693877551,0.09789431047047951,89
0.003406858444213867,0.0005924936190134111,0.002706432342529297,0.00039808956842410815,0.774263682681127,2000,"{1: 2, 0: 1}",0.0027825594022071257,poly,"{'C': np.float64(0.774263682681127), 'cache_size': 2000, 'class_weight': {1: 2, 0: 1}, 'gamma': np.float64(0.0027825594022071257), 'kernel': 'poly'}",0.5750000000000001,0.8500000000000001,0.74375,0.6326530612244897,0.6357142857142857,0.6874234693877551,0.09789431047047951,89
0.002902507781982422,0.000491734837028426,0.003607320785522461,0.0007348988138435012,5.994842503189409,2000,"{1: 2, 0: 1}",0.001,poly,"{'C': np.float64(5.994842503189409), 'cache_size': 2000, 'class_weight': {1: 2, 0: 1}, 'gamma': np.float64(0.001), 'kernel': 'poly'}",0.5750000000000001,0.8500000000000001,0.74375,0.6326530612244897,0.6357142857142857,0.6874234693877551,0.09789431047047951,89
0.006708908081054688,0.0014416015486237099,0.005013751983642578,0.0015160668875984437,5.994842503189409,2000,"{1: 2, 0: 1}",0.0027825594022071257,poly,"{'C': np.float64(5.994842503189409), 'cache_size': 2000, 'class_weight': {1: 2, 0: 1}, 'gamma': np.float64(0.0027825594022071257), 'kernel': 'poly'}",0.5750000000000001,0.8500000000000001,0.74375,0.6326530612244897,0.6357142857142857,0.6874234693877551,0.09789431047047951,89
0.003203868865966797,0.0006798256678551769,0.003505563735961914,0.0004515974814434449,16.68100537200059,2000,"{1: 2, 0: 1}",0.0027825594022071257,poly,"{'C': np.float64(16.68100537200059), 'cache_size': 2000, 'class_weight': {1: 2, 0: 1}, 'gamma': np.float64(0.0027825594022071257), 'kernel': 'poly'}",0.5750000000000001,0.8500000000000001,0.74375,0.6326530612244897,0.6357142857142857,0.6874234693877551,0.09789431047047951,89
0.0029027462005615234,0.0011138892132916388,0.004010343551635742,0.0008307469450847424,5.994842503189409,2000,"{1: 2, 0: 1}",0.05994842503189409,poly,"{'C': np.float64(5.994842503189409), 'cache_size': 2000, 'class_weight': {1: 2, 0: 1}, 'gamma': np.float64(0.05994842503189409), 'kernel': 'poly'}",0.5750000000000001,0.8500000000000001,0.74375,0.6326530612244897,0.6357142857142857,0.6874234693877551,0.09789431047047951,89
0.004207420349121094,0.0008159008917023403,0.0033052921295166015,0.000751721833929934,46.41588833612777,2000,"{1: 2, 0: 1}",0.001,poly,"{'C': np.float64(46.41588833612777), 'cache_size': 2000, 'class_weight': {1: 2, 0: 1}, 'gamma': np.float64(0.001), 'kernel': 'poly'}",0.5750000000000001,0.8500000000000001,0.74375,0.6326530612244897,0.6357142857142857,0.6874234693877551,0.09789431047047951,89
0.0035028457641601562,0.0017899255731910991,0.004712438583374024,0.0015088036165603147,0.774263682681127,2000,"{1: 2, 0: 1}",0.05994842503189409,poly,"{'C': np.float64(0.774263682681127), 'cache_size': 2000, 'class_weight': {1: 2, 0: 1}, 'gamma': np.float64(0.05994842503189409), 'kernel': 'poly'}",0.5750000000000001,0.8500000000000001,0.74375,0.6326530612244897,0.6357142857142857,0.6874234693877551,0.09789431047047951,89
0.004905891418457031,0.002425612564621904,0.004009723663330078,0.0013461461182623239,0.774263682681127,2000,"{1: 2, 0: 1}",0.1668100537200059,poly,"{'C': np.float64(0.774263682681127), 'cache_size': 2000, 'class_weight': {1: 2, 0: 1}, 'gamma': np.float64(0.1668100537200059), 'kernel': 'poly'}",0.5750000000000001,0.8500000000000001,0.74375,0.6326530612244897,0.6357142857142857,0.6874234693877551,0.09789431047047951,89
0.002607250213623047,0.0005912223066670336,0.003305482864379883,0.0005970610071097879,0.774263682681127,2000,"{1: 2, 0: 1}",0.021544346900318832,poly,"{'C': np.float64(0.774263682681127), 'cache_size': 2000, 'class_weight': {1: 2, 0: 1}, 'gamma': np.float64(0.021544346900318832), 'kernel': 'poly'}",0.5750000000000001,0.8500000000000001,0.74375,0.6326530612244897,0.6357142857142857,0.6874234693877551,0.09789431047047951,89
0.0036043167114257813,0.0007972488645305002,0.003005361557006836,0.00031525235405066414,0.774263682681127,2000,"{1: 2, 0: 1}",0.007742636826811269,poly,"{'C': np.float64(0.774263682681127), 'cache_size': 2000, 'class_weight': {1: 2, 0: 1}, 'gamma': np.float64(0.007742636826811269), 'kernel': 'poly'}",0.5750000000000001,0.8500000000000001,0.74375,0.6326530612244897,0.6357142857142857,0.6874234693877551,0.09789431047047951,89
0.0032069206237792967,0.00025014776425261783,0.003305959701538086,0.0004064099463859892,46.41588833612777,2000,"{1: 2, 0: 1}",0.007742636826811269,poly,"{'C': np.float64(46.41588833612777), 'cache_size': 2000, 'class_weight': {1: 2, 0: 1}, 'gamma': np.float64(0.007742636826811269), 'kernel': 'poly'}",0.5750000000000001,0.8500000000000001,0.74375,0.6326530612244897,0.6357142857142857,0.6874234693877551,0.09789431047047951,89
0.003006649017333984,0.0005497777222016484,0.00290532112121582,0.0004910829054497018,0.774263682681127,2000,"{1: 2, 0: 1}",0.001,poly,"{'C': np.float64(0.774263682681127), 'cache_size': 2000, 'class_weight': {1: 2, 0: 1}, 'gamma': np.float64(0.001), 'kernel': 'poly'}",0.5750000000000001,0.8500000000000001,0.74375,0.6326530612244897,0.6357142857142857,0.6874234693877551,0.09789431047047951,89
0.0033073902130126955,0.00025071975349310184,0.004105186462402344,0.0011985048145682004,16.68100537200059,2000,"{1: 2, 0: 1}",0.001,poly,"{'C': np.float64(16.68100537200059), 'cache_size': 2000, 'class_weight': {1: 2, 0: 1}, 'gamma': np.float64(0.001), 'kernel': 'poly'}",0.5750000000000001,0.8500000000000001,0.74375,0.6326530612244897,0.6357142857142857,0.6874234693877551,0.09789431047047951,89
0.004607725143432617,0.0027308000006445662,0.003607177734375,0.0012478928425278552,129.15496650148827,2000,"{1: 2, 0: 1}",0.007742636826811269,poly,"{'C': np.float64(129.15496650148827), 'cache_size': 2000, 'class_weight': {1: 2, 0: 1}, 'gamma': np.float64(0.007742636826811269), 'kernel': 'poly'}",0.5750000000000001,0.8500000000000001,0.74375,0.6326530612244897,0.6357142857142857,0.6874234693877551,0.09789431047047951,89
0.0030027389526367187,0.00031651294723927613,0.0035100460052490236,0.0006349600446335733,1000.0,2000,"{1: 2, 0: 1}",0.021544346900318832,poly,"{'C': np.float64(1000.0), 'cache_size': 2000, 'class_weight': {1: 2, 0: 1}, 'gamma': np.float64(0.021544346900318832), 'kernel': 'poly'}",0.5750000000000001,0.8500000000000001,0.74375,0.6326530612244897,0.6357142857142857,0.6874234693877551,0.09789431047047951,89
0.003406381607055664,0.001602373952108956,0.003608894348144531,0.000734499988888698,1000.0,2000,"{1: 2, 0: 1}",0.001,poly,"{'C': np.float64(1000.0), 'cache_size': 2000, 'class_weight': {1: 2, 0: 1}, 'gamma': np.float64(0.001), 'kernel': 'poly'}",0.5750000000000001,0.8500000000000001,0.74375,0.6326530612244897,0.6357142857142857,0.6874234693877551,0.09789431047047951,89
0.0030068874359130858,0.0007050159115944948,0.003705930709838867,0.0008655301687802608,0.1,2000,"{1: 2, 0: 1}",0.05994842503189409,poly,"{'C': np.float64(0.1), 'cache_size': 2000, 'class_weight': {1: 2, 0: 1}, 'gamma': np.float64(0.05994842503189409), 'kernel': 'poly'}",0.5750000000000001,0.8500000000000001,0.74375,0.6326530612244897,0.6357142857142857,0.6874234693877551,0.09789431047047951,89
0.0034044265747070314,0.0013565502123450595,0.00440826416015625,0.0010252361246847128,1000.0,2000,"{1: 2, 0: 1}",0.0027825594022071257,poly,"{'C': np.float64(1000.0), 'cache_size': 2000, 'class_weight': {1: 2, 0: 1}, 'gamma': np.float64(0.0027825594022071257), 'kernel': 'poly'}",0.5750000000000001,0.8500000000000001,0.74375,0.6326530612244897,0.6357142857142857,0.6874234693877551,0.09789431047047951,89
0.00310821533203125,0.00037944813547410123,0.004306602478027344,0.0026020876382757694,0.1,2000,"{1: 2, 0: 1}",0.1668100537200059,poly,"{'C': np.float64(0.1), 'cache_size': 2000, 'class_weight': {1: 2, 0: 1}, 'gamma': np.float64(0.1668100537200059), 'kernel': 'poly'}",0.5750000000000001,0.8500000000000001,0.74375,0.6326530612244897,0.6357142857142857,0.6874234693877551,0.09789431047047951,89
0.02615656852722168,0.044303982231119456,0.003807210922241211,0.001510724057489372,0.1,2000,"{1: 2, 0: 1}",0.46415888336127775,poly,"{'C': np.float64(0.1), 'cache_size': 2000, 'class_weight': {1: 2, 0: 1}, 'gamma': np.float64(0.46415888336127775), 'kernel': 'poly'}",0.5750000000000001,0.8500000000000001,0.74375,0.6326530612244897,0.6357142857142857,0.6874234693877551,0.09789431047047951,89
0.003105640411376953,0.0008076553854035711,0.0028033733367919924,0.0005101564051962548,2.1544346900318834,2000,"{1: 2, 0: 1}",0.001,poly,"{'C': np.float64(2.1544346900318834), 'cache_size': 2000, 'class_weight': {1: 2, 0: 1}, 'gamma': np.float64(0.001), 'kernel': 'poly'}",0.5750000000000001,0.8500000000000001,0.74375,0.6326530612244897,0.6357142857142857,0.6874234693877551,0.09789431047047951,89
0.0027059078216552734,0.0006064707829506724,0.0033089160919189454,0.00041268289421116024,2.1544346900318834,2000,"{1: 2, 0: 1}",0.0027825594022071257,poly,"{'C': np.float64(2.1544346900318834), 'cache_size': 2000, 'class_weight': {1: 2, 0: 1}, 'gamma': np.float64(0.0027825594022071257), 'kernel': 'poly'}",0.5750000000000001,0.8500000000000001,0.74375,0.6326530612244897,0.6357142857142857,0.6874234693877551,0.09789431047047951,89
0.004713821411132813,0.0025288086601233215,0.009919309616088867,0.010378676593714553,2.1544346900318834,2000,"{1: 2, 0: 1}",0.007742636826811269,poly,"{'C': np.float64(2.1544346900318834), 'cache_size': 2000, 'class_weight': {1: 2, 0: 1}, 'gamma': np.float64(0.007742636826811269), 'kernel': 'poly'}",0.5750000000000001,0.8500000000000001,0.74375,0.6326530612244897,0.6357142857142857,0.6874234693877551,0.09789431047047951,89
0.00340118408203125,0.001020711951626318,0.005517148971557617,0.0014127087076252125,359.38136638046257,2000,"{1: 2, 0: 1}",0.007742636826811269,poly,"{'C': np.float64(359.38136638046257), 'cache_size': 2000, 'class_weight': {1: 2, 0: 1}, 'gamma': np.float64(0.007742636826811269), 'kernel': 'poly'}",0.5750000000000001,0.8500000000000001,0.74375,0.6326530612244897,0.6357142857142857,0.6874234693877551,0.09789431047047951,89
0.0024033546447753905,0.00037604185512197825,0.0029059410095214843,0.0001998508438409529,359.38136638046257,2000,"{1: 2, 0: 1}",0.0027825594022071257,poly,"{'C': np.float64(359.38136638046257), 'cache_size': 2000, 'class_weight': {1: 2, 0: 1}, 'gamma': np.float64(0.0027825594022071257), 'kernel': 'poly'}",0.5750000000000001,0.8500000000000001,0.74375,0.6326530612244897,0.6357142857142857,0.6874234693877551,0.09789431047047951,89
0.00230712890625,0.00025030033168335413,0.0039032459259033202,0.00019722290377952893,359.38136638046257,2000,"{1: 2, 0: 1}",0.001,poly,"{'C': np.float64(359.38136638046257), 'cache_size': 2000, 'class_weight': {1: 2, 0: 1}, 'gamma': np.float64(0.001), 'kernel': 'poly'}",0.5750000000000001,0.8500000000000001,0.74375,0.6326530612244897,0.6357142857142857,0.6874234693877551,0.09789431047047951,89
0.002819347381591797,0.000750191663266773,0.0030034065246582033,0.0003157612781298679,129.15496650148827,2000,"{1: 2, 0: 1}",0.001,poly,"{'C': np.float64(129.15496650148827), 'cache_size': 2000, 'class_weight': {1: 2, 0: 1}, 'gamma': np.float64(0.001), 'kernel': 'poly'}",0.5750000000000001,0.8500000000000001,0.74375,0.6326530612244897,0.6357142857142857,0.6874234693877551,0.09789431047047951,89
0.0019416332244873047,0.0005011837867116849,0.002112007141113281,0.00020548420844332445,129.15496650148827,2000,"{1: 2, 0: 1}",0.0027825594022071257,poly,"{'C': np.float64(129.15496650148827), 'cache_size': 2000, 'class_weight': {1: 2, 0: 1}, 'gamma': np.float64(0.0027825594022071257), 'kernel': 'poly'}",0.5750000000000001,0.8500000000000001,0.74375,0.6326530612244897,0.6357142857142857,0.6874234693877551,0.09789431047047951,89
0.0036069869995117186,0.0008607562587281688,0.0036110877990722656,0.0008025341916056872,0.1,2000,"{1: 2, 0: 1}",0.007742636826811269,poly,"{'C': np.float64(0.1), 'cache_size': 2000, 'class_weight': {1: 2, 0: 1}, 'gamma': np.float64(0.007742636826811269), 'kernel': 'poly'}",0.5750000000000001,0.8500000000000001,0.74375,0.6326530612244897,0.6357142857142857,0.6874234693877551,0.09789431047047951,89
0.0027353763580322266,0.0005816495150664044,0.003707551956176758,0.0006793001403305614,0.1,2000,"{1: 2, 0: 1}",0.0027825594022071257,poly,"{'C': np.float64(0.1), 'cache_size': 2000, 'class_weight': {1: 2, 0: 1}, 'gamma': np.float64(0.0027825594022071257), 'kernel': 'poly'}",0.5750000000000001,0.8500000000000001,0.74375,0.6326530612244897,0.6357142857142857,0.6874234693877551,0.09789431047047951,89
0.0035061359405517576,0.0012722323980835038,0.0033075809478759766,0.0002507031388319131,0.1,2000,"{1: 2, 0: 1}",0.021544346900318832,poly,"{'C': np.float64(0.1), 'cache_size': 2000, 'class_weight': {1: 2, 0: 1}, 'gamma': np.float64(0.021544346900318832), 'kernel': 'poly'}",0.5750000000000001,0.8500000000000001,0.74375,0.6326530612244897,0.6357142857142857,0.6874234693877551,0.09789431047047951,89
0.002704906463623047,0.0006007618994340443,0.0032035350799560548,0.0008149985375761166,0.2782559402207124,2000,"{1: 2, 0: 1}",0.05994842503189409,poly,"{'C': np.float64(0.2782559402207124), 'cache_size': 2000, 'class_weight': {1: 2, 0: 1}, 'gamma': np.float64(0.05994842503189409), 'kernel': 'poly'}",0.5750000000000001,0.8500000000000001,0.74375,0.6326530612244897,0.6357142857142857,0.6874234693877551,0.09789431047047951,89
0.0031178951263427734,0.00020604445352029994,0.0030031681060791017,0.00031659593692751997,5.994842503189409,2000,"{1: 2, 0: 1}",0.021544346900318832,poly,"{'C': np.float64(5.994842503189409), 'cache_size': 2000, 'class_weight': {1: 2, 0: 1}, 'gamma': np.float64(0.021544346900318832), 'kernel': 'poly'}",0.5750000000000001,0.8500000000000001,0.74375,0.6326530612244897,0.6357142857142857,0.6874234693877551,0.09789431047047951,89
0.004306650161743164,0.0008773003624634159,0.0044119834899902345,0.0014735965445825771,0.2782559402207124,2000,"{1: 2, 0: 1}",0.021544346900318832,poly,"{'C': np.float64(0.2782559402207124), 'cache_size': 2000, 'class_weight': {1: 2, 0: 1}, 'gamma': np.float64(0.021544346900318832), 'kernel': 'poly'}",0.5750000000000001,0.8500000000000001,0.74375,0.6326530612244897,0.6357142857142857,0.6874234693877551,0.09789431047047951,89
0.003315639495849609,0.000396565067798284,0.003602933883666992,0.0010685163664311014,0.2782559402207124,2000,"{1: 2, 0: 1}",0.007742636826811269,poly,"{'C': np.float64(0.2782559402207124), 'cache_size': 2000, 'class_weight': {1: 2, 0: 1}, 'gamma': np.float64(0.007742636826811269), 'kernel': 'poly'}",0.5750000000000001,0.8500000000000001,0.74375,0.6326530612244897,0.6357142857142857,0.6874234693877551,0.09789431047047951,89
0.0028059959411621095,0.0006814456521511495,0.002914285659790039,0.0007868416878624442,0.2782559402207124,2000,"{1: 2, 0: 1}",0.0027825594022071257,poly,"{'C': np.float64(0.2782559402207124), 'cache_size': 2000, 'class_weight': {1: 2, 0: 1}, 'gamma': np.float64(0.0027825594022071257), 'kernel': 'poly'}",0.5750000000000001,0.8500000000000001,0.74375,0.6326530612244897,0.6357142857142857,0.6874234693877551,0.09789431047047951,89
0.003005647659301758,0.0007099691940019618,0.002703285217285156,0.00040008901206939085,129.15496650148827,2000,"{1: 2, 0: 1}",0.021544346900318832,poly,"{'C': np.float64(129.15496650148827), 'cache_size': 2000, 'class_weight': {1: 2, 0: 1}, 'gamma': np.float64(0.021544346900318832), 'kernel': 'poly'}",0.5750000000000001,0.8500000000000001,0.74375,0.6326530612244897,0.6357142857142857,0.6874234693877551,0.09789431047047951,89
0.004912662506103516,0.0013928146026719814,0.005509424209594727,0.001641738538674752,0.2782559402207124,2000,"{1: 2, 0: 1}",0.1668100537200059,poly,"{'C': np.float64(0.2782559402207124), 'cache_size': 2000, 'class_weight': {1: 2, 0: 1}, 'gamma': np.float64(0.1668100537200059), 'kernel': 'poly'}",0.5750000000000001,0.8500000000000001,0.74375,0.6326530612244897,0.6357142857142857,0.6874234693877551,0.09789431047047951,89
0.005008983612060547,0.0015532889545256435,0.005106782913208008,0.001359972232798323,16.68100537200059,2000,"{1: 3.5, 0: 1}",3.593813663804626,rbf,"{'C': np.float64(16.68100537200059), 'cache_size': 2000, 'class_weight': {1: 3.5, 0: 1}, 'gamma': np.float64(3.593813663804626), 'kernel': 'rbf'}",0.8250000000000001,0.8375,0.65625,0.5034013605442177,0.6142857142857143,0.6872874149659864,0.12777732758211824,139
0.0061111927032470705,0.0008023193130777772,0.0038056373596191406,0.0011730504419517262,359.38136638046257,2000,"{1: 2, 0: 1}",1.2915496650148828,rbf,"{'C': np.float64(359.38136638046257), 'cache_size': 2000, 'class_weight': {1: 2, 0: 1}, 'gamma': np.float64(1.2915496650148828), 'kernel': 'rbf'}",0.81875,0.8500000000000001,0.6375000000000001,0.5510204081632653,0.5785714285714285,0.6871683673469388,0.123793679370401,140
0.0037078380584716795,0.0005160185218399281,0.0033052444458007814,0.0005951631180439366,0.2782559402207124,2000,balanced,0.46415888336127775,rbf,"{'C': np.float64(0.2782559402207124), 'cache_size': 2000, 'class_weight': 'balanced', 'gamma': np.float64(0.46415888336127775), 'kernel': 'rbf'}",0.58125,0.83125,0.5874999999999999,0.6258503401360545,0.8071428571428572,0.6865986394557823,0.10960306252335558,141
0.0034080982208251954,0.0007364823247458559,0.003607940673828125,0.0005915417660039451,0.1,2000,balanced,0.46415888336127775,rbf,"{'C': np.float64(0.1), 'cache_size': 2000, 'class_weight': 'balanced', 'gamma': np.float64(0.46415888336127775), 'kernel': 'rbf'}",0.58125,0.83125,0.5874999999999999,0.6258503401360545,0.8071428571428572,0.6865986394557823,0.10960306252335558,141
0.002906656265258789,0.0004948807668733613,0.003702402114868164,0.0009815649989647936,0.774263682681127,2000,"{1: 3, 0: 1}",3.593813663804626,poly,"{'C': np.float64(0.774263682681127), 'cache_size': 2000, 'class_weight': {1: 3, 0: 1}, 'gamma': np.float64(3.593813663804626), 'kernel': 'poly'}",0.63125,0.8250000000000001,0.8,0.6122448979591836,0.5642857142857143,0.6865561224489796,0.10542030028708774,143
0.0027059078216552734,0.0006052734416359258,0.003305482864379883,0.00040208981716623204,16.68100537200059,2000,"{1: 3, 0: 1}",1.2915496650148828,poly,"{'C': np.float64(16.68100537200059), 'cache_size': 2000, 'class_weight': {1: 3, 0: 1}, 'gamma': np.float64(1.2915496650148828), 'kernel': 'poly'}",0.63125,0.8250000000000001,0.8,0.6122448979591836,0.5642857142857143,0.6865561224489796,0.10542030028708774,143
0.0030031681060791017,0.0007078668957938588,0.003305959701538086,0.00040223870870868437,359.38136638046257,2000,"{1: 3, 0: 1}",0.46415888336127775,poly,"{'C': np.float64(359.38136638046257), 'cache_size': 2000, 'class_weight': {1: 3, 0: 1}, 'gamma': np.float64(0.46415888336127775), 'kernel': 'poly'}",0.63125,0.8250000000000001,0.8,0.6122448979591836,0.5642857142857143,0.6865561224489796,0.10542030028708774,143
0.004014730453491211,0.0008499907706821931,0.0038065433502197264,0.0006755245238458023,0.2782559402207124,2000,balanced,0.05994842503189409,rbf,"{'C': np.float64(0.2782559402207124), 'cache_size': 2000, 'class_weight': 'balanced', 'gamma': np.float64(0.05994842503189409), 'kernel': 'rbf'}",0.5875,0.83125,0.59375,0.6326530612244898,0.7785714285714286,0.6847448979591837,0.10071480909857182,146
0.006309413909912109,0.003936259697619,0.004519367218017578,0.0018216705170988599,0.774263682681127,2000,balanced,0.05994842503189409,rbf,"{'C': np.float64(0.774263682681127), 'cache_size': 2000, 'class_weight': 'balanced', 'gamma': np.float64(0.05994842503189409), 'kernel': 'rbf'}",0.5875,0.83125,0.59375,0.6326530612244898,0.7785714285714286,0.6847448979591837,0.10071480909857182,146
0.003305816650390625,0.0004016485913017231,0.004012250900268554,0.0009042045983633135,2.1544346900318834,2000,balanced,0.05994842503189409,rbf,"{'C': np.float64(2.1544346900318834), 'cache_size': 2000, 'class_weight': 'balanced', 'gamma': np.float64(0.05994842503189409), 'kernel': 'rbf'}",0.5875,0.83125,0.59375,0.6326530612244898,0.7785714285714286,0.6847448979591837,0.10071480909857182,146
0.005513954162597656,0.0030406567100078018,0.0046051025390625,0.0007972118563963539,0.1,2000,balanced,0.05994842503189409,rbf,"{'C': np.float64(0.1), 'cache_size': 2000, 'class_weight': 'balanced', 'gamma': np.float64(0.05994842503189409), 'kernel': 'rbf'}",0.5875,0.83125,0.59375,0.6326530612244898,0.7785714285714286,0.6847448979591837,0.10071480909857182,146
0.004813385009765625,0.0024380874772931536,0.0036081314086914063,0.0007346461219181141,2.1544346900318834,2000,"{1: 3, 0: 1}",1.2915496650148828,rbf,"{'C': np.float64(2.1544346900318834), 'cache_size': 2000, 'class_weight': {1: 3, 0: 1}, 'gamma': np.float64(1.2915496650148828), 'kernel': 'rbf'}",0.6062500000000001,0.8500000000000001,0.70625,0.653061224489796,0.6071428571428571,0.6845408163265307,0.09050844250868412,150
0.005003452301025391,0.001265988170232005,0.004208850860595703,0.000601121513864918,0.1,2000,balanced,10.0,poly,"{'C': np.float64(0.1), 'cache_size': 2000, 'class_weight': 'balanced', 'gamma': np.float64(10.0), 'kernel': 'poly'}",0.66875,0.75,0.825,0.6122448979591837,0.5642857142857143,0.6840561224489795,0.09375484160759186,151
0.003006172180175781,0.00031675174420065405,0.003906869888305664,0.00019236083774306658,0.774263682681127,2000,"{1: 3.5, 0: 1}",1.2915496650148828,rbf,"{'C': np.float64(0.774263682681127), 'cache_size': 2000, 'class_weight': {1: 3.5, 0: 1}, 'gamma': np.float64(1.2915496650148828), 'kernel': 'rbf'}",0.6375,0.8625,0.55,0.5986394557823129,0.7714285714285714,0.6840136054421768,0.11568117970148838,152
0.004803848266601562,0.001692965969191596,0.004611682891845703,0.0017225919273814144,0.1,2000,balanced,0.021544346900318832,sigmoid,"{'C': np.float64(0.1), 'cache_size': 2000, 'class_weight': 'balanced', 'gamma': np.float64(0.021544346900318832), 'kernel': 'sigmoid'}",0.5812499999999999,0.8375,0.59375,0.6258503401360545,0.7785714285714286,0.6833843537414965,0.10448743268236171,153
0.004111146926879883,0.0009742705917160038,0.005408096313476563,0.0035971917668623336,0.1,2000,balanced,0.05994842503189409,linear,"{'C': np.float64(0.1), 'cache_size': 2000, 'class_weight': 'balanced', 'gamma': np.float64(0.05994842503189409), 'kernel': 'linear'}",0.5812499999999999,0.8375,0.59375,0.6258503401360545,0.7785714285714286,0.6833843537414965,0.10448743268236171,153
0.007908773422241212,0.008090912776194859,0.008419942855834962,0.008087578066743324,0.1,2000,balanced,0.021544346900318832,rbf,"{'C': np.float64(0.1), 'cache_size': 2000, 'class_weight': 'balanced', 'gamma': np.float64(0.021544346900318832), 'kernel': 'rbf'}",0.5875,0.83125,0.59375,0.6258503401360545,0.7785714285714286,0.6833843537414965,0.10145256817129406,153
0.0036066532135009765,0.0005801202238497555,0.003603696823120117,0.000584955404441327,0.1,2000,balanced,10.0,linear,"{'C': np.float64(0.1), 'cache_size': 2000, 'class_weight': 'balanced', 'gamma': np.float64(10.0), 'kernel': 'linear'}",0.5812499999999999,0.8375,0.59375,0.6258503401360545,0.7785714285714286,0.6833843537414965,0.10448743268236171,153
0.004007720947265625,0.0005523274313479339,0.004305505752563476,0.0012535812517899942,0.1,2000,balanced,0.0027825594022071257,sigmoid,"{'C': np.float64(0.1), 'cache_size': 2000, 'class_weight': 'balanced', 'gamma': np.float64(0.0027825594022071257), 'kernel': 'sigmoid'}",0.5812499999999999,0.8375,0.59375,0.6258503401360545,0.7785714285714286,0.6833843537414965,0.10448743268236171,153
0.0033057689666748046,0.0003986627453314648,0.003584003448486328,0.0007393791154797952,0.1,2000,balanced,3.593813663804626,linear,"{'C': np.float64(0.1), 'cache_size': 2000, 'class_weight': 'balanced', 'gamma': np.float64(3.593813663804626), 'kernel': 'linear'}",0.5812499999999999,0.8375,0.59375,0.6258503401360545,0.7785714285714286,0.6833843537414965,0.10448743268236171,153
0.004211854934692383,0.0014053650593431964,0.004491281509399414,0.0015081469488171593,0.1,2000,balanced,1.2915496650148828,linear,"{'C': np.float64(0.1), 'cache_size': 2000, 'class_weight': 'balanced', 'gamma': np.float64(1.2915496650148828), 'kernel': 'linear'}",0.5812499999999999,0.8375,0.59375,0.6258503401360545,0.7785714285714286,0.6833843537414965,0.10448743268236171,153
0.002907276153564453,0.00020159663379805387,0.0036099433898925783,0.00037768077882971614,0.2782559402207124,2000,balanced,10.0,linear,"{'C': np.float64(0.2782559402207124), 'cache_size': 2000, 'class_weight': 'balanced', 'gamma': np.float64(10.0), 'kernel': 'linear'}",0.5812499999999999,0.8375,0.59375,0.6258503401360545,0.7785714285714286,0.6833843537414965,0.10448743268236171,153
0.003911352157592774,0.0005864012548154002,0.003502511978149414,0.000893378252343128,0.2782559402207124,2000,balanced,0.1668100537200059,sigmoid,"{'C': np.float64(0.2782559402207124), 'cache_size': 2000, 'class_weight': 'balanced', 'gamma': np.float64(0.1668100537200059), 'kernel': 'sigmoid'}",0.5812499999999999,0.8375,0.59375,0.6258503401360545,0.7785714285714286,0.6833843537414965,0.10448743268236171,153
0.0038104534149169924,0.0009259277348114344,0.0039023876190185545,0.0008015031156604037,0.2782559402207124,2000,balanced,3.593813663804626,linear,"{'C': np.float64(0.2782559402207124), 'cache_size': 2000, 'class_weight': 'balanced', 'gamma': np.float64(3.593813663804626), 'kernel': 'linear'}",0.5812499999999999,0.8375,0.59375,0.6258503401360545,0.7785714285714286,0.6833843537414965,0.10448743268236171,153
0.0027017116546630858,0.0003995600452782543,0.0032160282135009766,0.0006940498419563464,0.2782559402207124,2000,balanced,0.46415888336127775,linear,"{'C': np.float64(0.2782559402207124), 'cache_size': 2000, 'class_weight': 'balanced', 'gamma': np.float64(0.46415888336127775), 'kernel': 'linear'}",0.5812499999999999,0.8375,0.59375,0.6258503401360545,0.7785714285714286,0.6833843537414965,0.10448743268236171,153
0.004602956771850586,0.0008003959262736206,0.0046230792999267575,0.0017365293411967051,0.2782559402207124,2000,balanced,1.2915496650148828,linear,"{'C': np.float64(0.2782559402207124), 'cache_size': 2000, 'class_weight': 'balanced', 'gamma': np.float64(1.2915496650148828), 'kernel': 'linear'}",0.5812499999999999,0.8375,0.59375,0.6258503401360545,0.7785714285714286,0.6833843537414965,0.10448743268236171,153
0.0046122074127197266,0.0022765975175430978,0.0031027793884277344,0.0006644483270315017,46.41588833612777,2000,balanced,0.001,rbf,"{'C': np.float64(46.41588833612777), 'cache_size': 2000, 'class_weight': 'balanced', 'gamma': np.float64(0.001), 'kernel': 'rbf'}",0.5812499999999999,0.8375,0.59375,0.6258503401360545,0.7785714285714286,0.6833843537414965,0.10448743268236171,153
0.0038167953491210936,0.0006870854710010456,0.004403305053710937,0.0008620062340523426,0.2782559402207124,2000,balanced,0.05994842503189409,sigmoid,"{'C': np.float64(0.2782559402207124), 'cache_size': 2000, 'class_weight': 'balanced', 'gamma': np.float64(0.05994842503189409), 'kernel': 'sigmoid'}",0.5812499999999999,0.8375,0.59375,0.6258503401360545,0.7785714285714286,0.6833843537414965,0.10448743268236171,153
0.0037290573120117186,0.00022579804842538367,0.0033071041107177734,0.0006111862205124117,0.1,2000,balanced,0.46415888336127775,linear,"{'C': np.float64(0.1), 'cache_size': 2000, 'class_weight': 'balanced', 'gamma': np.float64(0.46415888336127775), 'kernel': 'linear'}",0.5812499999999999,0.8375,0.59375,0.6258503401360545,0.7785714285714286,0.6833843537414965,0.10448743268236171,153
0.00320281982421875,0.0002476978615940077,0.004010534286499024,0.0009517441600635406,0.2782559402207124,2000,balanced,0.1668100537200059,linear,"{'C': np.float64(0.2782559402207124), 'cache_size': 2000, 'class_weight': 'balanced', 'gamma': np.float64(0.1668100537200059), 'kernel': 'linear'}",0.5812499999999999,0.8375,0.59375,0.6258503401360545,0.7785714285714286,0.6833843537414965,0.10448743268236171,153
0.0031126976013183595,0.0001976489503075839,0.0033077716827392576,0.0006774158587312051,0.2782559402207124,2000,balanced,0.05994842503189409,linear,"{'C': np.float64(0.2782559402207124), 'cache_size': 2000, 'class_weight': 'balanced', 'gamma': np.float64(0.05994842503189409), 'kernel': 'linear'}",0.5812499999999999,0.8375,0.59375,0.6258503401360545,0.7785714285714286,0.6833843537414965,0.10448743268236171,153
0.0038099765777587892,0.0013700122850366233,0.0035031795501708984,0.00044766422724053755,2.1544346900318834,2000,balanced,0.05994842503189409,sigmoid,"{'C': np.float64(2.1544346900318834), 'cache_size': 2000, 'class_weight': 'balanced', 'gamma': np.float64(0.05994842503189409), 'kernel': 'sigmoid'}",0.5812499999999999,0.8375,0.59375,0.6258503401360545,0.7785714285714286,0.6833843537414965,0.10448743268236171,153
0.0047119140625,0.0005104511243968508,0.0038071155548095705,0.0005113613645503318,46.41588833612777,2000,balanced,0.0027825594022071257,sigmoid,"{'C': np.float64(46.41588833612777), 'cache_size': 2000, 'class_weight': 'balanced', 'gamma': np.float64(0.0027825594022071257), 'kernel': 'sigmoid'}",0.5812499999999999,0.8375,0.59375,0.6258503401360545,0.7785714285714286,0.6833843537414965,0.10448743268236171,153
0.003902626037597656,0.0001981060360170757,0.0030094146728515624,0.0003165100378239554,2.1544346900318834,2000,balanced,0.021544346900318832,sigmoid,"{'C': np.float64(2.1544346900318834), 'cache_size': 2000, 'class_weight': 'balanced', 'gamma': np.float64(0.021544346900318832), 'kernel': 'sigmoid'}",0.5812499999999999,0.8375,0.59375,0.6258503401360545,0.7785714285714286,0.6833843537414965,0.10448743268236171,153
0.003406715393066406,0.0005868761228367605,0.0038069725036621095,0.0005156453532439494,5.994842503189409,2000,balanced,0.001,sigmoid,"{'C': np.float64(5.994842503189409), 'cache_size': 2000, 'class_weight': 'balanced', 'gamma': np.float64(0.001), 'kernel': 'sigmoid'}",0.5812499999999999,0.8375,0.59375,0.6258503401360545,0.7785714285714286,0.6833843537414965,0.10448743268236171,153
0.00420846939086914,0.001209563548272685,0.004405546188354492,0.0007307582018042407,2.1544346900318834,2000,balanced,0.001,sigmoid,"{'C': np.float64(2.1544346900318834), 'cache_size': 2000, 'class_weight': 'balanced', 'gamma': np.float64(0.001), 'kernel': 'sigmoid'}",0.5812499999999999,0.8375,0.59375,0.6258503401360545,0.7785714285714286,0.6833843537414965,0.10448743268236171,153
0.004008436203002929,0.001144832697623337,0.0045108795166015625,0.0009580477569867728,46.41588833612777,2000,balanced,0.0027825594022071257,rbf,"{'C': np.float64(46.41588833612777), 'cache_size': 2000, 'class_weight': 'balanced', 'gamma': np.float64(0.0027825594022071257), 'kernel': 'rbf'}",0.5812499999999999,0.8375,0.59375,0.6258503401360545,0.7785714285714286,0.6833843537414965,0.10448743268236171,153
0.004414272308349609,0.0005847163501510825,0.0044135570526123045,0.0006702264464731447,5.994842503189409,2000,balanced,0.001,rbf,"{'C': np.float64(5.994842503189409), 'cache_size': 2000, 'class_weight': 'balanced', 'gamma': np.float64(0.001), 'kernel': 'rbf'}",0.5812499999999999,0.8375,0.59375,0.6258503401360545,0.7785714285714286,0.6833843537414965,0.10448743268236171,153
0.0033057689666748046,0.0004017467412254918,0.003502559661865234,0.00044740323209521384,2.1544346900318834,2000,balanced,0.001,rbf,"{'C': np.float64(2.1544346900318834), 'cache_size': 2000, 'class_weight': 'balanced', 'gamma': np.float64(0.001), 'kernel': 'rbf'}",0.5812499999999999,0.8375,0.59375,0.6258503401360545,0.7785714285714286,0.6833843537414965,0.10448743268236171,153
0.005012226104736328,0.0011516213984070118,0.003807210922241211,0.0009290723946475355,2.1544346900318834,2000,balanced,0.0027825594022071257,rbf,"{'C': np.float64(2.1544346900318834), 'cache_size': 2000, 'class_weight': 'balanced', 'gamma': np.float64(0.0027825594022071257), 'kernel': 'rbf'}",0.5812499999999999,0.8375,0.59375,0.6258503401360545,0.7785714285714286,0.6833843537414965,0.10448743268236171,153
0.0036057949066162108,0.0009704059268247224,0.0032070636749267577,0.0009269423759874044,2.1544346900318834,2000,balanced,0.007742636826811269,sigmoid,"{'C': np.float64(2.1544346900318834), 'cache_size': 2000, 'class_weight': 'balanced', 'gamma': np.float64(0.007742636826811269), 'kernel': 'sigmoid'}",0.5812499999999999,0.8375,0.59375,0.6258503401360545,0.7785714285714286,0.6833843537414965,0.10448743268236171,153
0.003406333923339844,0.0005864803066484399,0.0034069061279296876,0.0003753622493883754,2.1544346900318834,2000,balanced,0.021544346900318832,rbf,"{'C': np.float64(2.1544346900318834), 'cache_size': 2000, 'class_weight': 'balanced', 'gamma': np.float64(0.021544346900318832), 'kernel': 'rbf'}",0.5875,0.83125,0.59375,0.6258503401360545,0.7785714285714286,0.6833843537414965,0.10145256817129406,153
0.005212116241455078,0.0014032817339755333,0.004606962203979492,0.001593000511636608,2.1544346900318834,2000,balanced,0.0027825594022071257,sigmoid,"{'C': np.float64(2.1544346900318834), 'cache_size': 2000, 'class_weight': 'balanced', 'gamma': np.float64(0.0027825594022071257), 'kernel': 'sigmoid'}",0.5812499999999999,0.8375,0.59375,0.6258503401360545,0.7785714285714286,0.6833843537414965,0.10448743268236171,153
0.00401158332824707,0.0010448424909224954,0.003406047821044922,0.0003755161193948146,2.1544346900318834,2000,balanced,0.007742636826811269,rbf,"{'C': np.float64(2.1544346900318834), 'cache_size': 2000, 'class_weight': 'balanced', 'gamma': np.float64(0.007742636826811269), 'kernel': 'rbf'}",0.5812499999999999,0.8375,0.59375,0.6258503401360545,0.7785714285714286,0.6833843537414965,0.10448743268236171,153
0.004206562042236328,0.000244672324811865,0.004407119750976562,0.0005787070359102303,0.1,2000,balanced,0.0027825594022071257,rbf,"{'C': np.float64(0.1), 'cache_size': 2000, 'class_weight': 'balanced', 'gamma': np.float64(0.0027825594022071257), 'kernel': 'rbf'}",0.5812499999999999,0.8375,0.59375,0.6258503401360545,0.7785714285714286,0.6833843537414965,0.10448743268236171,153
0.005104541778564453,0.001243058747731591,0.00410914421081543,0.000585068622546475,0.1,2000,balanced,0.001,linear,"{'C': np.float64(0.1), 'cache_size': 2000, 'class_weight': 'balanced', 'gamma': np.float64(0.001), 'kernel': 'linear'}",0.5812499999999999,0.8375,0.59375,0.6258503401360545,0.7785714285714286,0.6833843537414965,0.10448743268236171,153
0.011820363998413085,0.011276333213556875,0.004610300064086914,0.0004913158943175382,16.68100537200059,2000,balanced,0.001,sigmoid,"{'C': np.float64(16.68100537200059), 'cache_size': 2000, 'class_weight': 'balanced', 'gamma': np.float64(0.001), 'kernel': 'sigmoid'}",0.5812499999999999,0.8375,0.59375,0.6258503401360545,0.7785714285714286,0.6833843537414965,0.10448743268236171,153
0.004107904434204101,0.0005867934781044898,0.004407310485839843,0.0008607557594737437,16.68100537200059,2000,balanced,0.001,rbf,"{'C': np.float64(16.68100537200059), 'cache_size': 2000, 'class_weight': 'balanced', 'gamma': np.float64(0.001), 'kernel': 'rbf'}",0.5812499999999999,0.8375,0.59375,0.6258503401360545,0.7785714285714286,0.6833843537414965,0.10448743268236171,153
0.008315134048461913,0.005024112787774799,0.005507946014404297,0.0012196600357788543,16.68100537200059,2000,balanced,0.0027825594022071257,rbf,"{'C': np.float64(16.68100537200059), 'cache_size': 2000, 'class_weight': 'balanced', 'gamma': np.float64(0.0027825594022071257), 'kernel': 'rbf'}",0.5812499999999999,0.8375,0.59375,0.6258503401360545,0.7785714285714286,0.6833843537414965,0.10448743268236171,153
0.007514667510986328,0.0024771670239599163,0.006209468841552735,0.0011659306389768882,0.774263682681127,2000,balanced,0.021544346900318832,rbf,"{'C': np.float64(0.774263682681127), 'cache_size': 2000, 'class_weight': 'balanced', 'gamma': np.float64(0.021544346900318832), 'kernel': 'rbf'}",0.5875,0.83125,0.59375,0.6258503401360545,0.7785714285714286,0.6833843537414965,0.10145256817129406,153
0.004511690139770508,0.0008383793386525998,0.00330352783203125,0.0004012611460468907,0.774263682681127,2000,balanced,0.1668100537200059,sigmoid,"{'C': np.float64(0.774263682681127), 'cache_size': 2000, 'class_weight': 'balanced', 'gamma': np.float64(0.1668100537200059), 'kernel': 'sigmoid'}",0.5812499999999999,0.8375,0.59375,0.6258503401360545,0.7785714285714286,0.6833843537414965,0.10448743268236171,153
0.012317371368408204,0.015163017971136113,0.005314350128173828,0.0017232141230220132,0.774263682681127,2000,balanced,0.05994842503189409,sigmoid,"{'C': np.float64(0.774263682681127), 'cache_size': 2000, 'class_weight': 'balanced', 'gamma': np.float64(0.05994842503189409), 'kernel': 'sigmoid'}",0.5812499999999999,0.8375,0.59375,0.6258503401360545,0.7785714285714286,0.6833843537414965,0.10448743268236171,153
0.0037082672119140626,0.00023947275757075286,0.0037029266357421877,0.0009832338888959085,0.774263682681127,2000,balanced,0.021544346900318832,sigmoid,"{'C': np.float64(0.774263682681127), 'cache_size': 2000, 'class_weight': 'balanced', 'gamma': np.float64(0.021544346900318832), 'kernel': 'sigmoid'}",0.5812499999999999,0.8375,0.59375,0.6258503401360545,0.7785714285714286,0.6833843537414965,0.10448743268236171,153
0.007608890533447266,0.004556629706571427,0.0042117595672607425,0.00039683179588468736,0.1,2000,balanced,0.001,rbf,"{'C': np.float64(0.1), 'cache_size': 2000, 'class_weight': 'balanced', 'gamma': np.float64(0.001), 'kernel': 'rbf'}",0.5812499999999999,0.8375,0.59375,0.6258503401360545,0.7785714285714286,0.6833843537414965,0.10448743268236171,153
0.0037033557891845703,0.001436655464161869,0.0033102989196777343,0.00040759909749658803,0.774263682681127,2000,balanced,0.001,sigmoid,"{'C': np.float64(0.774263682681127), 'cache_size': 2000, 'class_weight': 'balanced', 'gamma': np.float64(0.001), 'kernel': 'sigmoid'}",0.5812499999999999,0.8375,0.59375,0.6258503401360545,0.7785714285714286,0.6833843537414965,0.10448743268236171,153
0.0037143707275390627,0.0009741023674039742,0.0034029483795166016,0.0008589106131877885,0.774263682681127,2000,balanced,0.0027825594022071257,rbf,"{'C': np.float64(0.774263682681127), 'cache_size': 2000, 'class_weight': 'balanced', 'gamma': np.float64(0.0027825594022071257), 'kernel': 'rbf'}",0.5812499999999999,0.8375,0.59375,0.6258503401360545,0.7785714285714286,0.6833843537414965,0.10448743268236171,153
0.003606224060058594,0.0003731972834764199,0.0034108638763427736,0.0005773864675139529,0.774263682681127,2000,balanced,0.0027825594022071257,sigmoid,"{'C': np.float64(0.774263682681127), 'cache_size': 2000, 'class_weight': 'balanced', 'gamma': np.float64(0.0027825594022071257), 'kernel': 'sigmoid'}",0.5812499999999999,0.8375,0.59375,0.6258503401360545,0.7785714285714286,0.6833843537414965,0.10448743268236171,153
0.003707265853881836,0.0005158106828853584,0.003906440734863281,0.00019238476026857307,0.774263682681127,2000,balanced,0.007742636826811269,rbf,"{'C': np.float64(0.774263682681127), 'cache_size': 2000, 'class_weight': 'balanced', 'gamma': np.float64(0.007742636826811269), 'kernel': 'rbf'}",0.5812499999999999,0.8375,0.59375,0.6258503401360545,0.7785714285714286,0.6833843537414965,0.10448743268236171,153
0.003011655807495117,0.0003315497623919113,0.004007768630981445,0.0010468532579166665,0.2782559402207124,2000,balanced,0.001,linear,"{'C': np.float64(0.2782559402207124), 'cache_size': 2000, 'class_weight': 'balanced', 'gamma': np.float64(0.001), 'kernel': 'linear'}",0.5812499999999999,0.8375,0.59375,0.6258503401360545,0.7785714285714286,0.6833843537414965,0.10448743268236171,153
0.004407453536987305,0.000375032906916964,0.004205942153930664,0.0009325164181219525,0.2782559402207124,2000,balanced,0.001,rbf,"{'C': np.float64(0.2782559402207124), 'cache_size': 2000, 'class_weight': 'balanced', 'gamma': np.float64(0.001), 'kernel': 'rbf'}",0.5812499999999999,0.8375,0.59375,0.6258503401360545,0.7785714285714286,0.6833843537414965,0.10448743268236171,153
0.003213930130004883,0.00026158329504283285,0.0031058788299560547,0.00020992871646464476,0.2782559402207124,2000,balanced,0.001,sigmoid,"{'C': np.float64(0.2782559402207124), 'cache_size': 2000, 'class_weight': 'balanced', 'gamma': np.float64(0.001), 'kernel': 'sigmoid'}",0.5812499999999999,0.8375,0.59375,0.6258503401360545,0.7785714285714286,0.6833843537414965,0.10448743268236171,153
0.0031070709228515625,0.0005874026680514498,0.0037066459655761717,0.0006059193316523701,0.774263682681127,2000,balanced,0.001,rbf,"{'C': np.float64(0.774263682681127), 'cache_size': 2000, 'class_weight': 'balanced', 'gamma': np.float64(0.001), 'kernel': 'rbf'}",0.5812499999999999,0.8375,0.59375,0.6258503401360545,0.7785714285714286,0.6833843537414965,0.10448743268236171,153
0.003902912139892578,0.0006626815134489214,0.003707695007324219,0.0005171400304868335,0.2782559402207124,2000,balanced,0.021544346900318832,sigmoid,"{'C': np.float64(0.2782559402207124), 'cache_size': 2000, 'class_weight': 'balanced', 'gamma': np.float64(0.021544346900318832), 'kernel': 'sigmoid'}",0.5812499999999999,0.8375,0.59375,0.6258503401360545,0.7785714285714286,0.6833843537414965,0.10448743268236171,153
0.003612518310546875,0.0005992035794367458,0.0040076255798339845,0.000553997003296736,0.2782559402207124,2000,balanced,0.021544346900318832,rbf,"{'C': np.float64(0.2782559402207124), 'cache_size': 2000, 'class_weight': 'balanced', 'gamma': np.float64(0.021544346900318832), 'kernel': 'rbf'}",0.5875,0.83125,0.59375,0.6258503401360545,0.7785714285714286,0.6833843537414965,0.10145256817129406,153
0.003210306167602539,0.0002554093121976548,0.0036037445068359377,0.0005851486626493234,0.2782559402207124,2000,balanced,0.021544346900318832,linear,"{'C': np.float64(0.2782559402207124), 'cache_size': 2000, 'class_weight': 'balanced', 'gamma': np.float64(0.021544346900318832), 'kernel': 'linear'}",0.5812499999999999,0.8375,0.59375,0.6258503401360545,0.7785714285714286,0.6833843537414965,0.10448743268236171,153
0.0037063121795654296,0.0007482157375166983,0.0035106182098388673,0.0007915390915908974,0.2782559402207124,2000,balanced,0.007742636826811269,sigmoid,"{'C': np.float64(0.2782559402207124), 'cache_size': 2000, 'class_weight': 'balanced', 'gamma': np.float64(0.007742636826811269), 'kernel': 'sigmoid'}",0.5812499999999999,0.8375,0.59375,0.6258503401360545,0.7785714285714286,0.6833843537414965,0.10448743268236171,153
0.0035084247589111327,0.00031509905255716327,0.0032050609588623047,0.0003981080850688772,0.2782559402207124,2000,balanced,0.007742636826811269,rbf,"{'C': np.float64(0.2782559402207124), 'cache_size': 2000, 'class_weight': 'balanced', 'gamma': np.float64(0.007742636826811269), 'kernel': 'rbf'}",0.5812499999999999,0.8375,0.59375,0.6258503401360545,0.7785714285714286,0.6833843537414965,0.10448743268236171,153
0.003304719924926758,0.0004025230127809854,0.0029021739959716798,0.0006628163528597284,0.2782559402207124,2000,balanced,0.007742636826811269,linear,"{'C': np.float64(0.2782559402207124), 'cache_size': 2000, 'class_weight': 'balanced', 'gamma': np.float64(0.007742636826811269), 'kernel': 'linear'}",0.5812499999999999,0.8375,0.59375,0.6258503401360545,0.7785714285714286,0.6833843537414965,0.10448743268236171,153
0.0035152435302734375,0.0006331171497339843,0.0028037548065185545,0.0005112899497645391,0.2782559402207124,2000,balanced,0.0027825594022071257,sigmoid,"{'C': np.float64(0.2782559402207124), 'cache_size': 2000, 'class_weight': 'balanced', 'gamma': np.float64(0.0027825594022071257), 'kernel': 'sigmoid'}",0.5812499999999999,0.8375,0.59375,0.6258503401360545,0.7785714285714286,0.6833843537414965,0.10448743268236171,153
0.0037143707275390627,0.0006115478734843213,0.0031026363372802734,0.00020249009932091973,0.2782559402207124,2000,balanced,0.0027825594022071257,rbf,"{'C': np.float64(0.2782559402207124), 'cache_size': 2000, 'class_weight': 'balanced', 'gamma': np.float64(0.0027825594022071257), 'kernel': 'rbf'}",0.5812499999999999,0.8375,0.59375,0.6258503401360545,0.7785714285714286,0.6833843537414965,0.10448743268236171,153
0.0033063411712646483,0.0004033740632066412,0.003708028793334961,0.00081687255398168,0.2782559402207124,2000,balanced,0.0027825594022071257,linear,"{'C': np.float64(0.2782559402207124), 'cache_size': 2000, 'class_weight': 'balanced', 'gamma': np.float64(0.0027825594022071257), 'kernel': 'linear'}",0.5812499999999999,0.8375,0.59375,0.6258503401360545,0.7785714285714286,0.6833843537414965,0.10448743268236171,153
0.003606557846069336,0.0009627677940912738,0.003614997863769531,0.0011661560639897421,5.994842503189409,2000,balanced,0.021544346900318832,rbf,"{'C': np.float64(5.994842503189409), 'cache_size': 2000, 'class_weight': 'balanced', 'gamma': np.float64(0.021544346900318832), 'kernel': 'rbf'}",0.5875,0.83125,0.59375,0.6258503401360545,0.7785714285714286,0.6833843537414965,0.10145256817129406,153
0.0032072067260742188,0.0006856297722215075,0.003105354309082031,0.00019926792639999525,5.994842503189409,2000,balanced,0.021544346900318832,sigmoid,"{'C': np.float64(5.994842503189409), 'cache_size': 2000, 'class_weight': 'balanced', 'gamma': np.float64(0.021544346900318832), 'kernel': 'sigmoid'}",0.5812499999999999,0.8375,0.59375,0.6258503401360545,0.7785714285714286,0.6833843537414965,0.10448743268236171,153
0.004008245468139648,0.0007115369986437203,0.00400691032409668,0.0007102824946225016,5.994842503189409,2000,balanced,0.007742636826811269,rbf,"{'C': np.float64(5.994842503189409), 'cache_size': 2000, 'class_weight': 'balanced', 'gamma': np.float64(0.007742636826811269), 'kernel': 'rbf'}",0.5812499999999999,0.8375,0.59375,0.6258503401360545,0.7785714285714286,0.6833843537414965,0.10448743268236171,153
0.0031037330627441406,0.0003753826139711824,0.0031183719635009765,0.00020577424559384765,5.994842503189409,2000,balanced,0.0027825594022071257,sigmoid,"{'C': np.float64(5.994842503189409), 'cache_size': 2000, 'class_weight': 'balanced', 'gamma': np.float64(0.0027825594022071257), 'kernel': 'sigmoid'}",0.5812499999999999,0.8375,0.59375,0.6258503401360545,0.7785714285714286,0.6833843537414965,0.10448743268236171,153
0.0031017303466796876,0.0004890744092831597,0.003206348419189453,0.0005124777404252172,5.994842503189409,2000,balanced,0.0027825594022071257,rbf,"{'C': np.float64(5.994842503189409), 'cache_size': 2000, 'class_weight': 'balanced', 'gamma': np.float64(0.0027825594022071257), 'kernel': 'rbf'}",0.5812499999999999,0.8375,0.59375,0.6258503401360545,0.7785714285714286,0.6833843537414965,0.10448743268236171,153
0.004218244552612304,0.0010227116462931608,0.0034074783325195312,0.0005865288359150231,5.994842503189409,2000,balanced,0.007742636826811269,sigmoid,"{'C': np.float64(5.994842503189409), 'cache_size': 2000, 'class_weight': 'balanced', 'gamma': np.float64(0.007742636826811269), 'kernel': 'sigmoid'}",0.5812499999999999,0.8375,0.59375,0.6258503401360545,0.7785714285714286,0.6833843537414965,0.10448743268236171,153
0.00350494384765625,0.0004475815519791196,0.0029083728790283204,0.0005886462420624127,46.41588833612777,2000,balanced,0.001,sigmoid,"{'C': np.float64(46.41588833612777), 'cache_size': 2000, 'class_weight': 'balanced', 'gamma': np.float64(0.001), 'kernel': 'sigmoid'}",0.5812499999999999,0.8375,0.59375,0.6258503401360545,0.7785714285714286,0.6833843537414965,0.10448743268236171,153
0.003908109664916992,0.0008039736573776758,0.0034023284912109374,0.0005841904545715793,16.68100537200059,2000,balanced,0.007742636826811269,sigmoid,"{'C': np.float64(16.68100537200059), 'cache_size': 2000, 'class_weight': 'balanced', 'gamma': np.float64(0.007742636826811269), 'kernel': 'sigmoid'}",0.5812499999999999,0.8375,0.59375,0.6258503401360545,0.7785714285714286,0.6833843537414965,0.10448743268236171,153
0.0039048194885253906,0.0005812309128695987,0.002751874923706055,0.000314811286457276,16.68100537200059,2000,balanced,0.0027825594022071257,sigmoid,"{'C': np.float64(16.68100537200059), 'cache_size': 2000, 'class_weight': 'balanced', 'gamma': np.float64(0.0027825594022071257), 'kernel': 'sigmoid'}",0.5812499999999999,0.8375,0.59375,0.6258503401360545,0.7785714285714286,0.6833843537414965,0.10448743268236171,153
0.0037036895751953124,0.0005100966385798724,0.003419160842895508,0.0005911769895896939,0.1,2000,balanced,0.0027825594022071257,linear,"{'C': np.float64(0.1), 'cache_size': 2000, 'class_weight': 'balanced', 'gamma': np.float64(0.0027825594022071257), 'kernel': 'linear'}",0.5812499999999999,0.8375,0.59375,0.6258503401360545,0.7785714285714286,0.6833843537414965,0.10448743268236171,153
0.003806877136230469,0.0005071707442094718,0.003202199935913086,0.00024625511654024465,0.1,2000,balanced,0.001,sigmoid,"{'C': np.float64(0.1), 'cache_size': 2000, 'class_weight': 'balanced', 'gamma': np.float64(0.001), 'kernel': 'sigmoid'}",0.5812499999999999,0.8375,0.59375,0.6258503401360545,0.7785714285714286,0.6833843537414965,0.10448743268236171,153
0.0035094738006591795,0.0004430771130608212,0.0033022403717041016,0.0007491016387332398,16.68100537200059,2000,balanced,0.007742636826811269,rbf,"{'C': np.float64(16.68100537200059), 'cache_size': 2000, 'class_weight': 'balanced', 'gamma': np.float64(0.007742636826811269), 'kernel': 'rbf'}",0.5812499999999999,0.8375,0.59375,0.6258503401360545,0.7785714285714286,0.6833843537414965,0.10448743268236171,153
0.005007171630859375,0.0019312026388469126,0.004809951782226563,0.0029614980268307,0.774263682681127,2000,balanced,0.007742636826811269,sigmoid,"{'C': np.float64(0.774263682681127), 'cache_size': 2000, 'class_weight': 'balanced', 'gamma': np.float64(0.007742636826811269), 'kernel': 'sigmoid'}",0.5812499999999999,0.8375,0.59375,0.6258503401360545,0.7785714285714286,0.6833843537414965,0.10448743268236171,153
0.004214859008789063,0.001293430882955114,0.0031247615814208986,0.00019678367595757522,0.1,2000,balanced,0.1668100537200059,linear,"{'C': np.float64(0.1), 'cache_size': 2000, 'class_weight': 'balanced', 'gamma': np.float64(0.1668100537200059), 'kernel': 'linear'}",0.5812499999999999,0.8375,0.59375,0.6258503401360545,0.7785714285714286,0.6833843537414965,0.10448743268236171,153
0.006159162521362305,0.0030044887143067557,0.0037026405334472656,0.0011661624143751443,0.1,2000,balanced,0.007742636826811269,linear,"{'C': np.float64(0.1), 'cache_size': 2000, 'class_weight': 'balanced', 'gamma': np.float64(0.007742636826811269), 'kernel': 'linear'}",0.5812499999999999,0.8375,0.59375,0.6258503401360545,0.7785714285714286,0.6833843537414965,0.10448743268236171,153
0.004404783248901367,0.0007989678297143948,0.0036108016967773436,0.0008075409860064723,0.1,2000,balanced,0.007742636826811269,rbf,"{'C': np.float64(0.1), 'cache_size': 2000, 'class_weight': 'balanced', 'gamma': np.float64(0.007742636826811269), 'kernel': 'rbf'}",0.5812499999999999,0.8375,0.59375,0.6258503401360545,0.7785714285714286,0.6833843537414965,0.10448743268236171,153
0.0036063194274902344,0.0007324523130936717,0.0036015033721923826,0.000490329876070822,0.1,2000,balanced,0.007742636826811269,sigmoid,"{'C': np.float64(0.1), 'cache_size': 2000, 'class_weight': 'balanced', 'gamma': np.float64(0.007742636826811269), 'kernel': 'sigmoid'}",0.5812499999999999,0.8375,0.59375,0.6258503401360545,0.7785714285714286,0.6833843537414965,0.10448743268236171,153
0.0050090312957763675,0.0028177397692841187,0.0030052661895751953,0.0007053654500395986,0.1,2000,balanced,0.021544346900318832,linear,"{'C': np.float64(0.1), 'cache_size': 2000, 'class_weight': 'balanced', 'gamma': np.float64(0.021544346900318832), 'kernel': 'linear'}",0.5812499999999999,0.8375,0.59375,0.6258503401360545,0.7785714285714286,0.6833843537414965,0.10448743268236171,153
0.0034121036529541015,0.0006600878602564799,0.0035109519958496094,0.0006288493659351662,129.15496650148827,2000,balanced,0.001,rbf,"{'C': np.float64(129.15496650148827), 'cache_size': 2000, 'class_weight': 'balanced', 'gamma': np.float64(0.001), 'kernel': 'rbf'}",0.5812499999999999,0.8375,0.59375,0.6258503401360545,0.7785714285714286,0.6833843537414965,0.10448743268236171,153
0.004305982589721679,0.0015337354162100036,0.004511737823486328,0.0015225985746449779,129.15496650148827,2000,balanced,0.001,sigmoid,"{'C': np.float64(129.15496650148827), 'cache_size': 2000, 'class_weight': 'balanced', 'gamma': np.float64(0.001), 'kernel': 'sigmoid'}",0.5812499999999999,0.8375,0.59375,0.6258503401360545,0.7785714285714286,0.6833843537414965,0.10448743268236171,153
0.004305982589721679,0.0006043920592200707,0.0027059078216552734,0.0006070148186325035,0.1,2000,balanced,0.05994842503189409,sigmoid,"{'C': np.float64(0.1), 'cache_size': 2000, 'class_weight': 'balanced', 'gamma': np.float64(0.05994842503189409), 'kernel': 'sigmoid'}",0.5812499999999999,0.8375,0.59375,0.6258503401360545,0.7785714285714286,0.6833843537414965,0.10448743268236171,153
0.0038275718688964844,0.0006683104552224552,0.004008722305297851,0.0008357430943056852,0.1,2000,balanced,0.1668100537200059,sigmoid,"{'C': np.float64(0.1), 'cache_size': 2000, 'class_weight': 'balanced', 'gamma': np.float64(0.1668100537200059), 'kernel': 'sigmoid'}",0.5812499999999999,0.8375,0.59375,0.6258503401360545,0.7785714285714286,0.6833843537414965,0.10448743268236171,153
0.0036097049713134767,0.0007344153186562969,0.0034034252166748047,0.0007359446678214668,1000.0,2000,balanced,0.46415888336127775,poly,"{'C': np.float64(1000.0), 'cache_size': 2000, 'class_weight': 'balanced', 'gamma': np.float64(0.46415888336127775), 'kernel': 'poly'}",0.66875,0.75,0.825,0.6054421768707483,0.5642857142857143,0.6826955782312926,0.09483026594725445,232
0.004109239578247071,0.0006657719286611418,0.003607511520385742,0.0004899342040081601,46.41588833612777,2000,balanced,1.2915496650148828,poly,"{'C': np.float64(46.41588833612777), 'cache_size': 2000, 'class_weight': 'balanced', 'gamma': np.float64(1.2915496650148828), 'kernel': 'poly'}",0.66875,0.75,0.825,0.6054421768707483,0.5642857142857143,0.6826955782312926,0.09483026594725445,232
0.004402732849121094,0.0010195628327931581,0.0033109188079833984,0.0011281800591310515,2.1544346900318834,2000,balanced,3.593813663804626,poly,"{'C': np.float64(2.1544346900318834), 'cache_size': 2000, 'class_weight': 'balanced', 'gamma': np.float64(3.593813663804626), 'kernel': 'poly'}",0.66875,0.75,0.825,0.6054421768707483,0.5642857142857143,0.6826955782312926,0.09483026594725445,232
0.0034188747406005858,0.00038081665761391343,0.003502178192138672,0.0008943631186522342,0.2782559402207124,2000,balanced,0.46415888336127775,sigmoid,"{'C': np.float64(0.2782559402207124), 'cache_size': 2000, 'class_weight': 'balanced', 'gamma': np.float64(0.46415888336127775), 'kernel': 'sigmoid'}",0.5812499999999999,0.8375,0.59375,0.6190476190476191,0.7785714285714286,0.6820238095238096,0.1052690982667118,235
0.003710317611694336,0.0007504497735965312,0.003883838653564453,0.0007469896302860385,0.1,2000,balanced,0.46415888336127775,sigmoid,"{'C': np.float64(0.1), 'cache_size': 2000, 'class_weight': 'balanced', 'gamma': np.float64(0.46415888336127775), 'kernel': 'sigmoid'}",0.5812499999999999,0.8375,0.59375,0.6190476190476191,0.7785714285714286,0.6820238095238096,0.1052690982667118,235
0.003705596923828125,0.0007452423340843671,0.004111623764038086,0.0010275761831914213,2.1544346900318834,2000,balanced,0.1668100537200059,sigmoid,"{'C': np.float64(2.1544346900318834), 'cache_size': 2000, 'class_weight': 'balanced', 'gamma': np.float64(0.1668100537200059), 'kernel': 'sigmoid'}",0.58125,0.8375,0.58125,0.6258503401360545,0.7785714285714286,0.6808843537414966,0.1067276691268883,237
0.0038070201873779295,0.0005086886064794529,0.0036077499389648438,0.0003721145651242514,0.774263682681127,2000,balanced,0.46415888336127775,sigmoid,"{'C': np.float64(0.774263682681127), 'cache_size': 2000, 'class_weight': 'balanced', 'gamma': np.float64(0.46415888336127775), 'kernel': 'sigmoid'}",0.575,0.8375,0.5875,0.6258503401360545,0.7785714285714286,0.6808843537414966,0.10680084436585019,237
0.0035022735595703126,0.0007745440438913415,0.004311323165893555,0.001506016674214392,359.38136638046257,2000,"{1: 3, 0: 1}",0.1668100537200059,rbf,"{'C': np.float64(359.38136638046257), 'cache_size': 2000, 'class_weight': {1: 3, 0: 1}, 'gamma': np.float64(0.1668100537200059), 'kernel': 'rbf'}",0.6875,0.7125,0.7875000000000001,0.7278911564625851,0.48571428571428565,0.6802210884353742,0.10267327523981376,239
0.0037023544311523436,0.0011660282183257682,0.004113054275512696,0.0013297461879960078,5.994842503189409,2000,balanced,0.05994842503189409,sigmoid,"{'C': np.float64(5.994842503189409), 'cache_size': 2000, 'class_weight': 'balanced', 'gamma': np.float64(0.05994842503189409), 'kernel': 'sigmoid'}",0.58125,0.8375,0.575,0.6258503401360545,0.7785714285714286,0.6796343537414966,0.10791724255934403,240
0.004302167892456054,0.0013997094592361127,0.004012346267700195,0.001053980871753918,359.38136638046257,2000,balanced,0.001,sigmoid,"{'C': np.float64(359.38136638046257), 'cache_size': 2000, 'class_weight': 'balanced', 'gamma': np.float64(0.001), 'kernel': 'sigmoid'}",0.58125,0.8375,0.575,0.6258503401360545,0.7785714285714286,0.6796343537414966,0.10791724255934403,240
0.0044036865234375,0.0015952968257911596,0.004111385345458985,0.0008596320465926876,46.41588833612777,2000,balanced,0.007742636826811269,sigmoid,"{'C': np.float64(46.41588833612777), 'cache_size': 2000, 'class_weight': 'balanced', 'gamma': np.float64(0.007742636826811269), 'kernel': 'sigmoid'}",0.58125,0.8375,0.575,0.6258503401360545,0.7785714285714286,0.6796343537414966,0.10791724255934403,240
0.0034066200256347655,0.0005867727705402944,0.0032030582427978516,0.0002478906932380338,129.15496650148827,2000,balanced,0.0027825594022071257,sigmoid,"{'C': np.float64(129.15496650148827), 'cache_size': 2000, 'class_weight': 'balanced', 'gamma': np.float64(0.0027825594022071257), 'kernel': 'sigmoid'}",0.58125,0.8375,0.575,0.6258503401360545,0.7785714285714286,0.6796343537414966,0.10791724255934403,240
0.0039040088653564454,0.0005812148854565419,0.003509235382080078,0.00045035242294556654,16.68100537200059,2000,balanced,0.021544346900318832,sigmoid,"{'C': np.float64(16.68100537200059), 'cache_size': 2000, 'class_weight': 'balanced', 'gamma': np.float64(0.021544346900318832), 'kernel': 'sigmoid'}",0.58125,0.8375,0.575,0.6258503401360545,0.7785714285714286,0.6796343537414966,0.10791724255934403,240
0.0032035350799560548,0.0006803483531163768,0.0033060550689697266,0.0005932713297678153,0.774263682681127,2000,"{1: 3, 0: 1}",0.46415888336127775,rbf,"{'C': np.float64(0.774263682681127), 'cache_size': 2000, 'class_weight': {1: 3, 0: 1}, 'gamma': np.float64(0.46415888336127775), 'kernel': 'rbf'}",0.56875,0.84375,0.58125,0.6122448979591837,0.7857142857142857,0.6783418367346938,0.11374946507968378,245
0.004005289077758789,0.0006334976560115865,0.003685665130615234,0.0005006411038531608,0.1,2000,balanced,1.2915496650148828,sigmoid,"{'C': np.float64(0.1), 'cache_size': 2000, 'class_weight': 'balanced', 'gamma': np.float64(1.2915496650148828), 'kernel': 'sigmoid'}",0.5812499999999999,0.8375,0.5875,0.6190476190476191,0.7642857142857142,0.6779166666666667,0.10383798484902175,246
0.004107332229614258,0.0008093118242670313,0.004607486724853516,0.0013996976722875805,0.774263682681127,2000,"{1: 2, 0: 1}",3.593813663804626,rbf,"{'C': np.float64(0.774263682681127), 'cache_size': 2000, 'class_weight': {1: 2, 0: 1}, 'gamma': np.float64(3.593813663804626), 'kernel': 'rbf'}",0.5062500000000001,0.825,0.8062499999999999,0.7346938775510203,0.5142857142857142,0.6772959183673469,0.13969195355780634,247
0.004208707809448242,0.0019228992295110792,0.002906322479248047,0.00020080585972506837,0.1,2000,"{1: 3, 0: 1}",0.46415888336127775,rbf,"{'C': np.float64(0.1), 'cache_size': 2000, 'class_weight': {1: 3, 0: 1}, 'gamma': np.float64(0.46415888336127775), 'kernel': 'rbf'}",0.5875,0.84375,0.575,0.5918367346938775,0.7857142857142857,0.6767602040816325,0.11427257121948034,248
0.003512001037597656,0.0008458737394983138,0.005503177642822266,0.0026105461215131325,0.2782559402207124,2000,"{1: 3, 0: 1}",0.46415888336127775,rbf,"{'C': np.float64(0.2782559402207124), 'cache_size': 2000, 'class_weight': {1: 3, 0: 1}, 'gamma': np.float64(0.46415888336127775), 'kernel': 'rbf'}",0.5875,0.84375,0.575,0.5918367346938775,0.7857142857142857,0.6767602040816325,0.11427257121948034,248
0.004211282730102539,0.0006772573838531818,0.003702402114868164,0.0011664276198118956,129.15496650148827,2000,balanced,0.1668100537200059,poly,"{'C': np.float64(129.15496650148827), 'cache_size': 2000, 'class_weight': 'balanced', 'gamma': np.float64(0.1668100537200059), 'kernel': 'poly'}",0.6187499999999999,0.84375,0.6875,0.6122448979591836,0.6214285714285714,0.6767346938775509,0.08785206881695262,250
0.0033044815063476562,0.0005097165071574602,0.0037096023559570314,0.0008823412143955708,0.2782559402207124,2000,balanced,1.2915496650148828,poly,"{'C': np.float64(0.2782559402207124), 'cache_size': 2000, 'class_weight': 'balanced', 'gamma': np.float64(1.2915496650148828), 'kernel': 'poly'}",0.6187499999999999,0.84375,0.6875,0.6122448979591836,0.6214285714285714,0.6767346938775509,0.08785206881695262,250
0.003511333465576172,0.000448116852047452,0.0032035350799560548,0.0006798199586195286,0.2782559402207124,2000,balanced,1.2915496650148828,sigmoid,"{'C': np.float64(0.2782559402207124), 'cache_size': 2000, 'class_weight': 'balanced', 'gamma': np.float64(1.2915496650148828), 'kernel': 'sigmoid'}",0.575,0.8375,0.5875,0.6190476190476191,0.7642857142857142,0.6766666666666666,0.10502496733716386,252
0.0031051158905029295,0.0003743812299690032,0.0034048080444335936,0.00048675441349467486,129.15496650148827,2000,"{1: 2, 0: 1}",0.1668100537200059,rbf,"{'C': np.float64(129.15496650148827), 'cache_size': 2000, 'class_weight': {1: 2, 0: 1}, 'gamma': np.float64(0.1668100537200059), 'kernel': 'rbf'}",0.63125,0.74375,0.84375,0.7074829931972789,0.44999999999999996,0.6752465986394558,0.13175509727719045,253
0.004113912582397461,0.001073432029851804,0.006008672714233399,0.001310421556063762,0.1,2000,"{1: 3, 0: 1}",0.007742636826811269,rbf,"{'C': np.float64(0.1), 'cache_size': 2000, 'class_weight': {1: 3, 0: 1}, 'gamma': np.float64(0.007742636826811269), 'kernel': 'rbf'}",0.59375,0.8625,0.5625,0.5714285714285714,0.7857142857142857,0.6751785714285713,0.12441752042118145,254
0.0030107498168945312,0.00053916458445882,0.0038043498992919923,0.00024228459663116992,0.774263682681127,2000,"{1: 3, 0: 1}",0.001,rbf,"{'C': np.float64(0.774263682681127), 'cache_size': 2000, 'class_weight': {1: 3, 0: 1}, 'gamma': np.float64(0.001), 'kernel': 'rbf'}",0.59375,0.8625,0.5625,0.5714285714285714,0.7857142857142857,0.6751785714285713,0.12441752042118145,254
0.0032050609588623047,0.00040781574268710123,0.003708028793334961,0.0009274564316103859,0.2782559402207124,2000,"{1: 3, 0: 1}",0.0027825594022071257,rbf,"{'C': np.float64(0.2782559402207124), 'cache_size': 2000, 'class_weight': {1: 3, 0: 1}, 'gamma': np.float64(0.0027825594022071257), 'kernel': 'rbf'}",0.59375,0.8625,0.5625,0.5714285714285714,0.7857142857142857,0.6751785714285713,0.12441752042118145,254
0.0028033733367919924,0.00024288904418240417,0.0033057689666748046,0.0004029403944007658,359.38136638046257,2000,"{1: 2, 0: 1}",0.1668100537200059,rbf,"{'C': np.float64(359.38136638046257), 'cache_size': 2000, 'class_weight': {1: 2, 0: 1}, 'gamma': np.float64(0.1668100537200059), 'kernel': 'rbf'}",0.6062500000000001,0.7,0.84375,0.7959183673469388,0.42857142857142855,0.6748979591836733,0.1477676319878848,257
0.0030069351196289062,0.00032096022111361984,0.0031022548675537108,0.00020292037073522823,0.2782559402207124,2000,"{1: 3, 0: 1}",10.0,rbf,"{'C': np.float64(0.2782559402207124), 'cache_size': 2000, 'class_weight': {1: 3, 0: 1}, 'gamma': np.float64(10.0), 'kernel': 'rbf'}",0.6000000000000001,0.8812500000000001,0.66875,0.6122448979591837,0.6071428571428571,0.6738775510204082,0.10652663536442804,258
0.007021570205688476,0.005380107190490105,0.006104946136474609,0.0018299192146463185,0.2782559402207124,2000,"{1: 3, 0: 1}",0.007742636826811269,rbf,"{'C': np.float64(0.2782559402207124), 'cache_size': 2000, 'class_weight': {1: 3, 0: 1}, 'gamma': np.float64(0.007742636826811269), 'kernel': 'rbf'}",0.59375,0.8625,0.5625,0.5782312925170068,0.7714285714285714,0.6736819727891156,0.12088674754251688,259
0.003210926055908203,0.000256363177823003,0.003606081008911133,0.0008022111847439463,0.1,2000,"{1: 3, 0: 1}",0.021544346900318832,rbf,"{'C': np.float64(0.1), 'cache_size': 2000, 'class_weight': {1: 3, 0: 1}, 'gamma': np.float64(0.021544346900318832), 'kernel': 'rbf'}",0.59375,0.8625,0.5625,0.5782312925170068,0.7714285714285714,0.6736819727891156,0.12088674754251688,259
0.003707265853881836,0.0005155842560402829,0.00400390625,0.0008383109240969663,16.68100537200059,2000,balanced,1.2915496650148828,poly,"{'C': np.float64(16.68100537200059), 'cache_size': 2000, 'class_weight': 'balanced', 'gamma': np.float64(1.2915496650148828), 'kernel': 'poly'}",0.55625,0.86875,0.79375,0.619047619047619,0.5285714285714286,0.6732738095238096,0.134386966850995,261
0.0030031681060791017,0.0003156830316417625,0.003005695343017578,9.826085565484054e-06,359.38136638046257,2000,balanced,0.46415888336127775,poly,"{'C': np.float64(359.38136638046257), 'cache_size': 2000, 'class_weight': 'balanced', 'gamma': np.float64(0.46415888336127775), 'kernel': 'poly'}",0.55625,0.86875,0.79375,0.619047619047619,0.5285714285714286,0.6732738095238096,0.134386966850995,261
0.002901935577392578,0.00019772072170712177,0.0032179832458496095,0.000265783548384082,0.774263682681127,2000,balanced,3.593813663804626,poly,"{'C': np.float64(0.774263682681127), 'cache_size': 2000, 'class_weight': 'balanced', 'gamma': np.float64(3.593813663804626), 'kernel': 'poly'}",0.55625,0.86875,0.79375,0.619047619047619,0.5285714285714286,0.6732738095238096,0.134386966850995,261
0.0034115791320800783,0.0003777591845870513,0.003508758544921875,0.0007113664328443854,0.2782559402207124,2000,"{1: 2, 0: 1}",0.46415888336127775,poly,"{'C': np.float64(0.2782559402207124), 'cache_size': 2000, 'class_weight': {1: 2, 0: 1}, 'gamma': np.float64(0.46415888336127775), 'kernel': 'poly'}",0.58125,0.85,0.74375,0.6190476190476191,0.5714285714285714,0.6730952380952381,0.10768490531267391,264
0.0037117958068847655,0.001442781489667749,0.005606746673583985,0.0025649060527503753,129.15496650148827,2000,"{1: 2, 0: 1}",0.05994842503189409,poly,"{'C': np.float64(129.15496650148827), 'cache_size': 2000, 'class_weight': {1: 2, 0: 1}, 'gamma': np.float64(0.05994842503189409), 'kernel': 'poly'}",0.58125,0.85,0.74375,0.6190476190476191,0.5714285714285714,0.6730952380952381,0.10768490531267391,264
0.003608894348144531,0.0020425371485235104,0.003403472900390625,0.0008591361331503437,5.994842503189409,2000,"{1: 2, 0: 1}",0.1668100537200059,poly,"{'C': np.float64(5.994842503189409), 'cache_size': 2000, 'class_weight': {1: 2, 0: 1}, 'gamma': np.float64(0.1668100537200059), 'kernel': 'poly'}",0.58125,0.85,0.74375,0.6190476190476191,0.5714285714285714,0.6730952380952381,0.10768490531267391,264
0.004311800003051758,0.0014685038308709698,0.0034095287322998048,0.0003719546116140204,0.1,2000,"{1: 3, 0: 1}",1.2915496650148828,sigmoid,"{'C': np.float64(0.1), 'cache_size': 2000, 'class_weight': {1: 3, 0: 1}, 'gamma': np.float64(1.2915496650148828), 'kernel': 'sigmoid'}",0.5874999999999999,0.8562500000000001,0.5625,0.5782312925170068,0.7785714285714286,0.6726105442176871,0.12101796442642516,267
0.0032119274139404295,0.0005155919691071409,0.004607677459716797,0.002966582338598826,0.2782559402207124,2000,"{1: 3, 0: 1}",1.2915496650148828,sigmoid,"{'C': np.float64(0.2782559402207124), 'cache_size': 2000, 'class_weight': {1: 3, 0: 1}, 'gamma': np.float64(1.2915496650148828), 'kernel': 'sigmoid'}",0.5874999999999999,0.8562500000000001,0.5625,0.5782312925170068,0.7785714285714286,0.6726105442176871,0.12101796442642516,267
0.003906059265136719,0.00111175014868056,0.0031105518341064454,0.0007387363504693978,2.1544346900318834,2000,"{1: 3, 0: 1}",0.001,rbf,"{'C': np.float64(2.1544346900318834), 'cache_size': 2000, 'class_weight': {1: 3, 0: 1}, 'gamma': np.float64(0.001), 'kernel': 'rbf'}",0.59375,0.8625,0.5625,0.5714285714285714,0.7714285714285714,0.6723214285714285,0.12198663777610386,269
0.004510498046875,0.0019034769674655878,0.0035083770751953127,0.0005558296959280255,0.1,2000,"{1: 3, 0: 1}",0.021544346900318832,sigmoid,"{'C': np.float64(0.1), 'cache_size': 2000, 'class_weight': {1: 3, 0: 1}, 'gamma': np.float64(0.021544346900318832), 'kernel': 'sigmoid'}",0.59375,0.8625,0.5625,0.5714285714285714,0.7714285714285714,0.6723214285714285,0.12198663777610386,269
0.0036139488220214844,0.0005902203397284568,0.0031023502349853517,0.00020108406707416252,0.2782559402207124,2000,"{1: 3, 0: 1}",0.007742636826811269,sigmoid,"{'C': np.float64(0.2782559402207124), 'cache_size': 2000, 'class_weight': {1: 3, 0: 1}, 'gamma': np.float64(0.007742636826811269), 'kernel': 'sigmoid'}",0.59375,0.8625,0.5625,0.5714285714285714,0.7714285714285714,0.6723214285714285,0.12198663777610386,269
0.0045130252838134766,0.002588434550718559,0.003608417510986328,0.0004886450846227375,2.1544346900318834,2000,"{1: 3, 0: 1}",0.001,sigmoid,"{'C': np.float64(2.1544346900318834), 'cache_size': 2000, 'class_weight': {1: 3, 0: 1}, 'gamma': np.float64(0.001), 'kernel': 'sigmoid'}",0.59375,0.8625,0.5625,0.5714285714285714,0.7714285714285714,0.6723214285714285,0.12198663777610386,269
0.0040053844451904295,0.0006321620208141921,0.00350799560546875,0.0005508322794103246,0.774263682681127,2000,"{1: 3, 0: 1}",0.0027825594022071257,rbf,"{'C': np.float64(0.774263682681127), 'cache_size': 2000, 'class_weight': {1: 3, 0: 1}, 'gamma': np.float64(0.0027825594022071257), 'kernel': 'rbf'}",0.59375,0.8625,0.5625,0.5714285714285714,0.7714285714285714,0.6723214285714285,0.12198663777610386,269
0.003710365295410156,0.0007584382821923156,0.0037067413330078127,0.0009789568170765549,0.774263682681127,2000,"{1: 3, 0: 1}",0.0027825594022071257,sigmoid,"{'C': np.float64(0.774263682681127), 'cache_size': 2000, 'class_weight': {1: 3, 0: 1}, 'gamma': np.float64(0.0027825594022071257), 'kernel': 'sigmoid'}",0.59375,0.8625,0.5625,0.5714285714285714,0.7714285714285714,0.6723214285714285,0.12198663777610386,269
0.0034885406494140625,0.0010512004229851276,0.0035202503204345703,0.00043529946799143894,0.1,2000,"{1: 3, 0: 1}",0.05994842503189409,rbf,"{'C': np.float64(0.1), 'cache_size': 2000, 'class_weight': {1: 3, 0: 1}, 'gamma': np.float64(0.05994842503189409), 'kernel': 'rbf'}",0.59375,0.85625,0.56875,0.5782312925170068,0.7642857142857142,0.6722534013605441,0.11665383834491516,275
0.0034032821655273437,0.00037432493213937804,0.005311298370361328,0.003379426720099171,0.2782559402207124,2000,"{1: 3.5, 0: 1}",10.0,rbf,"{'C': np.float64(0.2782559402207124), 'cache_size': 2000, 'class_weight': {1: 3.5, 0: 1}, 'gamma': np.float64(10.0), 'kernel': 'rbf'}",0.6375,0.8875000000000001,0.6000000000000001,0.564625850340136,0.6714285714285715,0.6722108843537414,0.11344056786241673,276
0.005908536911010742,0.003592051553071063,0.00812387466430664,0.004999987572248773,2.1544346900318834,2000,"{1: 3, 0: 1}",0.46415888336127775,sigmoid,"{'C': np.float64(2.1544346900318834), 'cache_size': 2000, 'class_weight': {1: 3, 0: 1}, 'gamma': np.float64(0.46415888336127775), 'kernel': 'sigmoid'}",0.5687500000000001,0.85625,0.5625,0.6054421768707483,0.7642857142857142,0.6714455782312925,0.11793552048763012,277
0.005506563186645508,0.0017339868416793693,0.00632328987121582,0.0004076877503972654,2.1544346900318834,2000,"{1: 3, 0: 1}",0.1668100537200059,rbf,"{'C': np.float64(2.1544346900318834), 'cache_size': 2000, 'class_weight': {1: 3, 0: 1}, 'gamma': np.float64(0.1668100537200059), 'kernel': 'rbf'}",0.56875,0.85,0.58125,0.5918367346938775,0.7642857142857142,0.6712244897959183,0.11447263435894281,278
0.0035051822662353514,0.0010002105518798759,0.007830810546875,0.010154759166638784,5.994842503189409,2000,balanced,0.46415888336127775,poly,"{'C': np.float64(5.994842503189409), 'cache_size': 2000, 'class_weight': 'balanced', 'gamma': np.float64(0.46415888336127775), 'kernel': 'poly'}",0.6187499999999999,0.84375,0.6875,0.6122448979591836,0.5928571428571427,0.6710204081632651,0.09209054354906385,279
0.005114269256591797,0.001633727133634575,0.006815862655639648,0.0026426139500217993,2.1544346900318834,2000,"{1: 3, 0: 1}",0.05994842503189409,rbf,"{'C': np.float64(2.1544346900318834), 'cache_size': 2000, 'class_weight': {1: 3, 0: 1}, 'gamma': np.float64(0.05994842503189409), 'kernel': 'rbf'}",0.59375,0.85,0.56875,0.5782312925170068,0.7642857142857142,0.6710034013605443,0.11469253028860668,280
0.003121471405029297,0.00019431992376410764,0.008393383026123047,0.009324305731099002,0.1,2000,"{1: 3, 0: 1}",0.1668100537200059,rbf,"{'C': np.float64(0.1), 'cache_size': 2000, 'class_weight': {1: 3, 0: 1}, 'gamma': np.float64(0.1668100537200059), 'kernel': 'rbf'}",0.59375,0.85,0.56875,0.5782312925170068,0.7642857142857142,0.6710034013605443,0.11469253028860668,280
0.00400395393371582,0.0003171155823562737,0.004617023468017578,0.0012481973428136468,0.2782559402207124,2000,"{1: 3, 0: 1}",0.05994842503189409,rbf,"{'C': np.float64(0.2782559402207124), 'cache_size': 2000, 'class_weight': {1: 3, 0: 1}, 'gamma': np.float64(0.05994842503189409), 'kernel': 'rbf'}",0.59375,0.85,0.56875,0.5782312925170068,0.7642857142857142,0.6710034013605443,0.11469253028860668,280
0.003211498260498047,0.0006831868970757402,0.003607654571533203,0.000591221018314693,0.774263682681127,2000,"{1: 3, 0: 1}",0.1668100537200059,rbf,"{'C': np.float64(0.774263682681127), 'cache_size': 2000, 'class_weight': {1: 3, 0: 1}, 'gamma': np.float64(0.1668100537200059), 'kernel': 'rbf'}",0.59375,0.85,0.56875,0.5782312925170068,0.7642857142857142,0.6710034013605443,0.11469253028860668,280
0.0033106327056884764,0.00039861825055355625,0.0033024311065673827,0.00040083955406346563,0.774263682681127,2000,"{1: 3, 0: 1}",0.05994842503189409,rbf,"{'C': np.float64(0.774263682681127), 'cache_size': 2000, 'class_weight': {1: 3, 0: 1}, 'gamma': np.float64(0.05994842503189409), 'kernel': 'rbf'}",0.59375,0.85,0.56875,0.5782312925170068,0.7642857142857142,0.6710034013605443,0.11469253028860668,280
0.0033158302307128907,0.0003906912696213878,0.004108715057373047,0.0007358003006863305,0.2782559402207124,2000,"{1: 3, 0: 1}",0.1668100537200059,rbf,"{'C': np.float64(0.2782559402207124), 'cache_size': 2000, 'class_weight': {1: 3, 0: 1}, 'gamma': np.float64(0.1668100537200059), 'kernel': 'rbf'}",0.59375,0.85,0.56875,0.5782312925170068,0.7642857142857142,0.6710034013605443,0.11469253028860668,280
0.003811073303222656,0.0006890522217285129,0.0038079738616943358,0.0006848086251790293,0.774263682681127,2000,"{1: 3, 0: 1}",0.007742636826811269,rbf,"{'C': np.float64(0.774263682681127), 'cache_size': 2000, 'class_weight': {1: 3, 0: 1}, 'gamma': np.float64(0.007742636826811269), 'kernel': 'rbf'}",0.59375,0.85625,0.5625,0.5782312925170068,0.7642857142857142,0.6710034013605443,0.11778423707781513,280
0.003105640411376953,0.00020957153133089457,0.003203868865966797,0.0002479121280607772,0.2782559402207124,2000,"{1: 3, 0: 1}",0.021544346900318832,rbf,"{'C': np.float64(0.2782559402207124), 'cache_size': 2000, 'class_weight': {1: 3, 0: 1}, 'gamma': np.float64(0.021544346900318832), 'kernel': 'rbf'}",0.59375,0.85625,0.5625,0.5782312925170068,0.7642857142857142,0.6710034013605443,0.11778423707781513,280
0.004810476303100586,0.0010322208144421263,0.006009340286254883,0.002860781734947468,0.1,2000,balanced,0.001,poly,"{'C': np.float64(0.1), 'cache_size': 2000, 'class_weight': 'balanced', 'gamma': np.float64(0.001), 'kernel': 'poly'}",0.6125,0.84375,0.66875,0.6156462585034014,0.6142857142857143,0.6709863945578232,0.08893865411193673,288
0.003806877136230469,0.0010312925805225168,0.003910636901855469,0.000380292434763089,2.1544346900318834,2000,balanced,1.2915496650148828,rbf,"{'C': np.float64(2.1544346900318834), 'cache_size': 2000, 'class_weight': 'balanced', 'gamma': np.float64(1.2915496650148828), 'kernel': 'rbf'}",0.55625,0.8187500000000001,0.70625,0.6734693877551021,0.6,0.6709438775510204,0.09087053386795818,289
0.003101348876953125,0.0004891049387137737,0.0043049812316894535,0.001436037869381048,0.1,2000,balanced,0.007742636826811269,poly,"{'C': np.float64(0.1), 'cache_size': 2000, 'class_weight': 'balanced', 'gamma': np.float64(0.007742636826811269), 'kernel': 'poly'}",0.6125,0.84375,0.66875,0.6122448979591836,0.6142857142857143,0.6703061224489796,0.08937129280661585,290
0.0032036304473876953,0.0010302007818902912,0.003306722640991211,0.00040275470147647317,0.774263682681127,2000,balanced,0.0027825594022071257,poly,"{'C': np.float64(0.774263682681127), 'cache_size': 2000, 'class_weight': 'balanced', 'gamma': np.float64(0.0027825594022071257), 'kernel': 'poly'}",0.6125,0.84375,0.66875,0.6122448979591836,0.6142857142857143,0.6703061224489796,0.08937129280661585,290
0.004303646087646484,0.0016639203932322386,0.004912137985229492,0.001399883274338548,359.38136638046257,2000,balanced,0.0027825594022071257,poly,"{'C': np.float64(359.38136638046257), 'cache_size': 2000, 'class_weight': 'balanced', 'gamma': np.float64(0.0027825594022071257), 'kernel': 'poly'}",0.6125,0.84375,0.66875,0.6122448979591836,0.6142857142857143,0.6703061224489796,0.08937129280661585,290
0.0036067962646484375,0.0008651243696154318,0.0031024456024169923,0.0004885411734848792,16.68100537200059,2000,balanced,0.021544346900318832,poly,"{'C': np.float64(16.68100537200059), 'cache_size': 2000, 'class_weight': 'balanced', 'gamma': np.float64(0.021544346900318832), 'kernel': 'poly'}",0.6125,0.84375,0.66875,0.6122448979591836,0.6142857142857143,0.6703061224489796,0.08937129280661585,290
0.00461111068725586,0.0007315891655740345,0.003653430938720703,0.0007673001035968895,16.68100537200059,2000,balanced,0.0027825594022071257,poly,"{'C': np.float64(16.68100537200059), 'cache_size': 2000, 'class_weight': 'balanced', 'gamma': np.float64(0.0027825594022071257), 'kernel': 'poly'}",0.6125,0.84375,0.66875,0.6122448979591836,0.6142857142857143,0.6703061224489796,0.08937129280661585,290
0.0033056259155273436,0.00039741945392562564,0.003207492828369141,0.0008162102493012223,16.68100537200059,2000,balanced,0.007742636826811269,poly,"{'C': np.float64(16.68100537200059), 'cache_size': 2000, 'class_weight': 'balanced', 'gamma': np.float64(0.007742636826811269), 'kernel': 'poly'}",0.6125,0.84375,0.66875,0.6122448979591836,0.6142857142857143,0.6703061224489796,0.08937129280661585,290
0.0042019844055175785,0.0011679622487834435,0.004423332214355469,0.000679102089212559,0.774263682681127,2000,balanced,0.007742636826811269,poly,"{'C': np.float64(0.774263682681127), 'cache_size': 2000, 'class_weight': 'balanced', 'gamma': np.float64(0.007742636826811269), 'kernel': 'poly'}",0.6125,0.84375,0.66875,0.6122448979591836,0.6142857142857143,0.6703061224489796,0.08937129280661585,290
0.003509664535522461,0.0007794898256414639,0.004105377197265625,0.0009125976501787136,0.774263682681127,2000,balanced,0.021544346900318832,poly,"{'C': np.float64(0.774263682681127), 'cache_size': 2000, 'class_weight': 'balanced', 'gamma': np.float64(0.021544346900318832), 'kernel': 'poly'}",0.6125,0.84375,0.66875,0.6122448979591836,0.6142857142857143,0.6703061224489796,0.08937129280661585,290
0.003904247283935547,0.0009720490039969608,0.004007291793823242,0.0008401497990657024,129.15496650148827,2000,balanced,0.021544346900318832,poly,"{'C': np.float64(129.15496650148827), 'cache_size': 2000, 'class_weight': 'balanced', 'gamma': np.float64(0.021544346900318832), 'kernel': 'poly'}",0.6125,0.84375,0.66875,0.6122448979591836,0.6142857142857143,0.6703061224489796,0.08937129280661585,290
0.0053131103515625,0.0019736190520536186,0.008018398284912109,0.004537863794815821,0.774263682681127,2000,balanced,0.05994842503189409,poly,"{'C': np.float64(0.774263682681127), 'cache_size': 2000, 'class_weight': 'balanced', 'gamma': np.float64(0.05994842503189409), 'kernel': 'poly'}",0.6125,0.84375,0.66875,0.6122448979591836,0.6142857142857143,0.6703061224489796,0.08937129280661585,290
0.0035040855407714845,0.0004442533528300026,0.0032115459442138674,0.0005017396818220086,359.38136638046257,2000,balanced,0.021544346900318832,poly,"{'C': np.float64(359.38136638046257), 'cache_size': 2000, 'class_weight': 'balanced', 'gamma': np.float64(0.021544346900318832), 'kernel': 'poly'}",0.6125,0.84375,0.66875,0.6122448979591836,0.6142857142857143,0.6703061224489796,0.08937129280661585,290
0.003605365753173828,0.00048475714382575165,0.004209184646606445,0.0007447238340314227,129.15496650148827,2000,balanced,0.007742636826811269,poly,"{'C': np.float64(129.15496650148827), 'cache_size': 2000, 'class_weight': 'balanced', 'gamma': np.float64(0.007742636826811269), 'kernel': 'poly'}",0.6125,0.84375,0.66875,0.6122448979591836,0.6142857142857143,0.6703061224489796,0.08937129280661585,290
0.0032036304473876953,0.000678878405890842,0.003814554214477539,0.0015865017310541663,129.15496650148827,2000,balanced,0.05994842503189409,poly,"{'C': np.float64(129.15496650148827), 'cache_size': 2000, 'class_weight': 'balanced', 'gamma': np.float64(0.05994842503189409), 'kernel': 'poly'}",0.6125,0.84375,0.66875,0.6122448979591836,0.6142857142857143,0.6703061224489796,0.08937129280661585,290
0.00310664176940918,0.0008006251857890027,0.002405881881713867,0.00037546168131847484,1000.0,2000,balanced,0.021544346900318832,poly,"{'C': np.float64(1000.0), 'cache_size': 2000, 'class_weight': 'balanced', 'gamma': np.float64(0.021544346900318832), 'kernel': 'poly'}",0.6125,0.84375,0.66875,0.6122448979591836,0.6142857142857143,0.6703061224489796,0.08937129280661585,290
0.0033072948455810545,0.0011297104085502912,0.0035142421722412108,0.0006142914611839514,0.774263682681127,2000,balanced,0.1668100537200059,poly,"{'C': np.float64(0.774263682681127), 'cache_size': 2000, 'class_weight': 'balanced', 'gamma': np.float64(0.1668100537200059), 'kernel': 'poly'}",0.6125,0.84375,0.66875,0.6122448979591836,0.6142857142857143,0.6703061224489796,0.08937129280661585,290
0.0037078380584716795,0.0007510600668906957,0.003403329849243164,0.0005847318305223704,0.1,2000,balanced,0.46415888336127775,poly,"{'C': np.float64(0.1), 'cache_size': 2000, 'class_weight': 'balanced', 'gamma': np.float64(0.46415888336127775), 'kernel': 'poly'}",0.6125,0.84375,0.66875,0.6122448979591836,0.6142857142857143,0.6703061224489796,0.08937129280661585,290
0.0035090923309326174,0.0006280027633742294,0.0032043933868408205,0.0006781644114072222,46.41588833612777,2000,balanced,0.001,poly,"{'C': np.float64(46.41588833612777), 'cache_size': 2000, 'class_weight': 'balanced', 'gamma': np.float64(0.001), 'kernel': 'poly'}",0.6125,0.84375,0.66875,0.6122448979591836,0.6142857142857143,0.6703061224489796,0.08937129280661585,290
0.004302263259887695,0.0017796106013339141,0.004314279556274414,0.0009293742958451293,46.41588833612777,2000,balanced,0.021544346900318832,poly,"{'C': np.float64(46.41588833612777), 'cache_size': 2000, 'class_weight': 'balanced', 'gamma': np.float64(0.021544346900318832), 'kernel': 'poly'}",0.6125,0.84375,0.66875,0.6122448979591836,0.6142857142857143,0.6703061224489796,0.08937129280661585,290
0.003406667709350586,0.0003756254440289738,0.0042035579681396484,0.000811162488707186,359.38136638046257,2000,balanced,0.007742636826811269,poly,"{'C': np.float64(359.38136638046257), 'cache_size': 2000, 'class_weight': 'balanced', 'gamma': np.float64(0.007742636826811269), 'kernel': 'poly'}",0.6125,0.84375,0.66875,0.6122448979591836,0.6142857142857143,0.6703061224489796,0.08937129280661585,290
0.0031081676483154298,0.00037915117067551863,0.0035058021545410155,0.00045127369844867447,0.2782559402207124,2000,balanced,0.05994842503189409,poly,"{'C': np.float64(0.2782559402207124), 'cache_size': 2000, 'class_weight': 'balanced', 'gamma': np.float64(0.05994842503189409), 'kernel': 'poly'}",0.6125,0.84375,0.66875,0.6122448979591836,0.6142857142857143,0.6703061224489796,0.08937129280661585,290
0.004408121109008789,0.0005919851413149443,0.004105186462402344,0.0014363367887684521,2.1544346900318834,2000,balanced,0.0027825594022071257,poly,"{'C': np.float64(2.1544346900318834), 'cache_size': 2000, 'class_weight': 'balanced', 'gamma': np.float64(0.0027825594022071257), 'kernel': 'poly'}",0.6125,0.84375,0.66875,0.6122448979591836,0.6142857142857143,0.6703061224489796,0.08937129280661585,290
0.003003215789794922,0.00031614697714257676,0.0034193992614746094,0.00038045829559294505,2.1544346900318834,2000,balanced,0.007742636826811269,poly,"{'C': np.float64(2.1544346900318834), 'cache_size': 2000, 'class_weight': 'balanced', 'gamma': np.float64(0.007742636826811269), 'kernel': 'poly'}",0.6125,0.84375,0.66875,0.6122448979591836,0.6142857142857143,0.6703061224489796,0.08937129280661585,290
0.0037061214447021485,0.00039881716374529373,0.0033022880554199217,0.0005988155016473849,2.1544346900318834,2000,balanced,0.05994842503189409,poly,"{'C': np.float64(2.1544346900318834), 'cache_size': 2000, 'class_weight': 'balanced', 'gamma': np.float64(0.05994842503189409), 'kernel': 'poly'}",0.6125,0.84375,0.66875,0.6122448979591836,0.6142857142857143,0.6703061224489796,0.08937129280661585,290
0.003502655029296875,0.0007753442779210319,0.0036190032958984377,0.0006022585711077101,2.1544346900318834,2000,balanced,0.1668100537200059,poly,"{'C': np.float64(2.1544346900318834), 'cache_size': 2000, 'class_weight': 'balanced', 'gamma': np.float64(0.1668100537200059), 'kernel': 'poly'}",0.6125,0.84375,0.66875,0.6122448979591836,0.6142857142857143,0.6703061224489796,0.08937129280661585,290
0.0038114070892333986,0.0005181933649627825,0.003101634979248047,0.0006645433900084965,5.994842503189409,2000,balanced,0.001,poly,"{'C': np.float64(5.994842503189409), 'cache_size': 2000, 'class_weight': 'balanced', 'gamma': np.float64(0.001), 'kernel': 'poly'}",0.6125,0.84375,0.66875,0.6122448979591836,0.6142857142857143,0.6703061224489796,0.08937129280661585,290
0.003604698181152344,0.0004856728756280118,0.0036057472229003907,0.0008010135004365335,46.41588833612777,2000,balanced,0.0027825594022071257,poly,"{'C': np.float64(46.41588833612777), 'cache_size': 2000, 'class_weight': 'balanced', 'gamma': np.float64(0.0027825594022071257), 'kernel': 'poly'}",0.6125,0.84375,0.66875,0.6122448979591836,0.6142857142857143,0.6703061224489796,0.08937129280661585,290
0.0037083148956298826,0.0010375134546987148,0.003905773162841797,0.0007997726981836564,46.41588833612777,2000,balanced,0.007742636826811269,poly,"{'C': np.float64(46.41588833612777), 'cache_size': 2000, 'class_weight': 'balanced', 'gamma': np.float64(0.007742636826811269), 'kernel': 'poly'}",0.6125,0.84375,0.66875,0.6122448979591836,0.6142857142857143,0.6703061224489796,0.08937129280661585,290
0.0035105228424072267,0.0005552755788228725,0.002902317047119141,0.0001989865171490972,2.1544346900318834,2000,balanced,0.021544346900318832,poly,"{'C': np.float64(2.1544346900318834), 'cache_size': 2000, 'class_weight': 'balanced', 'gamma': np.float64(0.021544346900318832), 'kernel': 'poly'}",0.6125,0.84375,0.66875,0.6122448979591836,0.6142857142857143,0.6703061224489796,0.08937129280661585,290
0.0050125598907470705,0.001410968978063411,0.0039065837860107425,0.0006606526187038614,16.68100537200059,2000,balanced,0.001,poly,"{'C': np.float64(16.68100537200059), 'cache_size': 2000, 'class_weight': 'balanced', 'gamma': np.float64(0.001), 'kernel': 'poly'}",0.6125,0.84375,0.66875,0.6122448979591836,0.6142857142857143,0.6703061224489796,0.08937129280661585,290
0.003510904312133789,0.0005533463864829646,0.00390772819519043,0.0004819439511006868,2.1544346900318834,2000,balanced,0.001,poly,"{'C': np.float64(2.1544346900318834), 'cache_size': 2000, 'class_weight': 'balanced', 'gamma': np.float64(0.001), 'kernel': 'poly'}",0.6125,0.84375,0.66875,0.6122448979591836,0.6142857142857143,0.6703061224489796,0.08937129280661585,290
0.005215263366699219,0.0017791970681098825,0.0054032325744628905,0.0010673235871665105,359.38136638046257,2000,balanced,0.05994842503189409,poly,"{'C': np.float64(359.38136638046257), 'cache_size': 2000, 'class_weight': 'balanced', 'gamma': np.float64(0.05994842503189409), 'kernel': 'poly'}",0.6125,0.84375,0.66875,0.6122448979591836,0.6142857142857143,0.6703061224489796,0.08937129280661585,290
0.0036047935485839845,0.00048614245405525976,0.003203678131103516,0.0012096467246536494,46.41588833612777,2000,balanced,0.05994842503189409,poly,"{'C': np.float64(46.41588833612777), 'cache_size': 2000, 'class_weight': 'balanced', 'gamma': np.float64(0.05994842503189409), 'kernel': 'poly'}",0.6125,0.84375,0.66875,0.6122448979591836,0.6142857142857143,0.6703061224489796,0.08937129280661585,290
0.0035046100616455077,0.0004474627951307697,0.0030034542083740234,0.0003171208236245195,5.994842503189409,2000,balanced,0.021544346900318832,poly,"{'C': np.float64(5.994842503189409), 'cache_size': 2000, 'class_weight': 'balanced', 'gamma': np.float64(0.021544346900318832), 'kernel': 'poly'}",0.6125,0.84375,0.66875,0.6122448979591836,0.6142857142857143,0.6703061224489796,0.08937129280661585,290
0.003305482864379883,0.0005973000009401521,0.0027046680450439455,0.00024300939959838157,5.994842503189409,2000,balanced,0.0027825594022071257,poly,"{'C': np.float64(5.994842503189409), 'cache_size': 2000, 'class_weight': 'balanced', 'gamma': np.float64(0.0027825594022071257), 'kernel': 'poly'}",0.6125,0.84375,0.66875,0.6122448979591836,0.6142857142857143,0.6703061224489796,0.08937129280661585,290
0.003603076934814453,0.0005836727294767247,0.003607034683227539,0.0007364644089664405,0.2782559402207124,2000,balanced,0.021544346900318832,poly,"{'C': np.float64(0.2782559402207124), 'cache_size': 2000, 'class_weight': 'balanced', 'gamma': np.float64(0.021544346900318832), 'kernel': 'poly'}",0.6125,0.84375,0.66875,0.6122448979591836,0.6142857142857143,0.6703061224489796,0.08937129280661585,290
0.003302192687988281,0.0004007203584588344,0.0034178733825683595,0.0005960023978168571,0.2782559402207124,2000,balanced,0.007742636826811269,poly,"{'C': np.float64(0.2782559402207124), 'cache_size': 2000, 'class_weight': 'balanced', 'gamma': np.float64(0.007742636826811269), 'kernel': 'poly'}",0.6125,0.84375,0.66875,0.6122448979591836,0.6142857142857143,0.6703061224489796,0.08937129280661585,290
0.004205894470214844,0.0006861390027225971,0.0034077644348144533,0.0009766619648422354,5.994842503189409,2000,balanced,0.007742636826811269,poly,"{'C': np.float64(5.994842503189409), 'cache_size': 2000, 'class_weight': 'balanced', 'gamma': np.float64(0.007742636826811269), 'kernel': 'poly'}",0.6125,0.84375,0.66875,0.6122448979591836,0.6142857142857143,0.6703061224489796,0.08937129280661585,290
0.005314826965332031,0.001816388241937544,0.005415487289428711,0.0019424195339126313,5.994842503189409,2000,balanced,0.1668100537200059,poly,"{'C': np.float64(5.994842503189409), 'cache_size': 2000, 'class_weight': 'balanced', 'gamma': np.float64(0.1668100537200059), 'kernel': 'poly'}",0.6125,0.84375,0.66875,0.6122448979591836,0.6142857142857143,0.6703061224489796,0.08937129280661585,290
0.002907991409301758,0.000588176131581399,0.004106855392456055,0.0002109543216537058,1000.0,2000,balanced,0.05994842503189409,poly,"{'C': np.float64(1000.0), 'cache_size': 2000, 'class_weight': 'balanced', 'gamma': np.float64(0.05994842503189409), 'kernel': 'poly'}",0.6125,0.84375,0.66875,0.6122448979591836,0.6142857142857143,0.6703061224489796,0.08937129280661585,290
0.0034076213836669923,0.00038213108072917656,0.003505897521972656,0.0004466578585269571,359.38136638046257,2000,balanced,0.001,poly,"{'C': np.float64(359.38136638046257), 'cache_size': 2000, 'class_weight': 'balanced', 'gamma': np.float64(0.001), 'kernel': 'poly'}",0.6125,0.84375,0.66875,0.6122448979591836,0.6142857142857143,0.6703061224489796,0.08937129280661585,290
0.003701448440551758,0.000748298214212512,0.004923629760742188,0.0008014744914254165,2.1544346900318834,2000,balanced,0.46415888336127775,poly,"{'C': np.float64(2.1544346900318834), 'cache_size': 2000, 'class_weight': 'balanced', 'gamma': np.float64(0.46415888336127775), 'kernel': 'poly'}",0.6125,0.84375,0.66875,0.6122448979591836,0.6142857142857143,0.6703061224489796,0.08937129280661585,290
0.003403329849243164,0.0007340210199714907,0.003105306625366211,0.00020008808764817413,46.41588833612777,2000,balanced,0.1668100537200059,poly,"{'C': np.float64(46.41588833612777), 'cache_size': 2000, 'class_weight': 'balanced', 'gamma': np.float64(0.1668100537200059), 'kernel': 'poly'}",0.6125,0.84375,0.66875,0.6122448979591836,0.6142857142857143,0.6703061224489796,0.08937129280661585,290
0.003204488754272461,0.0003983938529756045,0.0031047344207763674,0.0005857630644803359,0.2782559402207124,2000,balanced,0.0027825594022071257,poly,"{'C': np.float64(0.2782559402207124), 'cache_size': 2000, 'class_weight': 'balanced', 'gamma': np.float64(0.0027825594022071257), 'kernel': 'poly'}",0.6125,0.84375,0.66875,0.6122448979591836,0.6142857142857143,0.6703061224489796,0.08937129280661585,290
0.0031039237976074217,0.0007356622196182963,0.003911352157592774,0.0011139929003574347,0.2782559402207124,2000,balanced,0.001,poly,"{'C': np.float64(0.2782559402207124), 'cache_size': 2000, 'class_weight': 'balanced', 'gamma': np.float64(0.001), 'kernel': 'poly'}",0.6125,0.84375,0.66875,0.6122448979591836,0.6142857142857143,0.6703061224489796,0.08937129280661585,290
0.003705549240112305,0.0007503796297070933,0.0038066864013671874,0.0010334529649144552,16.68100537200059,2000,balanced,0.05994842503189409,poly,"{'C': np.float64(16.68100537200059), 'cache_size': 2000, 'class_weight': 'balanced', 'gamma': np.float64(0.05994842503189409), 'kernel': 'poly'}",0.6125,0.84375,0.66875,0.6122448979591836,0.6142857142857143,0.6703061224489796,0.08937129280661585,290
0.00532236099243164,0.00144626219037564,0.004501724243164062,0.0007749415369817215,0.2782559402207124,2000,balanced,0.1668100537200059,poly,"{'C': np.float64(0.2782559402207124), 'cache_size': 2000, 'class_weight': 'balanced', 'gamma': np.float64(0.1668100537200059), 'kernel': 'poly'}",0.6125,0.84375,0.66875,0.6122448979591836,0.6142857142857143,0.6703061224489796,0.08937129280661585,290
0.0037071704864501953,0.000607042881278563,0.0035080909729003906,0.0008321875419081019,0.2782559402207124,2000,balanced,0.46415888336127775,poly,"{'C': np.float64(0.2782559402207124), 'cache_size': 2000, 'class_weight': 'balanced', 'gamma': np.float64(0.46415888336127775), 'kernel': 'poly'}",0.6125,0.84375,0.66875,0.6122448979591836,0.6142857142857143,0.6703061224489796,0.08937129280661585,290
0.004317617416381836,0.0016862467646252377,0.004403448104858399,0.001828111357918116,1000.0,2000,balanced,0.001,poly,"{'C': np.float64(1000.0), 'cache_size': 2000, 'class_weight': 'balanced', 'gamma': np.float64(0.001), 'kernel': 'poly'}",0.6125,0.84375,0.66875,0.6122448979591836,0.6142857142857143,0.6703061224489796,0.08937129280661585,290
0.003601264953613281,0.0004899410121644717,0.0036082744598388674,0.0004983432280842231,0.1,2000,balanced,0.05994842503189409,poly,"{'C': np.float64(0.1), 'cache_size': 2000, 'class_weight': 'balanced', 'gamma': np.float64(0.05994842503189409), 'kernel': 'poly'}",0.6125,0.84375,0.66875,0.6122448979591836,0.6142857142857143,0.6703061224489796,0.08937129280661585,290
0.003957223892211914,0.0007032865960358865,0.00403742790222168,0.0008841106326984939,0.1,2000,balanced,0.1668100537200059,poly,"{'C': np.float64(0.1), 'cache_size': 2000, 'class_weight': 'balanced', 'gamma': np.float64(0.1668100537200059), 'kernel': 'poly'}",0.6125,0.84375,0.66875,0.6122448979591836,0.6142857142857143,0.6703061224489796,0.08937129280661585,290
0.0038083553314208984,0.0005167129558459448,0.0032867431640625,0.0002308404881225647,0.1,2000,balanced,1.2915496650148828,poly,"{'C': np.float64(0.1), 'cache_size': 2000, 'class_weight': 'balanced', 'gamma': np.float64(1.2915496650148828), 'kernel': 'poly'}",0.6125,0.84375,0.66875,0.6122448979591836,0.6142857142857143,0.6703061224489796,0.08937129280661585,290
0.003703403472900391,0.0007486367438210883,0.0037018299102783204,0.0011673613936652246,0.1,2000,balanced,0.0027825594022071257,poly,"{'C': np.float64(0.1), 'cache_size': 2000, 'class_weight': 'balanced', 'gamma': np.float64(0.0027825594022071257), 'kernel': 'poly'}",0.6125,0.84375,0.66875,0.6122448979591836,0.6142857142857143,0.6703061224489796,0.08937129280661585,290
0.0035047531127929688,0.000550036178176786,0.0036066532135009765,0.0005853519915177975,0.774263682681127,2000,balanced,0.46415888336127775,poly,"{'C': np.float64(0.774263682681127), 'cache_size': 2000, 'class_weight': 'balanced', 'gamma': np.float64(0.46415888336127775), 'kernel': 'poly'}",0.6125,0.84375,0.66875,0.6122448979591836,0.6142857142857143,0.6703061224489796,0.08937129280661585,290
0.003920269012451172,0.0009414423102856195,0.002804136276245117,0.0005112043411520023,129.15496650148827,2000,balanced,0.0027825594022071257,poly,"{'C': np.float64(129.15496650148827), 'cache_size': 2000, 'class_weight': 'balanced', 'gamma': np.float64(0.0027825594022071257), 'kernel': 'poly'}",0.6125,0.84375,0.66875,0.6122448979591836,0.6142857142857143,0.6703061224489796,0.08937129280661585,290
0.003802633285522461,0.0008130933850320729,0.0034073352813720702,0.0005825877598212999,1000.0,2000,balanced,0.007742636826811269,poly,"{'C': np.float64(1000.0), 'cache_size': 2000, 'class_weight': 'balanced', 'gamma': np.float64(0.007742636826811269), 'kernel': 'poly'}",0.6125,0.84375,0.66875,0.6122448979591836,0.6142857142857143,0.6703061224489796,0.08937129280661585,290
0.0032054424285888673,0.0004014947521941261,0.004010057449340821,0.0011007177170007654,1000.0,2000,balanced,0.0027825594022071257,poly,"{'C': np.float64(1000.0), 'cache_size': 2000, 'class_weight': 'balanced', 'gamma': np.float64(0.0027825594022071257), 'kernel': 'poly'}",0.6125,0.84375,0.66875,0.6122448979591836,0.6142857142857143,0.6703061224489796,0.08937129280661585,290
0.004707956314086914,0.0015674051958803933,0.0039051532745361327,0.001112093525469117,0.1,2000,balanced,0.021544346900318832,poly,"{'C': np.float64(0.1), 'cache_size': 2000, 'class_weight': 'balanced', 'gamma': np.float64(0.021544346900318832), 'kernel': 'poly'}",0.6125,0.84375,0.66875,0.6122448979591836,0.6142857142857143,0.6703061224489796,0.08937129280661585,290
0.004416704177856445,0.0015155248493591443,0.004405307769775391,0.0016262406209026552,129.15496650148827,2000,balanced,0.001,poly,"{'C': np.float64(129.15496650148827), 'cache_size': 2000, 'class_weight': 'balanced', 'gamma': np.float64(0.001), 'kernel': 'poly'}",0.6125,0.84375,0.66875,0.6122448979591836,0.6142857142857143,0.6703061224489796,0.08937129280661585,290
0.00330657958984375,0.0005998219771401978,0.0030054569244384764,0.0003212325061208261,0.774263682681127,2000,balanced,0.001,poly,"{'C': np.float64(0.774263682681127), 'cache_size': 2000, 'class_weight': 'balanced', 'gamma': np.float64(0.001), 'kernel': 'poly'}",0.6125,0.84375,0.66875,0.6122448979591836,0.6142857142857143,0.6703061224489796,0.08937129280661585,290
0.0031017780303955076,0.0006640561605391503,0.00321197509765625,0.0002573520668347759,5.994842503189409,2000,balanced,0.05994842503189409,poly,"{'C': np.float64(5.994842503189409), 'cache_size': 2000, 'class_weight': 'balanced', 'gamma': np.float64(0.05994842503189409), 'kernel': 'poly'}",0.6125,0.84375,0.66875,0.6122448979591836,0.6142857142857143,0.6703061224489796,0.08937129280661585,290
0.0038032054901123045,0.0008124411252819997,0.0035120487213134766,0.0005558733257027961,16.68100537200059,2000,balanced,0.1668100537200059,poly,"{'C': np.float64(16.68100537200059), 'cache_size': 2000, 'class_weight': 'balanced', 'gamma': np.float64(0.1668100537200059), 'kernel': 'poly'}",0.6125,0.84375,0.66875,0.6122448979591836,0.6142857142857143,0.6703061224489796,0.08937129280661585,290
0.0041064262390136715,0.0010259270706122017,0.0032067298889160156,0.0005038598609109154,359.38136638046257,2000,"{1: 3, 0: 1}",1.2915496650148828,rbf,"{'C': np.float64(359.38136638046257), 'cache_size': 2000, 'class_weight': {1: 3, 0: 1}, 'gamma': np.float64(1.2915496650148828), 'kernel': 'rbf'}",0.8625,0.8375,0.61875,0.4965986394557823,0.5357142857142857,0.6702125850340136,0.1522100663148314,351
0.003810739517211914,0.0009155572275410548,0.004511356353759766,0.0007079763652131591,1000.0,2000,"{1: 3, 0: 1}",0.001,sigmoid,"{'C': np.float64(1000.0), 'cache_size': 2000, 'class_weight': {1: 3, 0: 1}, 'gamma': np.float64(0.001), 'kernel': 'sigmoid'}",0.5687500000000001,0.85,0.56875,0.6054421768707483,0.7571428571428571,0.6700170068027211,0.11372309671482872,352
0.0035165786743164063,0.000558012510732895,0.003806591033935547,0.0014339554734395057,359.38136638046257,2000,"{1: 3, 0: 1}",0.0027825594022071257,sigmoid,"{'C': np.float64(359.38136638046257), 'cache_size': 2000, 'class_weight': {1: 3, 0: 1}, 'gamma': np.float64(0.0027825594022071257), 'kernel': 'sigmoid'}",0.5687500000000001,0.85,0.56875,0.6054421768707483,0.7571428571428571,0.6700170068027211,0.11372309671482872,352
0.0031041622161865233,0.001241621015494404,0.0044081687927246095,0.003065513252328127,46.41588833612777,2000,"{1: 3, 0: 1}",0.021544346900318832,sigmoid,"{'C': np.float64(46.41588833612777), 'cache_size': 2000, 'class_weight': {1: 3, 0: 1}, 'gamma': np.float64(0.021544346900318832), 'kernel': 'sigmoid'}",0.5687500000000001,0.85,0.56875,0.6054421768707483,0.7571428571428571,0.6700170068027211,0.11372309671482872,352
0.005411291122436523,0.0027521793201058667,0.003806924819946289,0.001365467913904537,5.994842503189409,2000,"{1: 3, 0: 1}",0.1668100537200059,sigmoid,"{'C': np.float64(5.994842503189409), 'cache_size': 2000, 'class_weight': {1: 3, 0: 1}, 'gamma': np.float64(0.1668100537200059), 'kernel': 'sigmoid'}",0.5687500000000001,0.85,0.56875,0.6054421768707483,0.7571428571428571,0.6700170068027211,0.11372309671482872,352
0.003606367111206055,0.0005851500226574547,0.003807401657104492,0.00081627727386254,129.15496650148827,2000,"{1: 3, 0: 1}",0.007742636826811269,sigmoid,"{'C': np.float64(129.15496650148827), 'cache_size': 2000, 'class_weight': {1: 3, 0: 1}, 'gamma': np.float64(0.007742636826811269), 'kernel': 'sigmoid'}",0.5687500000000001,0.85,0.56875,0.6054421768707483,0.7571428571428571,0.6700170068027211,0.11372309671482872,352
0.005123758316040039,0.002143280387517102,0.0066052436828613285,0.00419122010014668,16.68100537200059,2000,"{1: 3, 0: 1}",0.05994842503189409,sigmoid,"{'C': np.float64(16.68100537200059), 'cache_size': 2000, 'class_weight': {1: 3, 0: 1}, 'gamma': np.float64(0.05994842503189409), 'kernel': 'sigmoid'}",0.5687500000000001,0.85,0.56875,0.6054421768707483,0.7571428571428571,0.6700170068027211,0.11372309671482872,352
0.0032070159912109377,0.000677781650495008,0.004102849960327148,0.0007994040579936391,5.994842503189409,2000,"{1: 3, 0: 1}",0.05994842503189409,rbf,"{'C': np.float64(5.994842503189409), 'cache_size': 2000, 'class_weight': {1: 3, 0: 1}, 'gamma': np.float64(0.05994842503189409), 'kernel': 'rbf'}",0.5625,0.85,0.58125,0.5918367346938775,0.7642857142857142,0.6699744897959183,0.11561323558125171,358
0.003612995147705078,0.0004994516997561256,0.0033064365386962892,0.0006094940949853385,16.68100537200059,2000,"{1: 3, 0: 1}",0.46415888336127775,rbf,"{'C': np.float64(16.68100537200059), 'cache_size': 2000, 'class_weight': {1: 3, 0: 1}, 'gamma': np.float64(0.46415888336127775), 'kernel': 'rbf'}",0.6375000000000001,0.85,0.7375,0.6530612244897959,0.4714285714285714,0.6698979591836735,0.12468358536635211,359
0.00661625862121582,0.004452423450660767,0.00380401611328125,0.0008134663089070062,0.774263682681127,2000,"{1: 3, 0: 1}",0.021544346900318832,rbf,"{'C': np.float64(0.774263682681127), 'cache_size': 2000, 'class_weight': {1: 3, 0: 1}, 'gamma': np.float64(0.021544346900318832), 'kernel': 'rbf'}",0.59375,0.85,0.5625,0.5782312925170068,0.7642857142857142,0.6697534013605442,0.11582858027017476,360
0.0033049583435058594,0.0006793699487820275,0.003908586502075195,0.0006662138235426543,2.1544346900318834,2000,"{1: 3, 0: 1}",0.007742636826811269,rbf,"{'C': np.float64(2.1544346900318834), 'cache_size': 2000, 'class_weight': {1: 3, 0: 1}, 'gamma': np.float64(0.007742636826811269), 'kernel': 'rbf'}",0.59375,0.85,0.5625,0.5782312925170068,0.7642857142857142,0.6697534013605442,0.11582858027017476,360
0.01794133186340332,0.017730257182124974,0.008912944793701172,0.008576105276649714,2.1544346900318834,2000,"{1: 3, 0: 1}",0.021544346900318832,rbf,"{'C': np.float64(2.1544346900318834), 'cache_size': 2000, 'class_weight': {1: 3, 0: 1}, 'gamma': np.float64(0.021544346900318832), 'kernel': 'rbf'}",0.59375,0.85,0.5625,0.5782312925170068,0.7642857142857142,0.6697534013605442,0.11582858027017476,360
0.004608964920043946,0.0012873707457565769,0.0043030261993408205,0.0010768468706163427,5.994842503189409,2000,"{1: 3, 0: 1}",0.021544346900318832,rbf,"{'C': np.float64(5.994842503189409), 'cache_size': 2000, 'class_weight': {1: 3, 0: 1}, 'gamma': np.float64(0.021544346900318832), 'kernel': 'rbf'}",0.59375,0.85,0.5625,0.5782312925170068,0.7642857142857142,0.6697534013605442,0.11582858027017476,360
0.0047113895416259766,0.0025480798045800744,0.007214403152465821,0.004239111696405508,16.68100537200059,2000,"{1: 3, 0: 1}",0.007742636826811269,rbf,"{'C': np.float64(16.68100537200059), 'cache_size': 2000, 'class_weight': {1: 3, 0: 1}, 'gamma': np.float64(0.007742636826811269), 'kernel': 'rbf'}",0.59375,0.85,0.5625,0.5782312925170068,0.7642857142857142,0.6697534013605442,0.11582858027017476,360
0.0034114837646484373,0.00037023082677411774,0.0032178878784179686,0.0002364394728953808,5.994842503189409,2000,"{1: 3, 0: 1}",0.007742636826811269,rbf,"{'C': np.float64(5.994842503189409), 'cache_size': 2000, 'class_weight': {1: 3, 0: 1}, 'gamma': np.float64(0.007742636826811269), 'kernel': 'rbf'}",0.59375,0.85,0.5625,0.5782312925170068,0.7642857142857142,0.6697534013605442,0.11582858027017476,360
0.0029018402099609377,0.00019779205322265626,0.004412317276000976,0.0009241334742019731,16.68100537200059,2000,"{1: 3.5, 0: 1}",1.2915496650148828,poly,"{'C': np.float64(16.68100537200059), 'cache_size': 2000, 'class_weight': {1: 3.5, 0: 1}, 'gamma': np.float64(1.2915496650148828), 'kernel': 'poly'}",0.6625000000000001,0.8125000000000001,0.775,0.5986394557823128,0.5,0.6697278911564626,0.11434986406194882,366
0.003902101516723633,0.0012011055957896674,0.005417060852050781,0.001015069393988643,0.774263682681127,2000,"{1: 3.5, 0: 1}",3.593813663804626,poly,"{'C': np.float64(0.774263682681127), 'cache_size': 2000, 'class_weight': {1: 3.5, 0: 1}, 'gamma': np.float64(3.593813663804626), 'kernel': 'poly'}",0.6625000000000001,0.8125000000000001,0.775,0.5986394557823128,0.5,0.6697278911564626,0.11434986406194882,366
0.005619621276855469,0.004041304287513513,0.003909063339233398,0.0009748208335317364,359.38136638046257,2000,"{1: 3.5, 0: 1}",0.46415888336127775,poly,"{'C': np.float64(359.38136638046257), 'cache_size': 2000, 'class_weight': {1: 3.5, 0: 1}, 'gamma': np.float64(0.46415888336127775), 'kernel': 'poly'}",0.6625000000000001,0.8125000000000001,0.775,0.5986394557823128,0.5,0.6697278911564626,0.11434986406194882,366
0.00400691032409668,0.0010038129074865687,0.00500330924987793,0.0010968458959549642,0.1,2000,"{1: 3, 0: 1}",0.46415888336127775,sigmoid,"{'C': np.float64(0.1), 'cache_size': 2000, 'class_weight': {1: 3, 0: 1}, 'gamma': np.float64(0.46415888336127775), 'kernel': 'sigmoid'}",0.59375,0.85625,0.5625,0.5714285714285714,0.7642857142857142,0.6696428571428571,0.11888217670776181,369
0.003304290771484375,0.00024775783303490346,0.00311737060546875,0.00048270059481844593,2.1544346900318834,2000,"{1: 3, 0: 1}",0.007742636826811269,sigmoid,"{'C': np.float64(2.1544346900318834), 'cache_size': 2000, 'class_weight': {1: 3, 0: 1}, 'gamma': np.float64(0.007742636826811269), 'kernel': 'sigmoid'}",0.59375,0.85625,0.5625,0.5714285714285714,0.7642857142857142,0.6696428571428571,0.11888217670776181,369
0.0032115459442138674,0.00025770211482705553,0.0030029296875,0.00031666002823229966,0.774263682681127,2000,"{1: 3, 0: 1}",0.46415888336127775,sigmoid,"{'C': np.float64(0.774263682681127), 'cache_size': 2000, 'class_weight': {1: 3, 0: 1}, 'gamma': np.float64(0.46415888336127775), 'kernel': 'sigmoid'}",0.59375,0.85625,0.5625,0.5714285714285714,0.7642857142857142,0.6696428571428571,0.11888217670776181,369
0.0044062137603759766,0.0015357558690930466,0.004510116577148437,0.0003162561260383425,0.2782559402207124,2000,"{1: 3, 0: 1}",0.46415888336127775,sigmoid,"{'C': np.float64(0.2782559402207124), 'cache_size': 2000, 'class_weight': {1: 3, 0: 1}, 'gamma': np.float64(0.46415888336127775), 'kernel': 'sigmoid'}",0.59375,0.85625,0.5625,0.5714285714285714,0.7642857142857142,0.6696428571428571,0.11888217670776181,369
0.0033125877380371094,0.0005972009350021632,0.0034038543701171873,0.00037568995957051437,0.774263682681127,2000,"{1: 3, 0: 1}",0.021544346900318832,sigmoid,"{'C': np.float64(0.774263682681127), 'cache_size': 2000, 'class_weight': {1: 3, 0: 1}, 'gamma': np.float64(0.021544346900318832), 'kernel': 'sigmoid'}",0.59375,0.85625,0.5625,0.5714285714285714,0.7642857142857142,0.6696428571428571,0.11888217670776181,369
0.003115987777709961,0.00023002748069937435,0.004308509826660156,0.000685021801938423,0.2782559402207124,2000,"{1: 3, 0: 1}",0.021544346900318832,sigmoid,"{'C': np.float64(0.2782559402207124), 'cache_size': 2000, 'class_weight': {1: 3, 0: 1}, 'gamma': np.float64(0.021544346900318832), 'kernel': 'sigmoid'}",0.59375,0.85625,0.5625,0.5714285714285714,0.7642857142857142,0.6696428571428571,0.11888217670776181,369
0.0031020641326904297,0.00020217957361594538,0.004212713241577149,0.00039683795529042856,5.994842503189409,2000,"{1: 3, 0: 1}",0.001,rbf,"{'C': np.float64(5.994842503189409), 'cache_size': 2000, 'class_weight': {1: 3, 0: 1}, 'gamma': np.float64(0.001), 'kernel': 'rbf'}",0.59375,0.85625,0.5625,0.5714285714285714,0.7642857142857142,0.6696428571428571,0.11888217670776181,369
0.0037870883941650392,0.0009340226004945455,0.0036217689514160155,0.0009616294873652582,0.1,2000,"{1: 3, 0: 1}",0.1668100537200059,sigmoid,"{'C': np.float64(0.1), 'cache_size': 2000, 'class_weight': {1: 3, 0: 1}, 'gamma': np.float64(0.1668100537200059), 'kernel': 'sigmoid'}",0.59375,0.85625,0.5625,0.5714285714285714,0.7642857142857142,0.6696428571428571,0.11888217670776181,369
0.0031099796295166017,0.00020780388287335957,0.003004026412963867,0.00031644849562803226,0.774263682681127,2000,"{1: 3, 0: 1}",0.007742636826811269,sigmoid,"{'C': np.float64(0.774263682681127), 'cache_size': 2000, 'class_weight': {1: 3, 0: 1}, 'gamma': np.float64(0.007742636826811269), 'kernel': 'sigmoid'}",0.59375,0.85625,0.5625,0.5714285714285714,0.7642857142857142,0.6696428571428571,0.11888217670776181,369
0.0032073974609375,0.0005040740167497353,0.0035056591033935545,0.0004471386572758778,2.1544346900318834,2000,"{1: 3, 0: 1}",0.0027825594022071257,rbf,"{'C': np.float64(2.1544346900318834), 'cache_size': 2000, 'class_weight': {1: 3, 0: 1}, 'gamma': np.float64(0.0027825594022071257), 'kernel': 'rbf'}",0.59375,0.85625,0.5625,0.5714285714285714,0.7642857142857142,0.6696428571428571,0.11888217670776181,369
0.0033026218414306642,0.0005990839693563467,0.004012012481689453,0.0009538420243621738,0.774263682681127,2000,balanced,0.46415888336127775,rbf,"{'C': np.float64(0.774263682681127), 'cache_size': 2000, 'class_weight': 'balanced', 'gamma': np.float64(0.46415888336127775), 'kernel': 'rbf'}",0.54375,0.83125,0.56875,0.6326530612244897,0.7714285714285715,0.6695663265306122,0.11302548037902986,379
0.0029022693634033203,0.0001986082575404225,0.0032068729400634766,0.0005077979833391782,0.774263682681127,2000,"{1: 3, 0: 1}",1.2915496650148828,sigmoid,"{'C': np.float64(0.774263682681127), 'cache_size': 2000, 'class_weight': {1: 3, 0: 1}, 'gamma': np.float64(1.2915496650148828), 'kernel': 'sigmoid'}",0.5625,0.8562500000000001,0.5625,0.5986394557823129,0.7642857142857142,0.6688350340136054,0.11981393905607524,380
0.0037120819091796876,0.0009342204580109746,0.0033026218414306642,0.00040063801279370585,16.68100537200059,2000,"{1: 3, 0: 1}",0.021544346900318832,rbf,"{'C': np.float64(16.68100537200059), 'cache_size': 2000, 'class_weight': {1: 3, 0: 1}, 'gamma': np.float64(0.021544346900318832), 'kernel': 'rbf'}",0.5625,0.85,0.58125,0.5850340136054422,0.7642857142857142,0.6686139455782313,0.11656090384693057,381
0.0030042648315429686,0.0007078727417852872,0.004409980773925781,0.0020913705581140146,0.774263682681127,2000,"{1: 3, 0: 1}",1.2915496650148828,rbf,"{'C': np.float64(0.774263682681127), 'cache_size': 2000, 'class_weight': {1: 3, 0: 1}, 'gamma': np.float64(1.2915496650148828), 'kernel': 'rbf'}",0.53125,0.85,0.64375,0.6394557823129252,0.6785714285714285,0.6686054421768708,0.10328341557506729,382
0.003906631469726562,0.0009242649854544017,0.004210662841796875,0.0006794897614789049,359.38136638046257,2000,"{1: 3, 0: 1}",0.001,sigmoid,"{'C': np.float64(359.38136638046257), 'cache_size': 2000, 'class_weight': {1: 3, 0: 1}, 'gamma': np.float64(0.001), 'kernel': 'sigmoid'}",0.59375,0.85,0.5625,0.5714285714285714,0.7642857142857142,0.6683928571428572,0.11693033858512791,383
0.003702545166015625,0.0007487370122976493,0.0037117958068847655,0.0005150458422526026,0.2782559402207124,2000,"{1: 3, 0: 1}",0.46415888336127775,linear,"{'C': np.float64(0.2782559402207124), 'cache_size': 2000, 'class_weight': {1: 3, 0: 1}, 'gamma': np.float64(0.46415888336127775), 'kernel': 'linear'}",0.59375,0.85,0.5625,0.5714285714285714,0.7642857142857142,0.6683928571428572,0.11693033858512791,383
0.004206132888793945,0.0012167051380561774,0.004817295074462891,0.001754731713189628,0.1,2000,"{1: 3, 0: 1}",1.2915496650148828,linear,"{'C': np.float64(0.1), 'cache_size': 2000, 'class_weight': {1: 3, 0: 1}, 'gamma': np.float64(1.2915496650148828), 'kernel': 'linear'}",0.59375,0.85,0.5625,0.5714285714285714,0.7642857142857142,0.6683928571428572,0.11693033858512791,383
0.0028040409088134766,0.0005112602336503776,0.0031060218811035157,0.00020961864521512662,0.774263682681127,2000,"{1: 3, 0: 1}",0.1668100537200059,sigmoid,"{'C': np.float64(0.774263682681127), 'cache_size': 2000, 'class_weight': {1: 3, 0: 1}, 'gamma': np.float64(0.1668100537200059), 'kernel': 'sigmoid'}",0.59375,0.85,0.5625,0.5714285714285714,0.7642857142857142,0.6683928571428572,0.11693033858512791,383
0.0043049812316894535,0.0026842532001881718,0.004315900802612305,0.000809490582297097,0.2782559402207124,2000,"{1: 3, 0: 1}",0.1668100537200059,sigmoid,"{'C': np.float64(0.2782559402207124), 'cache_size': 2000, 'class_weight': {1: 3, 0: 1}, 'gamma': np.float64(0.1668100537200059), 'kernel': 'sigmoid'}",0.59375,0.85,0.5625,0.5714285714285714,0.7642857142857142,0.6683928571428572,0.11693033858512791,383
0.003002786636352539,0.0003165873976219081,0.003110837936401367,0.0004814816164427754,0.2782559402207124,2000,"{1: 3, 0: 1}",10.0,linear,"{'C': np.float64(0.2782559402207124), 'cache_size': 2000, 'class_weight': {1: 3, 0: 1}, 'gamma': np.float64(10.0), 'kernel': 'linear'}",0.59375,0.85,0.5625,0.5714285714285714,0.7642857142857142,0.6683928571428572,0.11693033858512791,383
0.002705812454223633,0.00039883513352554636,0.0032029151916503906,0.00024684040963442264,0.2782559402207124,2000,"{1: 3, 0: 1}",3.593813663804626,linear,"{'C': np.float64(0.2782559402207124), 'cache_size': 2000, 'class_weight': {1: 3, 0: 1}, 'gamma': np.float64(3.593813663804626), 'kernel': 'linear'}",0.59375,0.85,0.5625,0.5714285714285714,0.7642857142857142,0.6683928571428572,0.11693033858512791,383
0.003311300277709961,0.0006870250282228172,0.003806781768798828,0.0007557873680763092,0.774263682681127,2000,"{1: 3, 0: 1}",0.05994842503189409,sigmoid,"{'C': np.float64(0.774263682681127), 'cache_size': 2000, 'class_weight': {1: 3, 0: 1}, 'gamma': np.float64(0.05994842503189409), 'kernel': 'sigmoid'}",0.59375,0.85,0.5625,0.5714285714285714,0.7642857142857142,0.6683928571428572,0.11693033858512791,383
0.0028059005737304686,0.00023994147301895853,0.003206348419189453,0.0005155359420101788,129.15496650148827,2000,"{1: 3, 0: 1}",0.001,rbf,"{'C': np.float64(129.15496650148827), 'cache_size': 2000, 'class_weight': {1: 3, 0: 1}, 'gamma': np.float64(0.001), 'kernel': 'rbf'}",0.59375,0.85,0.5625,0.5714285714285714,0.7642857142857142,0.6683928571428572,0.11693033858512791,383
0.003604269027709961,0.0003733854969406327,0.00310516357421875,0.00020826034157610436,0.1,2000,"{1: 3, 0: 1}",3.593813663804626,linear,"{'C': np.float64(0.1), 'cache_size': 2000, 'class_weight': {1: 3, 0: 1}, 'gamma': np.float64(3.593813663804626), 'kernel': 'linear'}",0.59375,0.85,0.5625,0.5714285714285714,0.7642857142857142,0.6683928571428572,0.11693033858512791,383
0.0028060436248779296,0.000506728267743616,0.0034048080444335936,0.000970831395090103,0.1,2000,"{1: 3, 0: 1}",10.0,linear,"{'C': np.float64(0.1), 'cache_size': 2000, 'class_weight': {1: 3, 0: 1}, 'gamma': np.float64(10.0), 'kernel': 'linear'}",0.59375,0.85,0.5625,0.5714285714285714,0.7642857142857142,0.6683928571428572,0.11693033858512791,383
0.0032190799713134764,0.0006843689989973182,0.0025017261505126953,0.0006336546344487659,0.2782559402207124,2000,"{1: 3, 0: 1}",0.001,linear,"{'C': np.float64(0.2782559402207124), 'cache_size': 2000, 'class_weight': {1: 3, 0: 1}, 'gamma': np.float64(0.001), 'kernel': 'linear'}",0.59375,0.85,0.5625,0.5714285714285714,0.7642857142857142,0.6683928571428572,0.11693033858512791,383
0.0040091991424560545,0.001484623256236212,0.003805732727050781,0.0007446871650684067,5.994842503189409,2000,"{1: 3, 0: 1}",0.05994842503189409,sigmoid,"{'C': np.float64(5.994842503189409), 'cache_size': 2000, 'class_weight': {1: 3, 0: 1}, 'gamma': np.float64(0.05994842503189409), 'kernel': 'sigmoid'}",0.59375,0.85,0.5625,0.5714285714285714,0.7642857142857142,0.6683928571428572,0.11693033858512791,383
0.005206966400146484,0.002387499483442183,0.004312562942504883,0.0010343507231670315,0.2782559402207124,2000,"{1: 3, 0: 1}",0.007742636826811269,linear,"{'C': np.float64(0.2782559402207124), 'cache_size': 2000, 'class_weight': {1: 3, 0: 1}, 'gamma': np.float64(0.007742636826811269), 'kernel': 'linear'}",0.59375,0.85,0.5625,0.5714285714285714,0.7642857142857142,0.6683928571428572,0.11693033858512791,383
0.0026098251342773437,0.0007355088908353077,0.0028021812438964845,0.0007495521489511005,0.2782559402207124,2000,"{1: 3, 0: 1}",0.021544346900318832,linear,"{'C': np.float64(0.2782559402207124), 'cache_size': 2000, 'class_weight': {1: 3, 0: 1}, 'gamma': np.float64(0.021544346900318832), 'kernel': 'linear'}",0.59375,0.85,0.5625,0.5714285714285714,0.7642857142857142,0.6683928571428572,0.11693033858512791,383
0.0031043052673339843,0.0003757396505921035,0.002912282943725586,0.0001961755242010025,16.68100537200059,2000,"{1: 3, 0: 1}",0.021544346900318832,sigmoid,"{'C': np.float64(16.68100537200059), 'cache_size': 2000, 'class_weight': {1: 3, 0: 1}, 'gamma': np.float64(0.021544346900318832), 'kernel': 'sigmoid'}",0.59375,0.85,0.5625,0.5714285714285714,0.7642857142857142,0.6683928571428572,0.11693033858512791,383
0.005609035491943359,0.0034586544349469207,0.006516838073730468,0.0036525591098047062,16.68100537200059,2000,"{1: 3, 0: 1}",0.007742636826811269,sigmoid,"{'C': np.float64(16.68100537200059), 'cache_size': 2000, 'class_weight': {1: 3, 0: 1}, 'gamma': np.float64(0.007742636826811269), 'kernel': 'sigmoid'}",0.59375,0.85,0.5625,0.5714285714285714,0.7642857142857142,0.6683928571428572,0.11693033858512791,383
0.0029046058654785155,0.0008609569408378783,0.003709077835083008,0.000753723646568326,0.1,2000,"{1: 3, 0: 1}",0.1668100537200059,linear,"{'C': np.float64(0.1), 'cache_size': 2000, 'class_weight': {1: 3, 0: 1}, 'gamma': np.float64(0.1668100537200059), 'kernel': 'linear'}",0.59375,0.85,0.5625,0.5714285714285714,0.7642857142857142,0.6683928571428572,0.11693033858512791,383
0.003506326675415039,0.0003162881969598344,0.003903961181640625,0.0006633086064875606,0.1,2000,"{1: 3, 0: 1}",0.46415888336127775,linear,"{'C': np.float64(0.1), 'cache_size': 2000, 'class_weight': {1: 3, 0: 1}, 'gamma': np.float64(0.46415888336127775), 'kernel': 'linear'}",0.59375,0.85,0.5625,0.5714285714285714,0.7642857142857142,0.6683928571428572,0.11693033858512791,383
0.005509138107299805,0.003093789511574756,0.005309057235717773,0.002656506727307909,16.68100537200059,2000,"{1: 3, 0: 1}",0.0027825594022071257,rbf,"{'C': np.float64(16.68100537200059), 'cache_size': 2000, 'class_weight': {1: 3, 0: 1}, 'gamma': np.float64(0.0027825594022071257), 'kernel': 'rbf'}",0.59375,0.85,0.5625,0.5714285714285714,0.7642857142857142,0.6683928571428572,0.11693033858512791,383
0.006711387634277343,0.00307572507085133,0.007218265533447265,0.002745414768144809,16.68100537200059,2000,"{1: 3, 0: 1}",0.0027825594022071257,sigmoid,"{'C': np.float64(16.68100537200059), 'cache_size': 2000, 'class_weight': {1: 3, 0: 1}, 'gamma': np.float64(0.0027825594022071257), 'kernel': 'sigmoid'}",0.59375,0.85,0.5625,0.5714285714285714,0.7642857142857142,0.6683928571428572,0.11693033858512791,383
0.0033062458038330077,0.0004024143903305725,0.003402853012084961,0.0011603011403424565,46.41588833612777,2000,"{1: 3, 0: 1}",0.007742636826811269,sigmoid,"{'C': np.float64(46.41588833612777), 'cache_size': 2000, 'class_weight': {1: 3, 0: 1}, 'gamma': np.float64(0.007742636826811269), 'kernel': 'sigmoid'}",0.59375,0.85,0.5625,0.5714285714285714,0.7642857142857142,0.6683928571428572,0.11693033858512791,383
0.0031057357788085937,0.0002085757679476632,0.0028032302856445313,0.00024248285839897747,0.2782559402207124,2000,"{1: 3, 0: 1}",0.1668100537200059,linear,"{'C': np.float64(0.2782559402207124), 'cache_size': 2000, 'class_weight': {1: 3, 0: 1}, 'gamma': np.float64(0.1668100537200059), 'kernel': 'linear'}",0.59375,0.85,0.5625,0.5714285714285714,0.7642857142857142,0.6683928571428572,0.11693033858512791,383
0.0030046939849853516,7.510147397384964e-06,0.003103303909301758,0.0005822465883422482,0.2782559402207124,2000,"{1: 3, 0: 1}",0.05994842503189409,sigmoid,"{'C': np.float64(0.2782559402207124), 'cache_size': 2000, 'class_weight': {1: 3, 0: 1}, 'gamma': np.float64(0.05994842503189409), 'kernel': 'sigmoid'}",0.59375,0.85,0.5625,0.5714285714285714,0.7642857142857142,0.6683928571428572,0.11693033858512791,383
0.002906131744384766,0.0004923246419652953,0.0036070823669433595,0.0005833810109894692,0.2782559402207124,2000,"{1: 3, 0: 1}",0.05994842503189409,linear,"{'C': np.float64(0.2782559402207124), 'cache_size': 2000, 'class_weight': {1: 3, 0: 1}, 'gamma': np.float64(0.05994842503189409), 'kernel': 'linear'}",0.59375,0.85,0.5625,0.5714285714285714,0.7642857142857142,0.6683928571428572,0.11693033858512791,383
0.003004026412963867,0.00031523579386755706,0.0029093742370605467,0.00019339056119867953,129.15496650148827,2000,"{1: 3, 0: 1}",0.001,sigmoid,"{'C': np.float64(129.15496650148827), 'cache_size': 2000, 'class_weight': {1: 3, 0: 1}, 'gamma': np.float64(0.001), 'kernel': 'sigmoid'}",0.59375,0.85,0.5625,0.5714285714285714,0.7642857142857142,0.6683928571428572,0.11693033858512791,383
0.003403329849243164,0.0008586488095671706,0.004411029815673828,0.000729500191479179,129.15496650148827,2000,"{1: 3, 0: 1}",0.0027825594022071257,sigmoid,"{'C': np.float64(129.15496650148827), 'cache_size': 2000, 'class_weight': {1: 3, 0: 1}, 'gamma': np.float64(0.0027825594022071257), 'kernel': 'sigmoid'}",0.59375,0.85,0.5625,0.5714285714285714,0.7642857142857142,0.6683928571428572,0.11693033858512791,383
0.004502344131469727,0.001266459397004311,0.005523014068603516,0.0009494063169933379,0.2782559402207124,2000,"{1: 3, 0: 1}",1.2915496650148828,linear,"{'C': np.float64(0.2782559402207124), 'cache_size': 2000, 'class_weight': {1: 3, 0: 1}, 'gamma': np.float64(1.2915496650148828), 'kernel': 'linear'}",0.59375,0.85,0.5625,0.5714285714285714,0.7642857142857142,0.6683928571428572,0.11693033858512791,383
0.004109334945678711,0.0008688474105764283,0.003305530548095703,0.00040266769549422693,0.2782559402207124,2000,"{1: 3, 0: 1}",0.0027825594022071257,linear,"{'C': np.float64(0.2782559402207124), 'cache_size': 2000, 'class_weight': {1: 3, 0: 1}, 'gamma': np.float64(0.0027825594022071257), 'kernel': 'linear'}",0.59375,0.85,0.5625,0.5714285714285714,0.7642857142857142,0.6683928571428572,0.11693033858512791,383
0.0035076141357421875,0.0007761799799862928,0.003708505630493164,0.0011269094748991733,0.1,2000,"{1: 3, 0: 1}",0.021544346900318832,linear,"{'C': np.float64(0.1), 'cache_size': 2000, 'class_weight': {1: 3, 0: 1}, 'gamma': np.float64(0.021544346900318832), 'kernel': 'linear'}",0.59375,0.85,0.5625,0.5714285714285714,0.7642857142857142,0.6683928571428572,0.11693033858512791,383
0.003302478790283203,0.0005987974881367516,0.0036074638366699217,0.000735574313871227,0.1,2000,"{1: 3, 0: 1}",0.007742636826811269,linear,"{'C': np.float64(0.1), 'cache_size': 2000, 'class_weight': {1: 3, 0: 1}, 'gamma': np.float64(0.007742636826811269), 'kernel': 'linear'}",0.59375,0.85,0.5625,0.5714285714285714,0.7642857142857142,0.6683928571428572,0.11693033858512791,383
0.005607986450195312,0.004975873493689353,0.0035106658935546873,0.00044260120062961306,0.1,2000,"{1: 3, 0: 1}",0.05994842503189409,linear,"{'C': np.float64(0.1), 'cache_size': 2000, 'class_weight': {1: 3, 0: 1}, 'gamma': np.float64(0.05994842503189409), 'kernel': 'linear'}",0.59375,0.85,0.5625,0.5714285714285714,0.7642857142857142,0.6683928571428572,0.11693033858512791,383
0.004108858108520508,0.0003794640444850315,0.0033049583435058594,0.00039797733067172366,5.994842503189409,2000,"{1: 3, 0: 1}",0.0027825594022071257,sigmoid,"{'C': np.float64(5.994842503189409), 'cache_size': 2000, 'class_weight': {1: 3, 0: 1}, 'gamma': np.float64(0.0027825594022071257), 'kernel': 'sigmoid'}",0.59375,0.85,0.5625,0.5714285714285714,0.7642857142857142,0.6683928571428572,0.11693033858512791,383
0.002605724334716797,0.0004943738885774993,0.003607034683227539,0.0005895551258796884,0.1,2000,"{1: 3, 0: 1}",0.0027825594022071257,linear,"{'C': np.float64(0.1), 'cache_size': 2000, 'class_weight': {1: 3, 0: 1}, 'gamma': np.float64(0.0027825594022071257), 'kernel': 'linear'}",0.59375,0.85,0.5625,0.5714285714285714,0.7642857142857142,0.6683928571428572,0.11693033858512791,383
0.0037059783935546875,0.0024499799454250973,0.014933538436889649,0.022353175740034436,0.1,2000,"{1: 3, 0: 1}",0.001,linear,"{'C': np.float64(0.1), 'cache_size': 2000, 'class_weight': {1: 3, 0: 1}, 'gamma': np.float64(0.001), 'kernel': 'linear'}",0.59375,0.85,0.5625,0.5714285714285714,0.7642857142857142,0.6683928571428572,0.11693033858512791,383
0.0032030582427978516,0.00024672771050801963,0.0036114215850830077,0.0005814334296878439,5.994842503189409,2000,"{1: 3, 0: 1}",0.0027825594022071257,rbf,"{'C': np.float64(5.994842503189409), 'cache_size': 2000, 'class_weight': {1: 3, 0: 1}, 'gamma': np.float64(0.0027825594022071257), 'kernel': 'rbf'}",0.59375,0.85,0.5625,0.5714285714285714,0.7642857142857142,0.6683928571428572,0.11693033858512791,383
0.003307628631591797,0.00025065009514279793,0.004608249664306641,0.0017552217792669322,2.1544346900318834,2000,"{1: 3, 0: 1}",0.021544346900318832,sigmoid,"{'C': np.float64(2.1544346900318834), 'cache_size': 2000, 'class_weight': {1: 3, 0: 1}, 'gamma': np.float64(0.021544346900318832), 'kernel': 'sigmoid'}",0.59375,0.85,0.5625,0.5714285714285714,0.7642857142857142,0.6683928571428572,0.11693033858512791,383
0.005207061767578125,0.0006749032090769741,0.004210424423217773,0.0010305565505014335,2.1544346900318834,2000,"{1: 3, 0: 1}",0.1668100537200059,sigmoid,"{'C': np.float64(2.1544346900318834), 'cache_size': 2000, 'class_weight': {1: 3, 0: 1}, 'gamma': np.float64(0.1668100537200059), 'kernel': 'sigmoid'}",0.59375,0.85,0.5625,0.5714285714285714,0.7642857142857142,0.6683928571428572,0.11693033858512791,383
0.003005504608154297,0.0006404281628894451,0.004114961624145508,0.0008597505085009224,2.1544346900318834,2000,"{1: 3, 0: 1}",0.05994842503189409,sigmoid,"{'C': np.float64(2.1544346900318834), 'cache_size': 2000, 'class_weight': {1: 3, 0: 1}, 'gamma': np.float64(0.05994842503189409), 'kernel': 'sigmoid'}",0.59375,0.85,0.5625,0.5714285714285714,0.7642857142857142,0.6683928571428572,0.11693033858512791,383
0.003502368927001953,0.00089388391472405,0.004213094711303711,0.0008696525318289173,46.41588833612777,2000,"{1: 3, 0: 1}",0.0027825594022071257,rbf,"{'C': np.float64(46.41588833612777), 'cache_size': 2000, 'class_weight': {1: 3, 0: 1}, 'gamma': np.float64(0.0027825594022071257), 'kernel': 'rbf'}",0.59375,0.85,0.5625,0.5714285714285714,0.7642857142857142,0.6683928571428572,0.11693033858512791,383
0.0029082298278808594,0.00019324669328291176,0.0038099288940429688,0.00040648405805210623,46.41588833612777,2000,"{1: 3, 0: 1}",0.0027825594022071257,sigmoid,"{'C': np.float64(46.41588833612777), 'cache_size': 2000, 'class_weight': {1: 3, 0: 1}, 'gamma': np.float64(0.0027825594022071257), 'kernel': 'sigmoid'}",0.59375,0.85,0.5625,0.5714285714285714,0.7642857142857142,0.6683928571428572,0.11693033858512791,383
0.004812955856323242,0.001472557630919342,0.004502391815185547,0.0008944433270711054,46.41588833612777,2000,"{1: 3, 0: 1}",0.001,sigmoid,"{'C': np.float64(46.41588833612777), 'cache_size': 2000, 'class_weight': {1: 3, 0: 1}, 'gamma': np.float64(0.001), 'kernel': 'sigmoid'}",0.59375,0.85,0.5625,0.5714285714285714,0.7642857142857142,0.6683928571428572,0.11693033858512791,383
0.0061091423034667965,0.004532820463125809,0.020646142959594726,0.018991986470925405,46.41588833612777,2000,"{1: 3, 0: 1}",0.001,rbf,"{'C': np.float64(46.41588833612777), 'cache_size': 2000, 'class_weight': {1: 3, 0: 1}, 'gamma': np.float64(0.001), 'kernel': 'rbf'}",0.59375,0.85,0.5625,0.5714285714285714,0.7642857142857142,0.6683928571428572,0.11693033858512791,383
0.00391697883605957,0.0014669323429117604,0.0046078205108642575,0.0017551779743365838,16.68100537200059,2000,"{1: 3, 0: 1}",0.001,rbf,"{'C': np.float64(16.68100537200059), 'cache_size': 2000, 'class_weight': {1: 3, 0: 1}, 'gamma': np.float64(0.001), 'kernel': 'rbf'}",0.59375,0.85,0.5625,0.5714285714285714,0.7642857142857142,0.6683928571428572,0.11693033858512791,383
0.00330500602722168,0.0004022599340558983,0.0035077571868896485,0.000554648705759173,16.68100537200059,2000,"{1: 3, 0: 1}",0.001,sigmoid,"{'C': np.float64(16.68100537200059), 'cache_size': 2000, 'class_weight': {1: 3, 0: 1}, 'gamma': np.float64(0.001), 'kernel': 'sigmoid'}",0.59375,0.85,0.5625,0.5714285714285714,0.7642857142857142,0.6683928571428572,0.11693033858512791,383
0.0028034210205078124,0.0002426387460851852,0.003206348419189453,0.00025042062989078103,5.994842503189409,2000,"{1: 3, 0: 1}",0.007742636826811269,sigmoid,"{'C': np.float64(5.994842503189409), 'cache_size': 2000, 'class_weight': {1: 3, 0: 1}, 'gamma': np.float64(0.007742636826811269), 'kernel': 'sigmoid'}",0.59375,0.85,0.5625,0.5714285714285714,0.7642857142857142,0.6683928571428572,0.11693033858512791,383
0.0034113407135009767,0.001164397710414027,0.0030181407928466797,0.000563142422793482,5.994842503189409,2000,"{1: 3, 0: 1}",0.021544346900318832,sigmoid,"{'C': np.float64(5.994842503189409), 'cache_size': 2000, 'class_weight': {1: 3, 0: 1}, 'gamma': np.float64(0.021544346900318832), 'kernel': 'sigmoid'}",0.59375,0.85,0.5625,0.5714285714285714,0.7642857142857142,0.6683928571428572,0.11693033858512791,383
0.0037126541137695312,0.0008219691354068209,0.0037062644958496095,0.0007478834504895761,0.774263682681127,2000,"{1: 3, 0: 1}",10.0,linear,"{'C': np.float64(0.774263682681127), 'cache_size': 2000, 'class_weight': {1: 3, 0: 1}, 'gamma': np.float64(10.0), 'kernel': 'linear'}",0.5625,0.85,0.575,0.5850340136054422,0.7642857142857142,0.6673639455782313,0.11752065422537002,430
0.003709220886230469,0.0009344616927489157,0.003305482864379883,0.00039715017780425383,0.774263682681127,2000,"{1: 3, 0: 1}",0.05994842503189409,linear,"{'C': np.float64(0.774263682681127), 'cache_size': 2000, 'class_weight': {1: 3, 0: 1}, 'gamma': np.float64(0.05994842503189409), 'kernel': 'linear'}",0.5625,0.85,0.575,0.5850340136054422,0.7642857142857142,0.6673639455782313,0.11752065422537002,430
0.0025062084197998045,0.0004440216212216698,0.0037099838256835936,0.0006017320383095762,0.774263682681127,2000,"{1: 3, 0: 1}",1.2915496650148828,linear,"{'C': np.float64(0.774263682681127), 'cache_size': 2000, 'class_weight': {1: 3, 0: 1}, 'gamma': np.float64(1.2915496650148828), 'kernel': 'linear'}",0.5625,0.85,0.575,0.5850340136054422,0.7642857142857142,0.6673639455782313,0.11752065422537002,430
0.002905607223510742,0.0004955269172564172,0.0030031681060791017,0.00031659787601445087,0.774263682681127,2000,"{1: 3, 0: 1}",0.021544346900318832,linear,"{'C': np.float64(0.774263682681127), 'cache_size': 2000, 'class_weight': {1: 3, 0: 1}, 'gamma': np.float64(0.021544346900318832), 'kernel': 'linear'}",0.5625,0.85,0.575,0.5850340136054422,0.7642857142857142,0.6673639455782313,0.11752065422537002,430
0.0029024124145507813,0.0004910819609192797,0.003307342529296875,0.00040268888129080087,0.774263682681127,2000,"{1: 3, 0: 1}",0.001,linear,"{'C': np.float64(0.774263682681127), 'cache_size': 2000, 'class_weight': {1: 3, 0: 1}, 'gamma': np.float64(0.001), 'kernel': 'linear'}",0.5625,0.85,0.575,0.5850340136054422,0.7642857142857142,0.6673639455782313,0.11752065422537002,430
0.0030031204223632812,0.0003157591034779649,0.002906513214111328,0.0004960505902457984,0.774263682681127,2000,"{1: 3, 0: 1}",0.007742636826811269,linear,"{'C': np.float64(0.774263682681127), 'cache_size': 2000, 'class_weight': {1: 3, 0: 1}, 'gamma': np.float64(0.007742636826811269), 'kernel': 'linear'}",0.5625,0.85,0.575,0.5850340136054422,0.7642857142857142,0.6673639455782313,0.11752065422537002,430
0.003105783462524414,0.0006668139410878483,0.0034036636352539062,0.0007352330324504407,0.774263682681127,2000,"{1: 3, 0: 1}",0.1668100537200059,linear,"{'C': np.float64(0.774263682681127), 'cache_size': 2000, 'class_weight': {1: 3, 0: 1}, 'gamma': np.float64(0.1668100537200059), 'kernel': 'linear'}",0.5625,0.85,0.575,0.5850340136054422,0.7642857142857142,0.6673639455782313,0.11752065422537002,430
0.002803659439086914,0.0005113020945394001,0.0040112495422363285,0.0009593694580734758,0.774263682681127,2000,"{1: 3, 0: 1}",3.593813663804626,linear,"{'C': np.float64(0.774263682681127), 'cache_size': 2000, 'class_weight': {1: 3, 0: 1}, 'gamma': np.float64(3.593813663804626), 'kernel': 'linear'}",0.5625,0.85,0.575,0.5850340136054422,0.7642857142857142,0.6673639455782313,0.11752065422537002,430
0.0028176307678222656,0.0004973842889253747,0.003206491470336914,0.0002504892355615347,129.15496650148827,2000,"{1: 3, 0: 1}",0.0027825594022071257,rbf,"{'C': np.float64(129.15496650148827), 'cache_size': 2000, 'class_weight': {1: 3, 0: 1}, 'gamma': np.float64(0.0027825594022071257), 'kernel': 'rbf'}",0.5625,0.85,0.575,0.5850340136054422,0.7642857142857142,0.6673639455782313,0.11752065422537002,430
0.0034072399139404297,0.0005828542889664369,0.003505992889404297,0.0004515944302990419,46.41588833612777,2000,"{1: 3, 0: 1}",0.007742636826811269,rbf,"{'C': np.float64(46.41588833612777), 'cache_size': 2000, 'class_weight': {1: 3, 0: 1}, 'gamma': np.float64(0.007742636826811269), 'kernel': 'rbf'}",0.5625,0.85,0.575,0.5850340136054422,0.7642857142857142,0.6673639455782313,0.11752065422537002,430
0.0028028964996337892,0.0005110877019746971,0.0038117408752441407,0.0006746836437572895,0.774263682681127,2000,"{1: 3, 0: 1}",0.0027825594022071257,linear,"{'C': np.float64(0.774263682681127), 'cache_size': 2000, 'class_weight': {1: 3, 0: 1}, 'gamma': np.float64(0.0027825594022071257), 'kernel': 'linear'}",0.5625,0.85,0.575,0.5850340136054422,0.7642857142857142,0.6673639455782313,0.11752065422537002,430
0.0033020973205566406,0.00040024808955757535,0.0030145168304443358,0.0003172567651980265,0.774263682681127,2000,"{1: 3, 0: 1}",0.46415888336127775,linear,"{'C': np.float64(0.774263682681127), 'cache_size': 2000, 'class_weight': {1: 3, 0: 1}, 'gamma': np.float64(0.46415888336127775), 'kernel': 'linear'}",0.5625,0.85,0.575,0.5850340136054422,0.7642857142857142,0.6673639455782313,0.11752065422537002,430
0.0039028644561767576,0.0011137133592073823,0.003713655471801758,0.0009328556358640571,359.38136638046257,2000,"{1: 3, 0: 1}",0.001,rbf,"{'C': np.float64(359.38136638046257), 'cache_size': 2000, 'class_weight': {1: 3, 0: 1}, 'gamma': np.float64(0.001), 'kernel': 'rbf'}",0.5625,0.85,0.575,0.5850340136054422,0.7642857142857142,0.6673639455782313,0.11752065422537002,430
0.003305387496948242,0.0008678983367192115,0.005213499069213867,0.003195304487003236,2.1544346900318834,2000,"{1: 3, 0: 1}",0.0027825594022071257,sigmoid,"{'C': np.float64(2.1544346900318834), 'cache_size': 2000, 'class_weight': {1: 3, 0: 1}, 'gamma': np.float64(0.0027825594022071257), 'kernel': 'sigmoid'}",0.59375,0.84375,0.5625,0.5714285714285714,0.7642857142857142,0.667142857142857,0.11499972271483874,443
0.0035077571868896485,0.000713439648064039,0.0037082672119140626,0.0007467222487638959,5.994842503189409,2000,"{1: 3, 0: 1}",0.001,sigmoid,"{'C': np.float64(5.994842503189409), 'cache_size': 2000, 'class_weight': {1: 3, 0: 1}, 'gamma': np.float64(0.001), 'kernel': 'sigmoid'}",0.59375,0.84375,0.5625,0.5714285714285714,0.7642857142857142,0.667142857142857,0.11499972271483874,443
0.003608369827270508,0.0007344270244717083,0.0038095951080322266,0.0007455709309618084,0.1,2000,"{1: 3, 0: 1}",0.05994842503189409,sigmoid,"{'C': np.float64(0.1), 'cache_size': 2000, 'class_weight': {1: 3, 0: 1}, 'gamma': np.float64(0.05994842503189409), 'kernel': 'sigmoid'}",0.59375,0.84375,0.5625,0.5714285714285714,0.7642857142857142,0.667142857142857,0.11499972271483874,443
0.003706502914428711,0.0005129410340783177,0.003507184982299805,0.000781466877834974,16.68100537200059,2000,balanced,0.46415888336127775,rbf,"{'C': np.float64(16.68100537200059), 'cache_size': 2000, 'class_weight': 'balanced', 'gamma': np.float64(0.46415888336127775), 'kernel': 'rbf'}",0.6000000000000001,0.80625,0.7625,0.6666666666666667,0.49999999999999994,0.6670833333333335,0.11035296904831232,446
0.004722309112548828,0.0006871310709360193,0.004502630233764649,0.0008935394444184952,359.38136638046257,2000,"{1: 3.5, 0: 1}",1.2915496650148828,rbf,"{'C': np.float64(359.38136638046257), 'cache_size': 2000, 'class_weight': {1: 3.5, 0: 1}, 'gamma': np.float64(1.2915496650148828), 'kernel': 'rbf'}",0.85625,0.81875,0.61875,0.47619047619047616,0.5571428571428572,0.6654166666666667,0.1480783704603273,447
0.003305673599243164,0.0004021367944850179,0.0037083148956298826,0.0011279632858120921,46.41588833612777,2000,"{1: 2, 0: 1}",3.593813663804626,rbf,"{'C': np.float64(46.41588833612777), 'cache_size': 2000, 'class_weight': {1: 2, 0: 1}, 'gamma': np.float64(3.593813663804626), 'kernel': 'rbf'}",0.75,0.8437500000000001,0.6625000000000001,0.4897959183673469,0.5642857142857143,0.6620663265306123,0.12647499188974493,448
0.0035091400146484374,0.00109436542717046,0.004407262802124024,0.0016640599282534746,5.994842503189409,2000,"{1: 3, 0: 1}",10.0,rbf,"{'C': np.float64(5.994842503189409), 'cache_size': 2000, 'class_weight': {1: 3, 0: 1}, 'gamma': np.float64(10.0), 'kernel': 'rbf'}",0.7562500000000001,0.8,0.7562500000000001,0.48299319727891155,0.5142857142857142,0.6619557823129252,0.1346648141486774,449
0.003216981887817383,0.0012035682911436664,0.021338558197021483,0.03467840590914947,0.2782559402207124,2000,"{1: 3, 0: 1}",0.0027825594022071257,sigmoid,"{'C': np.float64(0.2782559402207124), 'cache_size': 2000, 'class_weight': {1: 3, 0: 1}, 'gamma': np.float64(0.0027825594022071257), 'kernel': 'sigmoid'}",0.59375,0.83125,0.5625,0.5714285714285714,0.75,0.6617857142857143,0.10876656570990248,450
0.003305673599243164,0.0006084460262941254,0.0037044525146484376,0.0005107320553008098,0.1,2000,"{1: 3, 0: 1}",0.0027825594022071257,rbf,"{'C': np.float64(0.1), 'cache_size': 2000, 'class_weight': {1: 3, 0: 1}, 'gamma': np.float64(0.0027825594022071257), 'kernel': 'rbf'}",0.59375,0.83125,0.5625,0.5714285714285714,0.75,0.6617857142857143,0.10876656570990248,450
0.0033052921295166015,0.0011666471078080683,0.003107118606567383,0.0004893675795321318,0.774263682681127,2000,"{1: 3, 0: 1}",0.001,sigmoid,"{'C': np.float64(0.774263682681127), 'cache_size': 2000, 'class_weight': {1: 3, 0: 1}, 'gamma': np.float64(0.001), 'kernel': 'sigmoid'}",0.59375,0.83125,0.5625,0.5714285714285714,0.75,0.6617857142857143,0.10876656570990248,450
0.002906179428100586,0.00019221852942298567,0.0030028820037841797,0.0005460308707871765,0.1,2000,"{1: 3, 0: 1}",0.007742636826811269,sigmoid,"{'C': np.float64(0.1), 'cache_size': 2000, 'class_weight': {1: 3, 0: 1}, 'gamma': np.float64(0.007742636826811269), 'kernel': 'sigmoid'}",0.59375,0.83125,0.5625,0.5714285714285714,0.75,0.6617857142857143,0.10876656570990248,450
0.003304147720336914,0.0005100038257621509,0.00431981086730957,0.0019332225881164209,0.2782559402207124,2000,"{1: 3, 0: 1}",0.001,sigmoid,"{'C': np.float64(0.2782559402207124), 'cache_size': 2000, 'class_weight': {1: 3, 0: 1}, 'gamma': np.float64(0.001), 'kernel': 'sigmoid'}",0.59375,0.83125,0.5625,0.5714285714285714,0.75,0.6617857142857143,0.10876656570990248,450
0.0025023460388183595,0.00044793404993718523,0.0035082817077636717,0.0003156363553809931,0.2782559402207124,2000,"{1: 3, 0: 1}",0.001,rbf,"{'C': np.float64(0.2782559402207124), 'cache_size': 2000, 'class_weight': {1: 3, 0: 1}, 'gamma': np.float64(0.001), 'kernel': 'rbf'}",0.59375,0.83125,0.5625,0.5714285714285714,0.75,0.6617857142857143,0.10876656570990248,450
0.003311634063720703,0.0003996430795893699,0.0033055782318115235,0.0004031458550264873,0.1,2000,"{1: 3, 0: 1}",0.0027825594022071257,sigmoid,"{'C': np.float64(0.1), 'cache_size': 2000, 'class_weight': {1: 3, 0: 1}, 'gamma': np.float64(0.0027825594022071257), 'kernel': 'sigmoid'}",0.59375,0.83125,0.5625,0.5714285714285714,0.75,0.6617857142857143,0.10876656570990248,450
0.004408359527587891,0.0005826102279385346,0.003710222244262695,0.000927905940615493,46.41588833612777,2000,balanced,3.593813663804626,rbf,"{'C': np.float64(46.41588833612777), 'cache_size': 2000, 'class_weight': 'balanced', 'gamma': np.float64(3.593813663804626), 'kernel': 'rbf'}",0.80625,0.83125,0.64375,0.4761904761904762,0.5499999999999999,0.6614880952380953,0.13917942118423665,457
0.0036101341247558594,0.0005887534479868345,0.003107643127441406,0.0004982107629998726,0.1,2000,"{1: 3.5, 0: 1}",0.46415888336127775,rbf,"{'C': np.float64(0.1), 'cache_size': 2000, 'class_weight': {1: 3.5, 0: 1}, 'gamma': np.float64(0.46415888336127775), 'kernel': 'rbf'}",0.6125,0.86875,0.56875,0.5918367346938775,0.6642857142857143,0.6612244897959184,0.10845872598166556,458
0.0033083438873291017,0.00025153688452355603,0.0032034873962402343,0.00024851353789663187,129.15496650148827,2000,"{1: 3, 0: 1}",0.1668100537200059,rbf,"{'C': np.float64(129.15496650148827), 'cache_size': 2000, 'class_weight': {1: 3, 0: 1}, 'gamma': np.float64(0.1668100537200059), 'kernel': 'rbf'}",0.6312500000000001,0.81875,0.74375,0.6598639455782314,0.44999999999999996,0.6607227891156462,0.12420917348592028,459
0.0038104534149169924,0.00024835441639615665,0.0031127452850341795,0.0002211625742917144,359.38136638046257,2000,"{1: 3.5, 0: 1}",0.05994842503189409,rbf,"{'C': np.float64(359.38136638046257), 'cache_size': 2000, 'class_weight': {1: 3.5, 0: 1}, 'gamma': np.float64(0.05994842503189409), 'kernel': 'rbf'}",0.65625,0.78125,0.6499999999999999,0.6802721088435374,0.5357142857142857,0.6606972789115646,0.07832125022376989,460
0.003302478790283203,0.0009805977166079782,0.004014921188354492,0.0009578247165722471,46.41588833612777,2000,"{1: 3, 0: 1}",1.2915496650148828,poly,"{'C': np.float64(46.41588833612777), 'cache_size': 2000, 'class_weight': {1: 3, 0: 1}, 'gamma': np.float64(1.2915496650148828), 'kernel': 'poly'}",0.6875,0.7375,0.80625,0.5646258503401361,0.5071428571428571,0.6606037414965986,0.11010111218949384,461
0.0035054683685302734,0.0008915075338750591,0.004010295867919922,0.0013823660589483483,1000.0,2000,"{1: 3, 0: 1}",0.46415888336127775,poly,"{'C': np.float64(1000.0), 'cache_size': 2000, 'class_weight': {1: 3, 0: 1}, 'gamma': np.float64(0.46415888336127775), 'kernel': 'poly'}",0.6875,0.7375,0.80625,0.5646258503401361,0.5071428571428571,0.6606037414965986,0.11010111218949384,461
0.0035039424896240235,0.0009474611977216669,0.0036107540130615235,0.00037175839556900027,0.1,2000,"{1: 3, 0: 1}",10.0,poly,"{'C': np.float64(0.1), 'cache_size': 2000, 'class_weight': {1: 3, 0: 1}, 'gamma': np.float64(10.0), 'kernel': 'poly'}",0.6875,0.7375,0.80625,0.5646258503401361,0.5071428571428571,0.6606037414965986,0.11010111218949384,461
0.0042078495025634766,0.0010328180461317885,0.003703880310058594,0.00040112978695912836,2.1544346900318834,2000,"{1: 3, 0: 1}",3.593813663804626,poly,"{'C': np.float64(2.1544346900318834), 'cache_size': 2000, 'class_weight': {1: 3, 0: 1}, 'gamma': np.float64(3.593813663804626), 'kernel': 'poly'}",0.6875,0.7375,0.80625,0.5646258503401361,0.5071428571428571,0.6606037414965986,0.11010111218949384,461
0.003310966491699219,0.0008198606893384361,0.003306293487548828,0.0005973745922065864,16.68100537200059,2000,"{1: 2, 0: 1}",0.46415888336127775,rbf,"{'C': np.float64(16.68100537200059), 'cache_size': 2000, 'class_weight': {1: 2, 0: 1}, 'gamma': np.float64(0.46415888336127775), 'kernel': 'rbf'}",0.58125,0.7125,0.8,0.7142857142857143,0.4928571428571429,0.6601785714285715,0.10903332199893045,465
0.0033128738403320314,0.000413632458160156,0.0036065101623535155,0.0005897693343158659,0.2782559402207124,2000,"{1: 3.5, 0: 1}",0.46415888336127775,rbf,"{'C': np.float64(0.2782559402207124), 'cache_size': 2000, 'class_weight': {1: 3.5, 0: 1}, 'gamma': np.float64(0.46415888336127775), 'kernel': 'rbf'}",0.6125,0.8625,0.56875,0.5918367346938775,0.6642857142857143,0.6599744897959183,0.10606946528598989,466
0.003805732727050781,0.0009781521449637974,0.00421295166015625,0.0007504431109663403,0.774263682681127,2000,"{1: 3.5, 0: 1}",0.46415888336127775,rbf,"{'C': np.float64(0.774263682681127), 'cache_size': 2000, 'class_weight': {1: 3.5, 0: 1}, 'gamma': np.float64(0.46415888336127775), 'kernel': 'rbf'}",0.6125,0.8625,0.56875,0.5918367346938775,0.6642857142857143,0.6599744897959183,0.10606946528598989,466
0.004206418991088867,0.0009879967765431027,0.004208517074584961,0.0010766056074105422,0.774263682681127,2000,"{1: 2, 0: 1}",0.46415888336127775,poly,"{'C': np.float64(0.774263682681127), 'cache_size': 2000, 'class_weight': {1: 2, 0: 1}, 'gamma': np.float64(0.46415888336127775), 'kernel': 'poly'}",0.58125,0.7999999999999999,0.71875,0.6190476190476191,0.5714285714285714,0.6580952380952381,0.08804201255682814,468
0.004316806793212891,0.0012010269791962941,0.004210281372070313,0.0010293845712707628,16.68100537200059,2000,"{1: 2, 0: 1}",1.2915496650148828,poly,"{'C': np.float64(16.68100537200059), 'cache_size': 2000, 'class_weight': {1: 2, 0: 1}, 'gamma': np.float64(1.2915496650148828), 'kernel': 'poly'}",0.55625,0.7625000000000001,0.85,0.6394557823129251,0.47857142857142854,0.6573554421768708,0.13466531511906604,469
0.0036070823669433595,0.0014705798844826545,0.0038077831268310547,0.0006753555117970374,0.774263682681127,2000,"{1: 2, 0: 1}",3.593813663804626,poly,"{'C': np.float64(0.774263682681127), 'cache_size': 2000, 'class_weight': {1: 2, 0: 1}, 'gamma': np.float64(3.593813663804626), 'kernel': 'poly'}",0.55625,0.7625000000000001,0.85,0.6394557823129251,0.47857142857142854,0.6573554421768708,0.13466531511906604,469
0.003711032867431641,0.0011237822677055123,0.0038042068481445312,0.0012891818916478588,359.38136638046257,2000,"{1: 2, 0: 1}",0.46415888336127775,poly,"{'C': np.float64(359.38136638046257), 'cache_size': 2000, 'class_weight': {1: 2, 0: 1}, 'gamma': np.float64(0.46415888336127775), 'kernel': 'poly'}",0.55625,0.7625000000000001,0.85,0.6394557823129251,0.47857142857142854,0.6573554421768708,0.13466531511906604,469
0.003105497360229492,0.0002079740776455479,0.004308509826660156,0.0011284646625391273,16.68100537200059,2000,"{1: 3.5, 0: 1}",0.46415888336127775,rbf,"{'C': np.float64(16.68100537200059), 'cache_size': 2000, 'class_weight': {1: 3.5, 0: 1}, 'gamma': np.float64(0.46415888336127775), 'kernel': 'rbf'}",0.65,0.84375,0.65625,0.5714285714285714,0.5642857142857143,0.6571428571428571,0.1008399039293959,472
0.0030026912689208986,0.00031620949842007433,0.003207111358642578,0.0006824426806600938,2.1544346900318834,2000,"{1: 3.5, 0: 1}",0.46415888336127775,rbf,"{'C': np.float64(2.1544346900318834), 'cache_size': 2000, 'class_weight': {1: 3.5, 0: 1}, 'gamma': np.float64(0.46415888336127775), 'kernel': 'rbf'}",0.63125,0.8625,0.5625,0.564625850340136,0.6642857142857143,0.6570323129251701,0.10991780787243745,473
0.003406715393066406,0.0009758256552885357,0.0038022518157958983,0.0006786597882748629,0.1,2000,"{1: 3, 0: 1}",0.001,rbf,"{'C': np.float64(0.1), 'cache_size': 2000, 'class_weight': {1: 3, 0: 1}, 'gamma': np.float64(0.001), 'kernel': 'rbf'}",0.59375,0.83125,0.5375000000000001,0.5714285714285714,0.75,0.6567857142857143,0.11367947466092405,474
0.0034009456634521485,0.00037300723777536186,0.0029058933258056642,0.00020064525715928389,0.1,2000,"{1: 3, 0: 1}",3.593813663804626,sigmoid,"{'C': np.float64(0.1), 'cache_size': 2000, 'class_weight': {1: 3, 0: 1}, 'gamma': np.float64(3.593813663804626), 'kernel': 'sigmoid'}",0.58125,0.825,0.5625,0.564625850340136,0.75,0.6566751700680272,0.10961183189141525,475
0.002308511734008789,0.00039923908597957233,0.0033074378967285155,0.00040941554960657157,2.1544346900318834,2000,"{1: 2, 0: 1}",0.46415888336127775,poly,"{'C': np.float64(2.1544346900318834), 'cache_size': 2000, 'class_weight': {1: 2, 0: 1}, 'gamma': np.float64(0.46415888336127775), 'kernel': 'poly'}",0.56875,0.7999999999999999,0.71875,0.6190476190476191,0.5714285714285714,0.655595238095238,0.0903361620035569,476
0.008414459228515626,0.010108118559010308,0.003806877136230469,0.00137232099156187,2.1544346900318834,2000,"{1: 2, 0: 1}",1.2915496650148828,rbf,"{'C': np.float64(2.1544346900318834), 'cache_size': 2000, 'class_weight': {1: 2, 0: 1}, 'gamma': np.float64(1.2915496650148828), 'kernel': 'rbf'}",0.5,0.7374999999999999,0.78125,0.6802721088435374,0.5785714285714285,0.6555187074829931,0.10319784225336039,477
0.0027019023895263673,0.00039987913781130654,0.0032072067260742188,0.0006733620436396937,0.2782559402207124,2000,"{1: 3, 0: 1}",3.593813663804626,sigmoid,"{'C': np.float64(0.2782559402207124), 'cache_size': 2000, 'class_weight': {1: 3, 0: 1}, 'gamma': np.float64(3.593813663804626), 'kernel': 'sigmoid'}",0.5875,0.825,0.55625,0.5578231292517006,0.75,0.6553146258503402,0.11106364100037702,478
0.005913734436035156,0.0005862823293699939,0.0033018112182617186,0.0007486044883851403,1000.0,2000,balanced,1.2915496650148828,rbf,"{'C': np.float64(1000.0), 'cache_size': 2000, 'class_weight': 'balanced', 'gamma': np.float64(1.2915496650148828), 'kernel': 'rbf'}",0.86875,0.8125,0.60625,0.44217687074829937,0.5428571428571429,0.6545068027210883,0.161703657061224,479
0.0028085231781005858,0.0005174639477221179,0.003606367111206055,0.0005904898927650158,16.68100537200059,2000,"{1: 2, 0: 1}",0.1668100537200059,poly,"{'C': np.float64(16.68100537200059), 'cache_size': 2000, 'class_weight': {1: 2, 0: 1}, 'gamma': np.float64(0.1668100537200059), 'kernel': 'poly'}",0.58125,0.7999999999999999,0.7000000000000001,0.6190476190476191,0.5714285714285714,0.6543452380952381,0.08574809187830928,480
0.0030092239379882813,0.0005551621661332134,0.004004478454589844,0.0005500816480413817,359.38136638046257,2000,"{1: 2, 0: 1}",0.05994842503189409,poly,"{'C': np.float64(359.38136638046257), 'cache_size': 2000, 'class_weight': {1: 2, 0: 1}, 'gamma': np.float64(0.05994842503189409), 'kernel': 'poly'}",0.58125,0.7999999999999999,0.7000000000000001,0.6190476190476191,0.5714285714285714,0.6543452380952381,0.08574809187830928,480
0.0035016536712646484,0.0008935634069777847,0.0035178661346435547,0.0007135085063892691,2.1544346900318834,2000,balanced,0.1668100537200059,rbf,"{'C': np.float64(2.1544346900318834), 'cache_size': 2000, 'class_weight': 'balanced', 'gamma': np.float64(0.1668100537200059), 'kernel': 'rbf'}",0.55,0.83125,0.5625,0.5986394557823129,0.7285714285714285,0.6541921768707484,0.1088405399247118,482
0.003304004669189453,0.0002476216785805872,0.0035062313079833986,0.0004428571139811596,129.15496650148827,2000,"{1: 3.5, 0: 1}",0.1668100537200059,rbf,"{'C': np.float64(129.15496650148827), 'cache_size': 2000, 'class_weight': {1: 3.5, 0: 1}, 'gamma': np.float64(0.1668100537200059), 'kernel': 'rbf'}",0.6437499999999999,0.825,0.66875,0.6190476190476191,0.5142857142857142,0.6541666666666667,0.10030477224739064,483
0.0031158924102783203,0.00048701561873549425,0.0036041736602783203,0.00037442873853159764,0.2782559402207124,2000,"{1: 2, 0: 1}",10.0,poly,"{'C': np.float64(0.2782559402207124), 'cache_size': 2000, 'class_weight': {1: 2, 0: 1}, 'gamma': np.float64(10.0), 'kernel': 'poly'}",0.63125,0.74375,0.825,0.5374149659863946,0.5285714285714286,0.6531972789115646,0.11587475987533839,484
0.003301572799682617,0.0008712851280531168,0.004508590698242188,0.0010564418722164254,5.994842503189409,2000,"{1: 2, 0: 1}",3.593813663804626,poly,"{'C': np.float64(5.994842503189409), 'cache_size': 2000, 'class_weight': {1: 2, 0: 1}, 'gamma': np.float64(3.593813663804626), 'kernel': 'poly'}",0.63125,0.74375,0.825,0.5374149659863946,0.5285714285714286,0.6531972789115646,0.11587475987533839,484
0.002901792526245117,0.0001986064257960486,0.0030060291290283205,0.00032106924214186596,129.15496650148827,2000,"{1: 2, 0: 1}",0.1668100537200059,poly,"{'C': np.float64(129.15496650148827), 'cache_size': 2000, 'class_weight': {1: 2, 0: 1}, 'gamma': np.float64(0.1668100537200059), 'kernel': 'poly'}",0.5687500000000001,0.7999999999999999,0.7125,0.6190476190476191,0.5642857142857143,0.6529166666666667,0.09085182049899636,486
0.003208351135253906,0.0002540999581879307,0.003306007385253906,0.00040338435586232454,5.994842503189409,2000,"{1: 2, 0: 1}",0.46415888336127775,poly,"{'C': np.float64(5.994842503189409), 'cache_size': 2000, 'class_weight': {1: 2, 0: 1}, 'gamma': np.float64(0.46415888336127775), 'kernel': 'poly'}",0.5687500000000001,0.7999999999999999,0.7125,0.6190476190476191,0.5642857142857143,0.6529166666666667,0.09085182049899636,486
0.004108285903930664,0.00037925754099907294,0.0037061214447021485,0.0007451623935127047,0.2782559402207124,2000,"{1: 2, 0: 1}",1.2915496650148828,poly,"{'C': np.float64(0.2782559402207124), 'cache_size': 2000, 'class_weight': {1: 2, 0: 1}, 'gamma': np.float64(1.2915496650148828), 'kernel': 'poly'}",0.5687500000000001,0.7999999999999999,0.7125,0.6190476190476191,0.5642857142857143,0.6529166666666667,0.09085182049899636,486
0.0033050537109375,0.0008132100146351922,0.0030094146728515624,0.0006327235713422361,0.1,2000,"{1: 2, 0: 1}",1.2915496650148828,poly,"{'C': np.float64(0.1), 'cache_size': 2000, 'class_weight': {1: 2, 0: 1}, 'gamma': np.float64(1.2915496650148828), 'kernel': 'poly'}",0.56875,0.7999999999999999,0.7000000000000001,0.6190476190476191,0.5714285714285714,0.6518452380952381,0.08799551949529683,489
0.002502250671386719,0.00044793072003436745,0.0046154499053955075,0.0014985668316301504,46.41588833612777,2000,"{1: 2, 0: 1}",0.1668100537200059,poly,"{'C': np.float64(46.41588833612777), 'cache_size': 2000, 'class_weight': {1: 2, 0: 1}, 'gamma': np.float64(0.1668100537200059), 'kernel': 'poly'}",0.56875,0.7999999999999999,0.7000000000000001,0.6190476190476191,0.5714285714285714,0.6518452380952381,0.08799551949529683,489
0.002902698516845703,0.0004919223100176534,0.0033054351806640625,0.0004030118379767695,1000.0,2000,"{1: 2, 0: 1}",0.05994842503189409,poly,"{'C': np.float64(1000.0), 'cache_size': 2000, 'class_weight': {1: 2, 0: 1}, 'gamma': np.float64(0.05994842503189409), 'kernel': 'poly'}",0.56875,0.7999999999999999,0.7000000000000001,0.6190476190476191,0.5714285714285714,0.6518452380952381,0.08799551949529683,489
0.0031067848205566405,0.00020912087037422354,0.0034031391143798826,0.0003744779350892818,129.15496650148827,2000,"{1: 2, 0: 1}",1.2915496650148828,poly,"{'C': np.float64(129.15496650148827), 'cache_size': 2000, 'class_weight': {1: 2, 0: 1}, 'gamma': np.float64(1.2915496650148828), 'kernel': 'poly'}",0.63125,0.74375,0.825,0.5306122448979592,0.5285714285714286,0.6518367346938776,0.11725791321340327,492
0.004614782333374023,0.0016007263914602954,0.00580439567565918,0.004172722954449279,359.38136638046257,2000,balanced,0.1668100537200059,rbf,"{'C': np.float64(359.38136638046257), 'cache_size': 2000, 'class_weight': 'balanced', 'gamma': np.float64(0.1668100537200059), 'kernel': 'rbf'}",0.64375,0.68125,0.79375,0.7142857142857142,0.4214285714285713,0.6508928571428572,0.12494258885665883,493
0.0032063961029052735,0.0005080396064934085,0.003113985061645508,0.00019790919310509538,5.994842503189409,2000,balanced,0.05994842503189409,rbf,"{'C': np.float64(5.994842503189409), 'cache_size': 2000, 'class_weight': 'balanced', 'gamma': np.float64(0.05994842503189409), 'kernel': 'rbf'}",0.54375,0.8375,0.5625,0.5782312925170068,0.7285714285714285,0.6501105442176871,0.1143903126680002,494
0.003305530548095703,0.0004015552020820174,0.0036029815673828125,0.0007351986580769988,5.994842503189409,2000,"{1: 3.5, 0: 1}",10.0,rbf,"{'C': np.float64(5.994842503189409), 'cache_size': 2000, 'class_weight': {1: 3.5, 0: 1}, 'gamma': np.float64(10.0), 'kernel': 'rbf'}",0.78125,0.79375,0.74375,0.4217687074829932,0.5071428571428571,0.6495323129251701,0.15438670926818138,495
0.0036102771759033204,0.0005903108938825552,0.0060100555419921875,0.002775817305843655,0.774263682681127,2000,"{1: 3.5, 0: 1}",3.593813663804626,rbf,"{'C': np.float64(0.774263682681127), 'cache_size': 2000, 'class_weight': {1: 3.5, 0: 1}, 'gamma': np.float64(3.593813663804626), 'kernel': 'rbf'}",0.65,0.8500000000000001,0.575,0.564625850340136,0.6071428571428572,0.6493537414965986,0.10464071088611386,496
0.006103372573852539,0.0009179362950142392,0.003616619110107422,0.000490488093536548,1000.0,2000,"{1: 3, 0: 1}",1.2915496650148828,rbf,"{'C': np.float64(1000.0), 'cache_size': 2000, 'class_weight': {1: 3, 0: 1}, 'gamma': np.float64(1.2915496650148828), 'kernel': 'rbf'}",0.8624999999999999,0.7875000000000001,0.6125,0.42857142857142855,0.55,0.6482142857142857,0.15778682984796097,497
0.0031085968017578124,0.0006688161326558529,0.003901815414428711,0.0011992536396634487,2.1544346900318834,2000,"{1: 3.5, 0: 1}",1.2915496650148828,rbf,"{'C': np.float64(2.1544346900318834), 'cache_size': 2000, 'class_weight': {1: 3.5, 0: 1}, 'gamma': np.float64(1.2915496650148828), 'kernel': 'rbf'}",0.6375,0.8562500000000001,0.58125,0.5578231292517006,0.6071428571428572,0.6479931972789117,0.10745701364640599,498
0.003207492828369141,0.0002526252212852002,0.003607177734375,0.0003720292431415573,2.1544346900318834,2000,"{1: 3.5, 0: 1}",0.001,sigmoid,"{'C': np.float64(2.1544346900318834), 'cache_size': 2000, 'class_weight': {1: 3.5, 0: 1}, 'gamma': np.float64(0.001), 'kernel': 'sigmoid'}",0.6187499999999999,0.84375,0.54375,0.6190476190476191,0.6142857142857143,0.6479166666666666,0.10199661386714176,499
0.003004789352416992,7.462158743691234e-06,0.0031040668487548827,0.0008598970755775505,0.1,2000,"{1: 3.5, 0: 1}",0.021544346900318832,sigmoid,"{'C': np.float64(0.1), 'cache_size': 2000, 'class_weight': {1: 3.5, 0: 1}, 'gamma': np.float64(0.021544346900318832), 'kernel': 'sigmoid'}",0.6187499999999999,0.84375,0.54375,0.6190476190476191,0.6142857142857143,0.6479166666666666,0.10199661386714176,499
0.0040110588073730465,0.0013808651726697663,0.0034030914306640626,0.0005811345265688394,0.2782559402207124,2000,"{1: 3.5, 0: 1}",0.007742636826811269,sigmoid,"{'C': np.float64(0.2782559402207124), 'cache_size': 2000, 'class_weight': {1: 3.5, 0: 1}, 'gamma': np.float64(0.007742636826811269), 'kernel': 'sigmoid'}",0.6187499999999999,0.84375,0.54375,0.6190476190476191,0.6142857142857143,0.6479166666666666,0.10199661386714176,499
0.004411554336547852,0.0015956943852329989,0.005008316040039063,0.0005498097566968347,0.774263682681127,2000,"{1: 3.5, 0: 1}",0.0027825594022071257,sigmoid,"{'C': np.float64(0.774263682681127), 'cache_size': 2000, 'class_weight': {1: 3.5, 0: 1}, 'gamma': np.float64(0.0027825594022071257), 'kernel': 'sigmoid'}",0.6187499999999999,0.84375,0.54375,0.6190476190476191,0.6142857142857143,0.6479166666666666,0.10199661386714176,499
0.006911563873291016,0.003193166322599169,0.006825065612792969,0.0013423101058605764,0.2782559402207124,2000,"{1: 3.5, 0: 1}",0.007742636826811269,rbf,"{'C': np.float64(0.2782559402207124), 'cache_size': 2000, 'class_weight': {1: 3.5, 0: 1}, 'gamma': np.float64(0.007742636826811269), 'kernel': 'rbf'}",0.6187499999999999,0.85,0.56875,0.5850340136054422,0.6142857142857143,0.6473639455782313,0.10299463158604615,503
0.004112768173217774,0.0008710090370477038,0.005211639404296875,0.0006824539885674519,0.774263682681127,2000,"{1: 3.5, 0: 1}",0.0027825594022071257,rbf,"{'C': np.float64(0.774263682681127), 'cache_size': 2000, 'class_weight': {1: 3.5, 0: 1}, 'gamma': np.float64(0.0027825594022071257), 'kernel': 'rbf'}",0.6187499999999999,0.85,0.56875,0.5850340136054422,0.6142857142857143,0.6473639455782313,0.10299463158604615,503
0.0033057689666748046,0.001165477677979917,0.0037023067474365235,0.00074816864861182,5.994842503189409,2000,"{1: 3.5, 0: 1}",0.001,sigmoid,"{'C': np.float64(5.994842503189409), 'cache_size': 2000, 'class_weight': {1: 3.5, 0: 1}, 'gamma': np.float64(0.001), 'kernel': 'sigmoid'}",0.6187499999999999,0.8625,0.55625,0.5850340136054422,0.6142857142857143,0.6473639455782313,0.10989378570030872,503
0.0044043540954589845,0.0017728279153664363,0.004409503936767578,0.0008551278634289908,0.2782559402207124,2000,"{1: 3.5, 0: 1}",0.021544346900318832,sigmoid,"{'C': np.float64(0.2782559402207124), 'cache_size': 2000, 'class_weight': {1: 3.5, 0: 1}, 'gamma': np.float64(0.021544346900318832), 'kernel': 'sigmoid'}",0.6187499999999999,0.8625,0.55625,0.5850340136054422,0.6142857142857143,0.6473639455782313,0.10989378570030872,503
0.00500783920288086,0.004280660330162436,0.004212331771850586,0.0022129282880762567,0.1,2000,"{1: 3.5, 0: 1}",0.05994842503189409,sigmoid,"{'C': np.float64(0.1), 'cache_size': 2000, 'class_weight': {1: 3.5, 0: 1}, 'gamma': np.float64(0.05994842503189409), 'kernel': 'sigmoid'}",0.6187499999999999,0.8625,0.55625,0.5850340136054422,0.6142857142857143,0.6473639455782313,0.10989378570030872,503
0.003206491470336914,0.000686371453881639,0.005112218856811524,0.0037070469492517695,2.1544346900318834,2000,"{1: 3.5, 0: 1}",0.0027825594022071257,sigmoid,"{'C': np.float64(2.1544346900318834), 'cache_size': 2000, 'class_weight': {1: 3.5, 0: 1}, 'gamma': np.float64(0.0027825594022071257), 'kernel': 'sigmoid'}",0.6187499999999999,0.8625,0.55625,0.5850340136054422,0.6142857142857143,0.6473639455782313,0.10989378570030872,503
0.003806781768798828,0.0014433306458751785,0.01793951988220215,0.021380188407770204,0.774263682681127,2000,"{1: 3.5, 0: 1}",0.007742636826811269,sigmoid,"{'C': np.float64(0.774263682681127), 'cache_size': 2000, 'class_weight': {1: 3.5, 0: 1}, 'gamma': np.float64(0.007742636826811269), 'kernel': 'sigmoid'}",0.6187499999999999,0.8625,0.55625,0.5850340136054422,0.6142857142857143,0.6473639455782313,0.10989378570030872,503
0.004315805435180664,0.0012156356312704017,0.004203033447265625,0.0013641933287929437,0.774263682681127,2000,balanced,1.2915496650148828,rbf,"{'C': np.float64(0.774263682681127), 'cache_size': 2000, 'class_weight': 'balanced', 'gamma': np.float64(1.2915496650148828), 'kernel': 'rbf'}",0.4875,0.81875,0.60625,0.6666666666666666,0.6571428571428571,0.6472619047619047,0.10685334562686996,510
0.0037125587463378907,0.0005110382554067741,0.0037027835845947266,0.0012475830537225742,1000.0,2000,"{1: 3.5, 0: 1}",0.021544346900318832,rbf,"{'C': np.float64(1000.0), 'cache_size': 2000, 'class_weight': {1: 3.5, 0: 1}, 'gamma': np.float64(0.021544346900318832), 'kernel': 'rbf'}",0.675,0.7687499999999999,0.63125,0.673469387755102,0.4857142857142857,0.6468367346938776,0.09226993209381057,511
0.0036086082458496095,0.001240343428298979,0.005112981796264649,0.0020843462999402436,0.1,2000,"{1: 3, 0: 1}",0.001,sigmoid,"{'C': np.float64(0.1), 'cache_size': 2000, 'class_weight': {1: 3, 0: 1}, 'gamma': np.float64(0.001), 'kernel': 'sigmoid'}",0.54375,0.83125,0.5375000000000001,0.5714285714285714,0.75,0.6467857142857143,0.12076314522609106,512
0.008326578140258788,0.0038656139012509614,0.0057051658630371095,0.0008687767629362521,0.1,2000,"{1: 3.5, 0: 1}",0.021544346900318832,rbf,"{'C': np.float64(0.1), 'cache_size': 2000, 'class_weight': {1: 3.5, 0: 1}, 'gamma': np.float64(0.021544346900318832), 'kernel': 'rbf'}",0.6125,0.84375,0.56875,0.5850340136054422,0.6214285714285714,0.6462925170068027,0.10051373415419994,513
0.003307199478149414,0.0005098933154701219,0.004203510284423828,0.0005101960481419144,16.68100537200059,2000,balanced,0.021544346900318832,rbf,"{'C': np.float64(16.68100537200059), 'cache_size': 2000, 'class_weight': 'balanced', 'gamma': np.float64(0.021544346900318832), 'kernel': 'rbf'}",0.54375,0.8375,0.56875,0.5646258503401361,0.7142857142857142,0.6457823129251701,0.11347187234734729,514
0.005314779281616211,0.000683138610817974,0.0038010120391845704,0.0004001379687844432,1000.0,2000,"{1: 2, 0: 1}",1.2915496650148828,rbf,"{'C': np.float64(1000.0), 'cache_size': 2000, 'class_weight': {1: 2, 0: 1}, 'gamma': np.float64(1.2915496650148828), 'kernel': 'rbf'}",0.85625,0.83125,0.6125,0.42176870748299317,0.5071428571428571,0.6457823129251701,0.17274583452458916,514
0.005552244186401367,0.0007417055295316853,0.0036016464233398437,0.0008010746551965908,1000.0,2000,"{1: 3.5, 0: 1}",1.2915496650148828,rbf,"{'C': np.float64(1000.0), 'cache_size': 2000, 'class_weight': {1: 3.5, 0: 1}, 'gamma': np.float64(1.2915496650148828), 'kernel': 'rbf'}",0.8375,0.79375,0.61875,0.42857142857142855,0.55,0.6457142857142857,0.15214180918485495,516
0.0033087730407714844,0.00040467357909577907,0.004609441757202149,0.0010162025528167066,2.1544346900318834,2000,"{1: 3, 0: 1}",0.46415888336127775,rbf,"{'C': np.float64(2.1544346900318834), 'cache_size': 2000, 'class_weight': {1: 3, 0: 1}, 'gamma': np.float64(0.46415888336127775), 'kernel': 'rbf'}",0.51875,0.84375,0.6000000000000001,0.6054421768707483,0.6571428571428571,0.6450170068027211,0.10879144626684607,517
0.004803657531738281,0.002877071071359286,0.00322113037109375,0.00026882764642745466,0.2782559402207124,2000,"{1: 3, 0: 1}",3.593813663804626,poly,"{'C': np.float64(0.2782559402207124), 'cache_size': 2000, 'class_weight': {1: 3, 0: 1}, 'gamma': np.float64(3.593813663804626), 'kernel': 'poly'}",0.5875000000000001,0.825,0.7125,0.6054421768707482,0.4928571428571429,0.6446598639455783,0.11399490505074283,518
0.003003692626953125,0.0005504749832259881,0.003505516052246094,0.000640126302327342,46.41588833612777,2000,"{1: 3, 0: 1}",0.1668100537200059,rbf,"{'C': np.float64(46.41588833612777), 'cache_size': 2000, 'class_weight': {1: 3, 0: 1}, 'gamma': np.float64(0.1668100537200059), 'kernel': 'rbf'}",0.6062500000000001,0.8250000000000001,0.69375,0.6054421768707483,0.4928571428571428,0.6446598639455783,0.11044439043033324,518
0.0037053108215332033,0.00040241551472620273,0.002704334259033203,0.00024347808651889054,129.15496650148827,2000,"{1: 3, 0: 1}",0.46415888336127775,poly,"{'C': np.float64(129.15496650148827), 'cache_size': 2000, 'class_weight': {1: 3, 0: 1}, 'gamma': np.float64(0.46415888336127775), 'kernel': 'poly'}",0.5875000000000001,0.825,0.7125,0.6054421768707482,0.4928571428571429,0.6446598639455783,0.11399490505074283,518
0.008515548706054688,0.006052393600629916,0.007816219329833984,0.0033036664498420835,5.994842503189409,2000,balanced,0.46415888336127775,rbf,"{'C': np.float64(5.994842503189409), 'cache_size': 2000, 'class_weight': 'balanced', 'gamma': np.float64(0.46415888336127775), 'kernel': 'rbf'}",0.55625,0.83125,0.6125,0.6258503401360543,0.5928571428571429,0.6437414965986394,0.09664320241990022,521
0.0027050018310546876,0.0006036887348298903,0.003307628631591797,0.0005106713453514134,5.994842503189409,2000,"{1: 3, 0: 1}",1.2915496650148828,poly,"{'C': np.float64(5.994842503189409), 'cache_size': 2000, 'class_weight': {1: 3, 0: 1}, 'gamma': np.float64(1.2915496650148828), 'kernel': 'poly'}",0.5875000000000001,0.825,0.70625,0.6054421768707482,0.4928571428571429,0.6434098639455783,0.11327615829198932,522
0.003813028335571289,0.0010771700004904192,0.0056073665618896484,0.002128389857137474,46.41588833612777,2000,balanced,0.007742636826811269,rbf,"{'C': np.float64(46.41588833612777), 'cache_size': 2000, 'class_weight': 'balanced', 'gamma': np.float64(0.007742636826811269), 'kernel': 'rbf'}",0.54375,0.8375,0.56875,0.5646258503401361,0.7,0.6429251700680272,0.11187971606802831,523
0.004318761825561524,0.0012995345821386639,0.003702402114868164,0.0007480791791250996,46.41588833612777,2000,"{1: 3.5, 0: 1}",3.593813663804626,rbf,"{'C': np.float64(46.41588833612777), 'cache_size': 2000, 'class_weight': {1: 3.5, 0: 1}, 'gamma': np.float64(3.593813663804626), 'kernel': 'rbf'}",0.84375,0.7999999999999999,0.625,0.37414965986394555,0.5714285714285714,0.6428656462585034,0.1689239160239828,524
0.0035072803497314454,0.0007030330527886918,0.0038173675537109377,0.00039196383922347983,5.994842503189409,2000,balanced,3.593813663804626,poly,"{'C': np.float64(5.994842503189409), 'cache_size': 2000, 'class_weight': 'balanced', 'gamma': np.float64(3.593813663804626), 'kernel': 'poly'}",0.675,0.7375,0.8125,0.5170068027210885,0.4714285714285714,0.642687074829932,0.12961099586978972,525
0.003315114974975586,0.0004024782046998434,0.0037049293518066407,0.0006761988483091998,0.2782559402207124,2000,balanced,10.0,poly,"{'C': np.float64(0.2782559402207124), 'cache_size': 2000, 'class_weight': 'balanced', 'gamma': np.float64(10.0), 'kernel': 'poly'}",0.675,0.7375,0.8125,0.5170068027210885,0.4714285714285714,0.642687074829932,0.12961099586978972,525
0.004509067535400391,0.0012313627378684594,0.004117155075073242,0.0011204915386303074,129.15496650148827,2000,balanced,1.2915496650148828,poly,"{'C': np.float64(129.15496650148827), 'cache_size': 2000, 'class_weight': 'balanced', 'gamma': np.float64(1.2915496650148828), 'kernel': 'poly'}",0.675,0.7375,0.8125,0.5170068027210885,0.4714285714285714,0.642687074829932,0.12961099586978972,525
0.0041062355041503905,0.0006661134760370506,0.003606271743774414,0.00037310898535891944,16.68100537200059,2000,balanced,0.46415888336127775,poly,"{'C': np.float64(16.68100537200059), 'cache_size': 2000, 'class_weight': 'balanced', 'gamma': np.float64(0.46415888336127775), 'kernel': 'poly'}",0.6062500000000001,0.83125,0.71875,0.5850340136054422,0.4714285714285714,0.6425425170068028,0.12273748549427724,528
0.0037024497985839845,0.0006016373567020525,0.004311704635620117,0.0016984154864095212,0.2782559402207124,2000,"{1: 3.5, 0: 1}",0.1668100537200059,rbf,"{'C': np.float64(0.2782559402207124), 'cache_size': 2000, 'class_weight': {1: 3.5, 0: 1}, 'gamma': np.float64(0.1668100537200059), 'kernel': 'rbf'}",0.6125,0.8625,0.55625,0.5850340136054422,0.5928571428571429,0.6418282312925171,0.11180658208855494,529
0.0030029296875,0.0003164394781091499,0.004210805892944336,0.0008092885053355859,0.1,2000,"{1: 3.5, 0: 1}",0.05994842503189409,rbf,"{'C': np.float64(0.1), 'cache_size': 2000, 'class_weight': {1: 3.5, 0: 1}, 'gamma': np.float64(0.05994842503189409), 'kernel': 'rbf'}",0.6187499999999999,0.8625,0.55625,0.5714285714285714,0.6,0.6417857142857144,0.11247930648681609,530
0.0035054683685302734,0.00045207708557697536,0.003509044647216797,0.0003161147336532239,359.38136638046257,2000,balanced,0.001,rbf,"{'C': np.float64(359.38136638046257), 'cache_size': 2000, 'class_weight': 'balanced', 'gamma': np.float64(0.001), 'kernel': 'rbf'}",0.54375,0.8375,0.56875,0.5646258503401361,0.6928571428571428,0.6414965986394557,0.11118526516632488,531
0.006923198699951172,0.005888086241796957,0.0058039665222167965,0.0021148208700863787,129.15496650148827,2000,balanced,0.0027825594022071257,rbf,"{'C': np.float64(129.15496650148827), 'cache_size': 2000, 'class_weight': 'balanced', 'gamma': np.float64(0.0027825594022071257), 'kernel': 'rbf'}",0.54375,0.8375,0.56875,0.5646258503401361,0.6928571428571428,0.6414965986394557,0.11118526516632488,531
0.0032032012939453127,0.0010290800830336606,0.0034111499786376952,0.0007398536353098126,0.1,2000,"{1: 2, 0: 1}",3.593813663804626,rbf,"{'C': np.float64(0.1), 'cache_size': 2000, 'class_weight': {1: 2, 0: 1}, 'gamma': np.float64(3.593813663804626), 'kernel': 'rbf'}",0.41874999999999996,0.74375,0.74375,0.7074829931972789,0.5928571428571429,0.6413180272108844,0.12429594110172118,533
0.0043030261993408205,0.001470368394639875,0.004307794570922852,0.0010300748204810967,0.1,2000,balanced,3.593813663804626,sigmoid,"{'C': np.float64(0.1), 'cache_size': 2000, 'class_weight': 'balanced', 'gamma': np.float64(3.593813663804626), 'kernel': 'sigmoid'}",0.55,0.83125,0.56875,0.5850340136054422,0.6714285714285714,0.6412925170068028,0.10368585897922934,534
0.005809354782104492,0.003073211501971994,0.0039119720458984375,0.0008666871429537299,0.774263682681127,2000,balanced,1.2915496650148828,poly,"{'C': np.float64(0.774263682681127), 'cache_size': 2000, 'class_weight': 'balanced', 'gamma': np.float64(1.2915496650148828), 'kernel': 'poly'}",0.6,0.83125,0.71875,0.5850340136054422,0.4714285714285714,0.6412925170068027,0.12313192777657192,535
0.003101968765258789,0.00020186976416553063,0.0036108970642089845,0.00037255215458622095,359.38136638046257,2000,balanced,0.1668100537200059,poly,"{'C': np.float64(359.38136638046257), 'cache_size': 2000, 'class_weight': 'balanced', 'gamma': np.float64(0.1668100537200059), 'kernel': 'poly'}",0.6,0.83125,0.71875,0.5850340136054422,0.4714285714285714,0.6412925170068027,0.12313192777657192,535
0.0034093379974365233,0.00037606461345607387,0.0029030323028564455,0.00019767447584704997,2.1544346900318834,2000,"{1: 3, 0: 1}",10.0,poly,"{'C': np.float64(2.1544346900318834), 'cache_size': 2000, 'class_weight': {1: 3, 0: 1}, 'gamma': np.float64(10.0), 'kernel': 'poly'}",0.7375,0.775,0.7312500000000001,0.5170068027210885,0.44285714285714284,0.6407227891156463,0.1341997265860179,537
0.004202795028686523,0.0016926692568855156,0.003406047821044922,0.0007386492938543932,1000.0,2000,"{1: 3, 0: 1}",1.2915496650148828,poly,"{'C': np.float64(1000.0), 'cache_size': 2000, 'class_weight': {1: 3, 0: 1}, 'gamma': np.float64(1.2915496650148828), 'kernel': 'poly'}",0.7375,0.775,0.7312500000000001,0.5170068027210885,0.44285714285714284,0.6407227891156463,0.1341997265860179,537
0.003408670425415039,0.000491231775924582,0.0046059608459472655,0.002201300602572411,46.41588833612777,2000,"{1: 3, 0: 1}",3.593813663804626,poly,"{'C': np.float64(46.41588833612777), 'cache_size': 2000, 'class_weight': {1: 3, 0: 1}, 'gamma': np.float64(3.593813663804626), 'kernel': 'poly'}",0.7375,0.775,0.7312500000000001,0.5170068027210885,0.44285714285714284,0.6407227891156463,0.1341997265860179,537
0.0032188892364501953,0.0002666596005994505,0.003101634979248047,0.00020215625905457786,0.774263682681127,2000,"{1: 3.5, 0: 1}",0.1668100537200059,rbf,"{'C': np.float64(0.774263682681127), 'cache_size': 2000, 'class_weight': {1: 3.5, 0: 1}, 'gamma': np.float64(0.1668100537200059), 'kernel': 'rbf'}",0.6125,0.85625,0.55625,0.5850340136054422,0.5928571428571429,0.640578231292517,0.10934021390392494,540
0.0036078929901123048,0.000979027482315813,0.0040074348449707035,0.000709759361644656,2.1544346900318834,2000,"{1: 3.5, 0: 1}",0.1668100537200059,rbf,"{'C': np.float64(2.1544346900318834), 'cache_size': 2000, 'class_weight': {1: 3.5, 0: 1}, 'gamma': np.float64(0.1668100537200059), 'kernel': 'rbf'}",0.6125,0.85625,0.55625,0.5850340136054422,0.5928571428571429,0.640578231292517,0.10934021390392494,540
0.003911018371582031,0.0009743849684053365,0.004903364181518555,0.0011144071277632303,0.1,2000,"{1: 3.5, 0: 1}",0.1668100537200059,rbf,"{'C': np.float64(0.1), 'cache_size': 2000, 'class_weight': {1: 3.5, 0: 1}, 'gamma': np.float64(0.1668100537200059), 'kernel': 'rbf'}",0.6125,0.8625,0.55625,0.5782312925170068,0.5928571428571429,0.6404676870748299,0.11252847732704074,542
0.0034104347229003905,0.0011572981213851187,0.0025078773498535155,0.000899483355480496,129.15496650148827,2000,balanced,3.593813663804626,poly,"{'C': np.float64(129.15496650148827), 'cache_size': 2000, 'class_weight': 'balanced', 'gamma': np.float64(3.593813663804626), 'kernel': 'poly'}",0.75625,0.7812500000000001,0.7375,0.48299319727891155,0.44285714285714284,0.6401700680272109,0.14593709097243127,543
0.004210186004638672,0.0006799567028728826,0.003802919387817383,0.0008133407451764876,5.994842503189409,2000,balanced,10.0,poly,"{'C': np.float64(5.994842503189409), 'cache_size': 2000, 'class_weight': 'balanced', 'gamma': np.float64(10.0), 'kernel': 'poly'}",0.75625,0.7812500000000001,0.7375,0.48299319727891155,0.44285714285714284,0.6401700680272109,0.14593709097243127,543
0.007212924957275391,0.003259941047561485,0.005709409713745117,0.0006817554652094065,5.994842503189409,2000,"{1: 3.5, 0: 1}",0.1668100537200059,rbf,"{'C': np.float64(5.994842503189409), 'cache_size': 2000, 'class_weight': {1: 3.5, 0: 1}, 'gamma': np.float64(0.1668100537200059), 'kernel': 'rbf'}",0.63125,0.85625,0.5625,0.5578231292517006,0.5928571428571429,0.6401360544217687,0.11119556601910537,545
0.0033060550689697266,0.0004022612962836112,0.003908586502075195,0.0009745200155864124,46.41588833612777,2000,"{1: 3, 0: 1}",3.593813663804626,rbf,"{'C': np.float64(46.41588833612777), 'cache_size': 2000, 'class_weight': {1: 3, 0: 1}, 'gamma': np.float64(3.593813663804626), 'kernel': 'rbf'}",0.825,0.81875,0.625,0.38095238095238093,0.55,0.6399404761904762,0.16828975828541726,546
0.003402853012084961,0.000584366526806128,0.0036180496215820314,0.000598864652536599,46.41588833612777,2000,"{1: 3.5, 0: 1}",0.1668100537200059,rbf,"{'C': np.float64(46.41588833612777), 'cache_size': 2000, 'class_weight': {1: 3.5, 0: 1}, 'gamma': np.float64(0.1668100537200059), 'kernel': 'rbf'}",0.63125,0.8125000000000001,0.65625,0.5782312925170068,0.5214285714285714,0.6399319727891156,0.09795040455157082,547
0.004405689239501953,0.0012447439359901582,0.005909395217895508,0.002517717256632708,5.994842503189409,2000,balanced,0.1668100537200059,sigmoid,"{'C': np.float64(5.994842503189409), 'cache_size': 2000, 'class_weight': 'balanced', 'gamma': np.float64(0.1668100537200059), 'kernel': 'sigmoid'}",0.53125,0.825,0.55,0.5714285714285714,0.7214285714285714,0.6398214285714285,0.11444130034428039,548
0.004013729095458984,0.0006324821235826687,0.0037023544311523436,0.0008725106904885247,46.41588833612777,2000,balanced,0.021544346900318832,sigmoid,"{'C': np.float64(46.41588833612777), 'cache_size': 2000, 'class_weight': 'balanced', 'gamma': np.float64(0.021544346900318832), 'kernel': 'sigmoid'}",0.53125,0.825,0.55,0.5714285714285714,0.7214285714285714,0.6398214285714285,0.11444130034428039,548
0.0039065837860107425,0.0011127269936422846,0.0037109375,0.0009353240703423792,1000.0,2000,balanced,0.001,sigmoid,"{'C': np.float64(1000.0), 'cache_size': 2000, 'class_weight': 'balanced', 'gamma': np.float64(0.001), 'kernel': 'sigmoid'}",0.53125,0.825,0.55,0.5714285714285714,0.7214285714285714,0.6398214285714285,0.11444130034428039,548
0.003606700897216797,0.0005899359213631075,0.0035028934478759767,0.00044767024086876954,16.68100537200059,2000,balanced,0.05994842503189409,sigmoid,"{'C': np.float64(16.68100537200059), 'cache_size': 2000, 'class_weight': 'balanced', 'gamma': np.float64(0.05994842503189409), 'kernel': 'sigmoid'}",0.53125,0.825,0.55,0.5714285714285714,0.7214285714285714,0.6398214285714285,0.11444130034428039,548
0.0038062572479248048,0.0005095968235742634,0.0030141353607177736,0.00030185951740209076,129.15496650148827,2000,balanced,0.007742636826811269,sigmoid,"{'C': np.float64(129.15496650148827), 'cache_size': 2000, 'class_weight': 'balanced', 'gamma': np.float64(0.007742636826811269), 'kernel': 'sigmoid'}",0.53125,0.825,0.55,0.5714285714285714,0.7214285714285714,0.6398214285714285,0.11444130034428039,548
0.0040076255798339845,0.001092472188138947,0.005609560012817383,0.003980095861001307,359.38136638046257,2000,balanced,0.0027825594022071257,sigmoid,"{'C': np.float64(359.38136638046257), 'cache_size': 2000, 'class_weight': 'balanced', 'gamma': np.float64(0.0027825594022071257), 'kernel': 'sigmoid'}",0.53125,0.825,0.55,0.5714285714285714,0.7214285714285714,0.6398214285714285,0.11444130034428039,548
0.0027088165283203126,0.0006069995544355056,0.004203701019287109,0.0005089083659356364,46.41588833612777,2000,"{1: 2, 0: 1}",0.46415888336127775,poly,"{'C': np.float64(46.41588833612777), 'cache_size': 2000, 'class_weight': {1: 2, 0: 1}, 'gamma': np.float64(0.46415888336127775), 'kernel': 'poly'}",0.51875,0.69375,0.73125,0.6190476190476191,0.6357142857142857,0.639702380952381,0.07262797564165605,554
0.0037119388580322266,0.0007434312454929233,0.003803110122680664,0.0012880293736503136,0.1,2000,"{1: 2, 0: 1}",3.593813663804626,poly,"{'C': np.float64(0.1), 'cache_size': 2000, 'class_weight': {1: 2, 0: 1}, 'gamma': np.float64(3.593813663804626), 'kernel': 'poly'}",0.51875,0.69375,0.73125,0.6190476190476191,0.6357142857142857,0.639702380952381,0.07262797564165605,554
0.005018949508666992,0.0010009906185576313,0.004802513122558594,0.00116717009653118,0.2782559402207124,2000,"{1: 3.5, 0: 1}",0.0027825594022071257,sigmoid,"{'C': np.float64(0.2782559402207124), 'cache_size': 2000, 'class_weight': {1: 3.5, 0: 1}, 'gamma': np.float64(0.0027825594022071257), 'kernel': 'sigmoid'}",0.5812499999999999,0.8250000000000001,0.54375,0.6190476190476191,0.6285714285714286,0.6395238095238095,0.09747728527777497,556
0.0038069725036621095,0.0009246088731705246,0.011821269989013672,0.01738023511332988,0.1,2000,"{1: 3.5, 0: 1}",0.007742636826811269,sigmoid,"{'C': np.float64(0.1), 'cache_size': 2000, 'class_weight': {1: 3.5, 0: 1}, 'gamma': np.float64(0.007742636826811269), 'kernel': 'sigmoid'}",0.5812499999999999,0.8250000000000001,0.54375,0.6190476190476191,0.6285714285714286,0.6395238095238095,0.09747728527777497,556
0.0036023139953613283,0.0009686615541797453,0.004520797729492187,0.0009578647769072842,0.774263682681127,2000,"{1: 3.5, 0: 1}",0.001,sigmoid,"{'C': np.float64(0.774263682681127), 'cache_size': 2000, 'class_weight': {1: 3.5, 0: 1}, 'gamma': np.float64(0.001), 'kernel': 'sigmoid'}",0.5812499999999999,0.8250000000000001,0.54375,0.6190476190476191,0.6285714285714286,0.6395238095238095,0.09747728527777497,556
0.0038176536560058593,0.0009880712871836888,0.00310211181640625,0.0008018264786523828,129.15496650148827,2000,balanced,0.1668100537200059,rbf,"{'C': np.float64(129.15496650148827), 'cache_size': 2000, 'class_weight': 'balanced', 'gamma': np.float64(0.1668100537200059), 'kernel': 'rbf'}",0.61875,0.74375,0.7562500000000001,0.727891156462585,0.35,0.639328231292517,0.15267762541927934,559
0.0064277172088623045,0.005847361215574155,0.005103206634521485,0.0010209937262620242,0.2782559402207124,2000,"{1: 3.5, 0: 1}",0.0027825594022071257,rbf,"{'C': np.float64(0.2782559402207124), 'cache_size': 2000, 'class_weight': {1: 3.5, 0: 1}, 'gamma': np.float64(0.0027825594022071257), 'kernel': 'rbf'}",0.59375,0.825,0.54375,0.6190476190476191,0.6142857142857143,0.6391666666666667,0.09666941557198677,560
0.0042094230651855465,0.0009306253036319254,0.00490570068359375,0.0022692897083797007,0.1,2000,"{1: 3.5, 0: 1}",0.007742636826811269,rbf,"{'C': np.float64(0.1), 'cache_size': 2000, 'class_weight': {1: 3.5, 0: 1}, 'gamma': np.float64(0.007742636826811269), 'kernel': 'rbf'}",0.59375,0.825,0.54375,0.6190476190476191,0.6142857142857143,0.6391666666666667,0.09666941557198677,560
0.002917766571044922,0.00019437902820997792,0.002902364730834961,0.0008013704284691309,359.38136638046257,2000,"{1: 3.5, 0: 1}",0.007742636826811269,sigmoid,"{'C': np.float64(359.38136638046257), 'cache_size': 2000, 'class_weight': {1: 3.5, 0: 1}, 'gamma': np.float64(0.007742636826811269), 'kernel': 'sigmoid'}",0.65625,0.85625,0.58125,0.5374149659863945,0.5642857142857143,0.6390901360544218,0.11552652552794943,562
0.0031050682067871095,0.00048618576206997503,0.004208612442016602,0.001296359120930434,1000.0,2000,"{1: 3.5, 0: 1}",0.0027825594022071257,sigmoid,"{'C': np.float64(1000.0), 'cache_size': 2000, 'class_weight': {1: 3.5, 0: 1}, 'gamma': np.float64(0.0027825594022071257), 'kernel': 'sigmoid'}",0.65625,0.85625,0.58125,0.5374149659863945,0.5642857142857143,0.6390901360544218,0.11552652552794943,562
0.004007387161254883,0.0011388370380898995,0.003806591033935547,0.0006767306984930881,46.41588833612777,2000,"{1: 3.5, 0: 1}",0.05994842503189409,sigmoid,"{'C': np.float64(46.41588833612777), 'cache_size': 2000, 'class_weight': {1: 3.5, 0: 1}, 'gamma': np.float64(0.05994842503189409), 'kernel': 'sigmoid'}",0.65625,0.85625,0.58125,0.5374149659863945,0.5642857142857143,0.6390901360544218,0.11552652552794943,562
0.0045054912567138675,0.001343376245506183,0.0038086891174316405,0.0008804194073030688,129.15496650148827,2000,"{1: 3.5, 0: 1}",0.021544346900318832,sigmoid,"{'C': np.float64(129.15496650148827), 'cache_size': 2000, 'class_weight': {1: 3.5, 0: 1}, 'gamma': np.float64(0.021544346900318832), 'kernel': 'sigmoid'}",0.65625,0.85625,0.58125,0.5374149659863945,0.5642857142857143,0.6390901360544218,0.11552652552794943,562
0.006418085098266602,0.00423162968229698,0.004608678817749024,0.00203440722127725,2.1544346900318834,2000,"{1: 3.5, 0: 1}",3.593813663804626,poly,"{'C': np.float64(2.1544346900318834), 'cache_size': 2000, 'class_weight': {1: 3.5, 0: 1}, 'gamma': np.float64(3.593813663804626), 'kernel': 'poly'}",0.70625,0.7375,0.76875,0.5034013605442177,0.47857142857142854,0.6388945578231293,0.122624742171071,566
0.004207038879394531,0.000820437714192087,0.003806924819946289,0.0010348462736695632,46.41588833612777,2000,"{1: 3.5, 0: 1}",1.2915496650148828,poly,"{'C': np.float64(46.41588833612777), 'cache_size': 2000, 'class_weight': {1: 3.5, 0: 1}, 'gamma': np.float64(1.2915496650148828), 'kernel': 'poly'}",0.70625,0.7375,0.76875,0.5034013605442177,0.47857142857142854,0.6388945578231293,0.122624742171071,566
0.003915309906005859,0.0011208992730173258,0.003407001495361328,0.0011605790325545894,0.1,2000,"{1: 3.5, 0: 1}",10.0,poly,"{'C': np.float64(0.1), 'cache_size': 2000, 'class_weight': {1: 3.5, 0: 1}, 'gamma': np.float64(10.0), 'kernel': 'poly'}",0.70625,0.7375,0.76875,0.5034013605442177,0.47857142857142854,0.6388945578231293,0.122624742171071,566
0.003403377532958984,0.0008627003624787959,0.003403043746948242,0.0003744517102787054,1000.0,2000,"{1: 3.5, 0: 1}",0.46415888336127775,poly,"{'C': np.float64(1000.0), 'cache_size': 2000, 'class_weight': {1: 3.5, 0: 1}, 'gamma': np.float64(0.46415888336127775), 'kernel': 'poly'}",0.70625,0.7375,0.76875,0.5034013605442177,0.47857142857142854,0.6388945578231293,0.122624742171071,566
0.003717947006225586,0.0007527341683155689,0.003907680511474609,0.0008606163452129746,2.1544346900318834,2000,"{1: 3.5, 0: 1}",0.001,rbf,"{'C': np.float64(2.1544346900318834), 'cache_size': 2000, 'class_weight': {1: 3.5, 0: 1}, 'gamma': np.float64(0.001), 'kernel': 'rbf'}",0.6187499999999999,0.85,0.56875,0.5850340136054422,0.5714285714285714,0.6387925170068026,0.10709260982977206,570
0.004511070251464844,0.0010079915422211293,0.0034038066864013673,0.0009707245706034901,5.994842503189409,2000,"{1: 3, 0: 1}",10.0,poly,"{'C': np.float64(5.994842503189409), 'cache_size': 2000, 'class_weight': {1: 3, 0: 1}, 'gamma': np.float64(10.0), 'kernel': 'poly'}",0.75625,0.8250000000000001,0.76875,0.40816326530612246,0.4357142857142857,0.6387755102040817,0.17876747620215616,571
0.004308843612670898,0.0008181857952140018,0.00361175537109375,0.0005908869865082615,129.15496650148827,2000,"{1: 3, 0: 1}",3.593813663804626,poly,"{'C': np.float64(129.15496650148827), 'cache_size': 2000, 'class_weight': {1: 3, 0: 1}, 'gamma': np.float64(3.593813663804626), 'kernel': 'poly'}",0.75625,0.8250000000000001,0.76875,0.40816326530612246,0.4357142857142857,0.6387755102040817,0.17876747620215616,571
0.003908538818359375,0.0009779535757118115,0.0039052486419677733,0.000660715233162737,16.68100537200059,2000,"{1: 3.5, 0: 1}",0.05994842503189409,rbf,"{'C': np.float64(16.68100537200059), 'cache_size': 2000, 'class_weight': {1: 3.5, 0: 1}, 'gamma': np.float64(0.05994842503189409), 'kernel': 'rbf'}",0.64375,0.85,0.5625,0.5578231292517006,0.5785714285714285,0.6385289115646258,0.11012356647676676,573
0.004415655136108398,0.0010263789582616797,0.003302478790283203,0.0005988376608636159,2.1544346900318834,2000,"{1: 2, 0: 1}",1.2915496650148828,poly,"{'C': np.float64(2.1544346900318834), 'cache_size': 2000, 'class_weight': {1: 2, 0: 1}, 'gamma': np.float64(1.2915496650148828), 'kernel': 'poly'}",0.51875,0.69375,0.73125,0.6122448979591837,0.6357142857142857,0.6383418367346938,0.07306456461125713,574
0.003009033203125,0.0005497708981911859,0.0046041011810302734,0.0024809121617014635,1000.0,2000,"{1: 2, 0: 1}",0.1668100537200059,poly,"{'C': np.float64(1000.0), 'cache_size': 2000, 'class_weight': {1: 2, 0: 1}, 'gamma': np.float64(0.1668100537200059), 'kernel': 'poly'}",0.51875,0.69375,0.73125,0.6122448979591837,0.6357142857142857,0.6383418367346938,0.07306456461125713,574
0.004107666015625,0.0008593150469812917,0.003810548782348633,0.0009257939325499908,16.68100537200059,2000,"{1: 3.5, 0: 1}",0.1668100537200059,sigmoid,"{'C': np.float64(16.68100537200059), 'cache_size': 2000, 'class_weight': {1: 3.5, 0: 1}, 'gamma': np.float64(0.1668100537200059), 'kernel': 'sigmoid'}",0.65625,0.8500000000000001,0.58125,0.5374149659863945,0.5642857142857143,0.6378401360544219,0.11318007086362872,576
0.004508543014526367,0.0020244147210065023,0.004208278656005859,0.0009265400771809348,5.994842503189409,2000,"{1: 2, 0: 1}",0.46415888336127775,rbf,"{'C': np.float64(5.994842503189409), 'cache_size': 2000, 'class_weight': {1: 2, 0: 1}, 'gamma': np.float64(0.46415888336127775), 'kernel': 'rbf'}",0.53125,0.71875,0.7000000000000001,0.6598639455782312,0.5785714285714285,0.6376870748299319,0.0717905601140963,577
0.00284423828125,0.00045874754653619235,0.0028164863586425783,0.0002340615505281881,129.15496650148827,2000,"{1: 2, 0: 1}",0.46415888336127775,poly,"{'C': np.float64(129.15496650148827), 'cache_size': 2000, 'class_weight': {1: 2, 0: 1}, 'gamma': np.float64(0.46415888336127775), 'kernel': 'poly'}",0.5,0.7,0.7125,0.6326530612244898,0.6428571428571428,0.6376020408163265,0.07548462059710494,578
0.0026032447814941405,0.0005846353835815523,0.0035176753997802736,0.0006495179620582932,0.2782559402207124,2000,"{1: 2, 0: 1}",3.593813663804626,poly,"{'C': np.float64(0.2782559402207124), 'cache_size': 2000, 'class_weight': {1: 2, 0: 1}, 'gamma': np.float64(3.593813663804626), 'kernel': 'poly'}",0.50625,0.69375,0.7125,0.6326530612244898,0.6428571428571428,0.6376020408163265,0.07220493713513558,578
0.003505373001098633,0.0004483656871370682,0.003511333465576172,0.0008465529075694734,0.774263682681127,2000,balanced,0.0027825594022071257,linear,"{'C': np.float64(0.774263682681127), 'cache_size': 2000, 'class_weight': 'balanced', 'gamma': np.float64(0.0027825594022071257), 'kernel': 'linear'}",0.54375,0.8375,0.5625,0.5510204081632654,0.6928571428571428,0.6375255102040815,0.11397999150351065,580
0.0031059741973876952,0.0004888308075560599,0.0037063121795654296,0.0005957857630012465,0.774263682681127,2000,balanced,0.007742636826811269,linear,"{'C': np.float64(0.774263682681127), 'cache_size': 2000, 'class_weight': 'balanced', 'gamma': np.float64(0.007742636826811269), 'kernel': 'linear'}",0.54375,0.8375,0.5625,0.5510204081632654,0.6928571428571428,0.6375255102040815,0.11397999150351065,580
0.007712221145629883,0.004625510036377447,0.013829421997070313,0.011948639552881477,0.774263682681127,2000,balanced,0.021544346900318832,linear,"{'C': np.float64(0.774263682681127), 'cache_size': 2000, 'class_weight': 'balanced', 'gamma': np.float64(0.021544346900318832), 'kernel': 'linear'}",0.54375,0.8375,0.5625,0.5510204081632654,0.6928571428571428,0.6375255102040815,0.11397999150351065,580
0.0031017780303955076,0.00020208600669734345,0.0037111759185791014,0.0005166166400086609,0.774263682681127,2000,balanced,0.46415888336127775,linear,"{'C': np.float64(0.774263682681127), 'cache_size': 2000, 'class_weight': 'balanced', 'gamma': np.float64(0.46415888336127775), 'kernel': 'linear'}",0.54375,0.8375,0.5625,0.5510204081632654,0.6928571428571428,0.6375255102040815,0.11397999150351065,580
0.003212308883666992,0.0003949364894568598,0.006711292266845703,0.006664755540044739,0.774263682681127,2000,balanced,1.2915496650148828,linear,"{'C': np.float64(0.774263682681127), 'cache_size': 2000, 'class_weight': 'balanced', 'gamma': np.float64(1.2915496650148828), 'kernel': 'linear'}",0.54375,0.8375,0.5625,0.5510204081632654,0.6928571428571428,0.6375255102040815,0.11397999150351065,580
0.00530400276184082,0.00040104379481575294,0.004714775085449219,0.0014795348833827326,0.774263682681127,2000,balanced,3.593813663804626,linear,"{'C': np.float64(0.774263682681127), 'cache_size': 2000, 'class_weight': 'balanced', 'gamma': np.float64(3.593813663804626), 'kernel': 'linear'}",0.54375,0.8375,0.5625,0.5510204081632654,0.6928571428571428,0.6375255102040815,0.11397999150351065,580
0.003206205368041992,0.0006858953610278491,0.0034107208251953126,0.0007361494547686444,0.774263682681127,2000,balanced,10.0,linear,"{'C': np.float64(0.774263682681127), 'cache_size': 2000, 'class_weight': 'balanced', 'gamma': np.float64(10.0), 'kernel': 'linear'}",0.54375,0.8375,0.5625,0.5510204081632654,0.6928571428571428,0.6375255102040815,0.11397999150351065,580
0.006111764907836914,0.004341206170117568,0.004006624221801758,0.0009561379202298732,0.774263682681127,2000,balanced,0.1668100537200059,linear,"{'C': np.float64(0.774263682681127), 'cache_size': 2000, 'class_weight': 'balanced', 'gamma': np.float64(0.1668100537200059), 'kernel': 'linear'}",0.54375,0.8375,0.5625,0.5510204081632654,0.6928571428571428,0.6375255102040815,0.11397999150351065,580
0.0027033329010009766,0.00040000460946975914,0.004610681533813476,0.002044662291598362,0.774263682681127,2000,balanced,0.001,linear,"{'C': np.float64(0.774263682681127), 'cache_size': 2000, 'class_weight': 'balanced', 'gamma': np.float64(0.001), 'kernel': 'linear'}",0.54375,0.8375,0.5625,0.5510204081632654,0.6928571428571428,0.6375255102040815,0.11397999150351065,580
0.004912853240966797,0.0014730326579000532,0.0031043529510498048,0.00020806818766795588,0.774263682681127,2000,balanced,0.05994842503189409,linear,"{'C': np.float64(0.774263682681127), 'cache_size': 2000, 'class_weight': 'balanced', 'gamma': np.float64(0.05994842503189409), 'kernel': 'linear'}",0.54375,0.8375,0.5625,0.5510204081632654,0.6928571428571428,0.6375255102040815,0.11397999150351065,580
0.008309650421142577,0.004547161842252096,0.0059201717376708984,0.0038256948818859654,2.1544346900318834,2000,balanced,0.46415888336127775,sigmoid,"{'C': np.float64(2.1544346900318834), 'cache_size': 2000, 'class_weight': 'balanced', 'gamma': np.float64(0.46415888336127775), 'kernel': 'sigmoid'}",0.53125,0.825,0.55,0.5646258503401361,0.7142857142857142,0.63703231292517,0.11428661903391467,590
0.0033046245574951173,0.0005102823026882906,0.004709911346435547,0.002933833803574764,46.41588833612777,2000,"{1: 3.5, 0: 1}",0.021544346900318832,rbf,"{'C': np.float64(46.41588833612777), 'cache_size': 2000, 'class_weight': {1: 3.5, 0: 1}, 'gamma': np.float64(0.021544346900318832), 'kernel': 'rbf'}",0.64375,0.85625,0.5625,0.5510204081632653,0.5714285714285714,0.6369897959183672,0.11433151528488814,591
0.003806591033935547,0.0009349989164884356,0.003705596923828125,0.0003981959902572229,2.1544346900318834,2000,balanced,0.46415888336127775,rbf,"{'C': np.float64(2.1544346900318834), 'cache_size': 2000, 'class_weight': 'balanced', 'gamma': np.float64(0.46415888336127775), 'kernel': 'rbf'}",0.5,0.81875,0.575,0.619047619047619,0.6714285714285715,0.6368452380952381,0.10691450533602617,592
0.008419036865234375,0.0037780433861689987,0.005614233016967773,0.0013491812547898972,5.994842503189409,2000,"{1: 2, 0: 1}",1.2915496650148828,poly,"{'C': np.float64(5.994842503189409), 'cache_size': 2000, 'class_weight': {1: 2, 0: 1}, 'gamma': np.float64(1.2915496650148828), 'kernel': 'poly'}",0.5,0.69375,0.7125,0.6326530612244898,0.6428571428571428,0.6363520408163266,0.07448612655206133,593
0.004107952117919922,0.0005774048890937065,0.0031062602996826173,0.00048396165888602043,5.994842503189409,2000,"{1: 3, 0: 1}",0.1668100537200059,rbf,"{'C': np.float64(5.994842503189409), 'cache_size': 2000, 'class_weight': {1: 3, 0: 1}, 'gamma': np.float64(0.1668100537200059), 'kernel': 'rbf'}",0.55625,0.84375,0.56875,0.5986394557823129,0.6142857142857143,0.6363350340136054,0.10574445302650348,594
0.004302024841308594,0.0008712698954765194,0.004416847229003906,0.0009178904815836811,0.2782559402207124,2000,"{1: 3.5, 0: 1}",0.021544346900318832,rbf,"{'C': np.float64(0.2782559402207124), 'cache_size': 2000, 'class_weight': {1: 3.5, 0: 1}, 'gamma': np.float64(0.021544346900318832), 'kernel': 'rbf'}",0.6125,0.8625,0.55625,0.5782312925170068,0.5714285714285714,0.6361819727891156,0.1146482358185514,595
0.004003334045410156,0.0011416418810701867,0.0029020309448242188,0.0004908568515850685,1000.0,2000,"{1: 3.5, 0: 1}",0.05994842503189409,sigmoid,"{'C': np.float64(1000.0), 'cache_size': 2000, 'class_weight': {1: 3.5, 0: 1}, 'gamma': np.float64(0.05994842503189409), 'kernel': 'sigmoid'}",0.6687500000000001,0.7749999999999999,0.625,0.6598639455782314,0.44999999999999996,0.6357227891156463,0.10552693132010307,596
0.0037200927734375,0.0008919796025113846,0.004803705215454102,0.0029114548582898914,359.38136638046257,2000,"{1: 3.5, 0: 1}",0.0027825594022071257,rbf,"{'C': np.float64(359.38136638046257), 'cache_size': 2000, 'class_weight': {1: 3.5, 0: 1}, 'gamma': np.float64(0.0027825594022071257), 'kernel': 'rbf'}",0.64375,0.85625,0.5625,0.5510204081632653,0.5642857142857143,0.6355612244897959,0.11518322984228777,597
0.0032033443450927733,0.0002466837391001246,0.0033144474029541014,0.00040805846249321,129.15496650148827,2000,"{1: 3.5, 0: 1}",0.007742636826811269,rbf,"{'C': np.float64(129.15496650148827), 'cache_size': 2000, 'class_weight': {1: 3.5, 0: 1}, 'gamma': np.float64(0.007742636826811269), 'kernel': 'rbf'}",0.64375,0.85625,0.5625,0.5510204081632653,0.5642857142857143,0.6355612244897959,0.11518322984228777,597
0.003702688217163086,0.0008731481645511926,0.0032033920288085938,0.0002480099691181038,1000.0,2000,"{1: 3.5, 0: 1}",0.001,rbf,"{'C': np.float64(1000.0), 'cache_size': 2000, 'class_weight': {1: 3.5, 0: 1}, 'gamma': np.float64(0.001), 'kernel': 'rbf'}",0.64375,0.85625,0.5625,0.5510204081632653,0.5642857142857143,0.6355612244897959,0.11518322984228777,597
0.0038079261779785157,0.0008677888108851193,0.004006671905517578,0.0012709726098582925,2.1544346900318834,2000,"{1: 3.5, 0: 1}",0.05994842503189409,linear,"{'C': np.float64(2.1544346900318834), 'cache_size': 2000, 'class_weight': {1: 3.5, 0: 1}, 'gamma': np.float64(0.05994842503189409), 'kernel': 'linear'}",0.64375,0.85625,0.56875,0.5442176870748299,0.5642857142857143,0.6354506802721088,0.11546264372565422,600
0.0028065204620361327,0.0005159548952300674,0.003406238555908203,0.00038015082167197124,2.1544346900318834,2000,"{1: 3.5, 0: 1}",1.2915496650148828,linear,"{'C': np.float64(2.1544346900318834), 'cache_size': 2000, 'class_weight': {1: 3.5, 0: 1}, 'gamma': np.float64(1.2915496650148828), 'kernel': 'linear'}",0.64375,0.85625,0.56875,0.5442176870748299,0.5642857142857143,0.6354506802721088,0.11546264372565422,600
0.0027138710021972655,0.0006178414112176223,0.0032030582427978516,0.00024828002833230376,2.1544346900318834,2000,"{1: 3.5, 0: 1}",0.46415888336127775,linear,"{'C': np.float64(2.1544346900318834), 'cache_size': 2000, 'class_weight': {1: 3.5, 0: 1}, 'gamma': np.float64(0.46415888336127775), 'kernel': 'linear'}",0.64375,0.85625,0.56875,0.5442176870748299,0.5642857142857143,0.6354506802721088,0.11546264372565422,600
0.0034062862396240234,0.0005919863319828105,0.002803325653076172,0.00024411706140172422,2.1544346900318834,2000,"{1: 3.5, 0: 1}",0.021544346900318832,linear,"{'C': np.float64(2.1544346900318834), 'cache_size': 2000, 'class_weight': {1: 3.5, 0: 1}, 'gamma': np.float64(0.021544346900318832), 'kernel': 'linear'}",0.64375,0.85625,0.56875,0.5442176870748299,0.5642857142857143,0.6354506802721088,0.11546264372565422,600
0.0041029930114746095,0.0012417467986963683,0.007318973541259766,0.004186363111219643,2.1544346900318834,2000,"{1: 3.5, 0: 1}",3.593813663804626,linear,"{'C': np.float64(2.1544346900318834), 'cache_size': 2000, 'class_weight': {1: 3.5, 0: 1}, 'gamma': np.float64(3.593813663804626), 'kernel': 'linear'}",0.64375,0.85625,0.56875,0.5442176870748299,0.5642857142857143,0.6354506802721088,0.11546264372565422,600
0.00310211181640625,0.0006642971673016692,0.003307676315307617,0.0006857786833205392,2.1544346900318834,2000,"{1: 3.5, 0: 1}",0.001,linear,"{'C': np.float64(2.1544346900318834), 'cache_size': 2000, 'class_weight': {1: 3.5, 0: 1}, 'gamma': np.float64(0.001), 'kernel': 'linear'}",0.64375,0.85625,0.56875,0.5442176870748299,0.5642857142857143,0.6354506802721088,0.11546264372565422,600
0.0027040481567382813,0.0005105933369861192,0.0036090850830078126,0.0007999002325690337,2.1544346900318834,2000,"{1: 3.5, 0: 1}",0.1668100537200059,linear,"{'C': np.float64(2.1544346900318834), 'cache_size': 2000, 'class_weight': {1: 3.5, 0: 1}, 'gamma': np.float64(0.1668100537200059), 'kernel': 'linear'}",0.64375,0.85625,0.56875,0.5442176870748299,0.5642857142857143,0.6354506802721088,0.11546264372565422,600
0.0034189701080322267,0.0005946134392839633,0.0033017635345458985,0.00040062107737154714,2.1544346900318834,2000,"{1: 3.5, 0: 1}",10.0,linear,"{'C': np.float64(2.1544346900318834), 'cache_size': 2000, 'class_weight': {1: 3.5, 0: 1}, 'gamma': np.float64(10.0), 'kernel': 'linear'}",0.64375,0.85625,0.56875,0.5442176870748299,0.5642857142857143,0.6354506802721088,0.11546264372565422,600
0.00390777587890625,0.0009777763253126645,0.0037061214447021485,0.0017277328446611854,2.1544346900318834,2000,"{1: 3.5, 0: 1}",0.0027825594022071257,linear,"{'C': np.float64(2.1544346900318834), 'cache_size': 2000, 'class_weight': {1: 3.5, 0: 1}, 'gamma': np.float64(0.0027825594022071257), 'kernel': 'linear'}",0.64375,0.85625,0.56875,0.5442176870748299,0.5642857142857143,0.6354506802721088,0.11546264372565422,600
0.003302860260009766,0.00040015447008125474,0.00391240119934082,0.0007447887681675401,2.1544346900318834,2000,"{1: 3.5, 0: 1}",0.007742636826811269,linear,"{'C': np.float64(2.1544346900318834), 'cache_size': 2000, 'class_weight': {1: 3.5, 0: 1}, 'gamma': np.float64(0.007742636826811269), 'kernel': 'linear'}",0.64375,0.85625,0.56875,0.5442176870748299,0.5642857142857143,0.6354506802721088,0.11546264372565422,600
0.004506206512451172,0.0009001813104753825,0.003406524658203125,0.00058205642921753,46.41588833612777,2000,balanced,3.593813663804626,poly,"{'C': np.float64(46.41588833612777), 'cache_size': 2000, 'class_weight': 'balanced', 'gamma': np.float64(3.593813663804626), 'kernel': 'poly'}",0.70625,0.75625,0.71875,0.5306122448979591,0.4642857142857143,0.6352295918367347,0.11561322995239338,610
0.004407024383544922,0.0005860665166582146,0.0034136295318603514,0.0005930030640568797,2.1544346900318834,2000,balanced,10.0,poly,"{'C': np.float64(2.1544346900318834), 'cache_size': 2000, 'class_weight': 'balanced', 'gamma': np.float64(10.0), 'kernel': 'poly'}",0.70625,0.75625,0.71875,0.5306122448979591,0.4642857142857143,0.6352295918367347,0.11561322995239338,610
0.0037065982818603516,0.0007546740470726269,0.0036074161529541016,0.0009717633557899016,1000.0,2000,balanced,1.2915496650148828,poly,"{'C': np.float64(1000.0), 'cache_size': 2000, 'class_weight': 'balanced', 'gamma': np.float64(1.2915496650148828), 'kernel': 'poly'}",0.70625,0.75625,0.71875,0.5306122448979591,0.4642857142857143,0.6352295918367347,0.11561322995239338,610
0.004010486602783203,0.0005533039998450313,0.0041048526763916016,0.00102325077851567,2.1544346900318834,2000,"{1: 3.5, 0: 1}",0.0027825594022071257,rbf,"{'C': np.float64(2.1544346900318834), 'cache_size': 2000, 'class_weight': {1: 3.5, 0: 1}, 'gamma': np.float64(0.0027825594022071257), 'kernel': 'rbf'}",0.6187499999999999,0.85,0.55625,0.5782312925170068,0.5714285714285714,0.6349319727891156,0.10950307259743425,613
0.002402973175048828,0.00037517805176177075,0.0038099288940429688,0.001122213736827547,0.1,2000,"{1: 3.5, 0: 1}",0.1668100537200059,linear,"{'C': np.float64(0.1), 'cache_size': 2000, 'class_weight': {1: 3.5, 0: 1}, 'gamma': np.float64(0.1668100537200059), 'kernel': 'linear'}",0.6187499999999999,0.85625,0.55625,0.5714285714285714,0.5714285714285714,0.6348214285714284,0.1126939937374206,614
0.003405475616455078,0.0003731989893967584,0.0035095691680908205,0.0004511503091822138,0.1,2000,"{1: 3.5, 0: 1}",0.007742636826811269,linear,"{'C': np.float64(0.1), 'cache_size': 2000, 'class_weight': {1: 3.5, 0: 1}, 'gamma': np.float64(0.007742636826811269), 'kernel': 'linear'}",0.6187499999999999,0.85625,0.55625,0.5714285714285714,0.5714285714285714,0.6348214285714284,0.1126939937374206,614
0.0029025554656982424,0.00019898680281356772,0.002809953689575195,0.0005095131082185022,0.1,2000,"{1: 3.5, 0: 1}",1.2915496650148828,linear,"{'C': np.float64(0.1), 'cache_size': 2000, 'class_weight': {1: 3.5, 0: 1}, 'gamma': np.float64(1.2915496650148828), 'kernel': 'linear'}",0.6187499999999999,0.85625,0.55625,0.5714285714285714,0.5714285714285714,0.6348214285714284,0.1126939937374206,614
0.0029108524322509766,0.0006627319146176667,0.0037111759185791014,0.0008839948436462523,0.1,2000,"{1: 3.5, 0: 1}",3.593813663804626,linear,"{'C': np.float64(0.1), 'cache_size': 2000, 'class_weight': {1: 3.5, 0: 1}, 'gamma': np.float64(3.593813663804626), 'kernel': 'linear'}",0.6187499999999999,0.85625,0.55625,0.5714285714285714,0.5714285714285714,0.6348214285714284,0.1126939937374206,614
0.003105831146240234,0.00019924059649755165,0.0036074161529541016,0.0005889574317783184,0.1,2000,"{1: 3.5, 0: 1}",10.0,linear,"{'C': np.float64(0.1), 'cache_size': 2000, 'class_weight': {1: 3.5, 0: 1}, 'gamma': np.float64(10.0), 'kernel': 'linear'}",0.6187499999999999,0.85625,0.55625,0.5714285714285714,0.5714285714285714,0.6348214285714284,0.1126939937374206,614
0.003107786178588867,0.000737517467458954,0.004411029815673828,0.0015903154643573968,46.41588833612777,2000,"{1: 3.5, 0: 1}",0.0027825594022071257,sigmoid,"{'C': np.float64(46.41588833612777), 'cache_size': 2000, 'class_weight': {1: 3.5, 0: 1}, 'gamma': np.float64(0.0027825594022071257), 'kernel': 'sigmoid'}",0.6187499999999999,0.85625,0.55625,0.5714285714285714,0.5714285714285714,0.6348214285714284,0.1126939937374206,614
0.00330967903137207,0.0014052843482038485,0.004005289077758789,0.0022601828976120076,0.1,2000,"{1: 3.5, 0: 1}",0.021544346900318832,linear,"{'C': np.float64(0.1), 'cache_size': 2000, 'class_weight': {1: 3.5, 0: 1}, 'gamma': np.float64(0.021544346900318832), 'kernel': 'linear'}",0.6187499999999999,0.85625,0.55625,0.5714285714285714,0.5714285714285714,0.6348214285714284,0.1126939937374206,614
0.0032131195068359373,0.0010328481224258306,0.003902101516723633,0.0016852077038132505,0.1,2000,"{1: 3.5, 0: 1}",0.05994842503189409,linear,"{'C': np.float64(0.1), 'cache_size': 2000, 'class_weight': {1: 3.5, 0: 1}, 'gamma': np.float64(0.05994842503189409), 'kernel': 'linear'}",0.6187499999999999,0.85625,0.55625,0.5714285714285714,0.5714285714285714,0.6348214285714284,0.1126939937374206,614
0.0038079261779785157,0.0005098460007366775,0.0036069869995117186,0.0005860633314515953,0.774263682681127,2000,"{1: 3.5, 0: 1}",0.05994842503189409,sigmoid,"{'C': np.float64(0.774263682681127), 'cache_size': 2000, 'class_weight': {1: 3.5, 0: 1}, 'gamma': np.float64(0.05994842503189409), 'kernel': 'sigmoid'}",0.6187499999999999,0.85625,0.55625,0.5714285714285714,0.5714285714285714,0.6348214285714284,0.1126939937374206,614
0.004712390899658203,0.0024194584448798285,0.003407001495361328,0.00037601332665686743,16.68100537200059,2000,"{1: 3.5, 0: 1}",0.0027825594022071257,rbf,"{'C': np.float64(16.68100537200059), 'cache_size': 2000, 'class_weight': {1: 3.5, 0: 1}, 'gamma': np.float64(0.0027825594022071257), 'kernel': 'rbf'}",0.6187499999999999,0.85625,0.55625,0.5714285714285714,0.5714285714285714,0.6348214285714284,0.1126939937374206,614
0.0036031246185302735,0.0007343384290093437,0.003911590576171875,0.0009182005291074109,129.15496650148827,2000,"{1: 3.5, 0: 1}",0.001,sigmoid,"{'C': np.float64(129.15496650148827), 'cache_size': 2000, 'class_weight': {1: 3.5, 0: 1}, 'gamma': np.float64(0.001), 'kernel': 'sigmoid'}",0.6187499999999999,0.85625,0.55625,0.5714285714285714,0.5714285714285714,0.6348214285714284,0.1126939937374206,614
0.003911924362182617,0.001404024363798406,0.003905200958251953,0.0006607686782409986,2.1544346900318834,2000,"{1: 3.5, 0: 1}",0.05994842503189409,sigmoid,"{'C': np.float64(2.1544346900318834), 'cache_size': 2000, 'class_weight': {1: 3.5, 0: 1}, 'gamma': np.float64(0.05994842503189409), 'kernel': 'sigmoid'}",0.6187499999999999,0.85625,0.55625,0.5714285714285714,0.5714285714285714,0.6348214285714284,0.1126939937374206,614
0.0032068729400634766,0.0002506672031402022,0.003105926513671875,0.00019978198873206465,2.1544346900318834,2000,"{1: 3.5, 0: 1}",0.021544346900318832,rbf,"{'C': np.float64(2.1544346900318834), 'cache_size': 2000, 'class_weight': {1: 3.5, 0: 1}, 'gamma': np.float64(0.021544346900318832), 'kernel': 'rbf'}",0.6187499999999999,0.85625,0.55625,0.5714285714285714,0.5714285714285714,0.6348214285714284,0.1126939937374206,614
0.003401327133178711,0.0004897468010198087,0.005012416839599609,0.00044796836273787086,0.774263682681127,2000,"{1: 3.5, 0: 1}",0.021544346900318832,sigmoid,"{'C': np.float64(0.774263682681127), 'cache_size': 2000, 'class_weight': {1: 3.5, 0: 1}, 'gamma': np.float64(0.021544346900318832), 'kernel': 'sigmoid'}",0.6187499999999999,0.85625,0.55625,0.5714285714285714,0.5714285714285714,0.6348214285714284,0.1126939937374206,614
0.0038066864013671874,0.0012143364536918795,0.003908395767211914,0.00036943830868798596,16.68100537200059,2000,"{1: 3.5, 0: 1}",0.001,rbf,"{'C': np.float64(16.68100537200059), 'cache_size': 2000, 'class_weight': {1: 3.5, 0: 1}, 'gamma': np.float64(0.001), 'kernel': 'rbf'}",0.6187499999999999,0.85625,0.55625,0.5714285714285714,0.5714285714285714,0.6348214285714284,0.1126939937374206,614
0.0029051780700683595,0.00020052368330731555,0.003807687759399414,0.0006849504881450188,16.68100537200059,2000,"{1: 3.5, 0: 1}",0.007742636826811269,sigmoid,"{'C': np.float64(16.68100537200059), 'cache_size': 2000, 'class_weight': {1: 3.5, 0: 1}, 'gamma': np.float64(0.007742636826811269), 'kernel': 'sigmoid'}",0.6187499999999999,0.85625,0.55625,0.5714285714285714,0.5714285714285714,0.6348214285714284,0.1126939937374206,614
0.005110502243041992,0.00229441785822045,0.005206632614135742,0.0011665005161279852,16.68100537200059,2000,"{1: 3.5, 0: 1}",0.0027825594022071257,sigmoid,"{'C': np.float64(16.68100537200059), 'cache_size': 2000, 'class_weight': {1: 3.5, 0: 1}, 'gamma': np.float64(0.0027825594022071257), 'kernel': 'sigmoid'}",0.6187499999999999,0.85625,0.55625,0.5714285714285714,0.5714285714285714,0.6348214285714284,0.1126939937374206,614
0.010518932342529297,0.009728717519992663,0.008020114898681641,0.002650268009206523,16.68100537200059,2000,"{1: 3.5, 0: 1}",0.007742636826811269,rbf,"{'C': np.float64(16.68100537200059), 'cache_size': 2000, 'class_weight': {1: 3.5, 0: 1}, 'gamma': np.float64(0.007742636826811269), 'kernel': 'rbf'}",0.6187499999999999,0.85625,0.55625,0.5714285714285714,0.5714285714285714,0.6348214285714284,0.1126939937374206,614
0.003304195404052734,0.0002462200923061121,0.0030050754547119142,7.407723188096976e-06,16.68100537200059,2000,"{1: 3.5, 0: 1}",0.021544346900318832,rbf,"{'C': np.float64(16.68100537200059), 'cache_size': 2000, 'class_weight': {1: 3.5, 0: 1}, 'gamma': np.float64(0.021544346900318832), 'kernel': 'rbf'}",0.6187499999999999,0.85625,0.55625,0.5714285714285714,0.5714285714285714,0.6348214285714284,0.1126939937374206,614
0.004506206512451172,0.001947686569827921,0.017034244537353516,0.02605646172398561,5.994842503189409,2000,"{1: 3.5, 0: 1}",0.007742636826811269,sigmoid,"{'C': np.float64(5.994842503189409), 'cache_size': 2000, 'class_weight': {1: 3.5, 0: 1}, 'gamma': np.float64(0.007742636826811269), 'kernel': 'sigmoid'}",0.6187499999999999,0.85625,0.55625,0.5714285714285714,0.5714285714285714,0.6348214285714284,0.1126939937374206,614
0.0034028053283691405,0.0005851321130399676,0.0034110546112060547,0.00037725576815875986,5.994842503189409,2000,"{1: 3.5, 0: 1}",0.007742636826811269,rbf,"{'C': np.float64(5.994842503189409), 'cache_size': 2000, 'class_weight': {1: 3.5, 0: 1}, 'gamma': np.float64(0.007742636826811269), 'kernel': 'rbf'}",0.6187499999999999,0.85625,0.55625,0.5714285714285714,0.5714285714285714,0.6348214285714284,0.1126939937374206,614
0.004003715515136719,0.0007070951222236051,0.003112030029296875,0.0003849627017915524,0.2782559402207124,2000,"{1: 3.5, 0: 1}",0.05994842503189409,sigmoid,"{'C': np.float64(0.2782559402207124), 'cache_size': 2000, 'class_weight': {1: 3.5, 0: 1}, 'gamma': np.float64(0.05994842503189409), 'kernel': 'sigmoid'}",0.6187499999999999,0.85625,0.55625,0.5714285714285714,0.5714285714285714,0.6348214285714284,0.1126939937374206,614
0.006107950210571289,0.0037155244953705423,0.006613492965698242,0.00254311712280813,5.994842503189409,2000,"{1: 3.5, 0: 1}",0.021544346900318832,rbf,"{'C': np.float64(5.994842503189409), 'cache_size': 2000, 'class_weight': {1: 3.5, 0: 1}, 'gamma': np.float64(0.021544346900318832), 'kernel': 'rbf'}",0.6187499999999999,0.85625,0.55625,0.5714285714285714,0.5714285714285714,0.6348214285714284,0.1126939937374206,614
0.0046051025390625,0.0010213703600557107,0.003707218170166016,0.0009295100166541661,5.994842503189409,2000,"{1: 3.5, 0: 1}",0.021544346900318832,sigmoid,"{'C': np.float64(5.994842503189409), 'cache_size': 2000, 'class_weight': {1: 3.5, 0: 1}, 'gamma': np.float64(0.021544346900318832), 'kernel': 'sigmoid'}",0.6187499999999999,0.85625,0.55625,0.5714285714285714,0.5714285714285714,0.6348214285714284,0.1126939937374206,614
0.004604339599609375,0.0015329210158528664,0.004513692855834961,0.0005563828729425657,46.41588833612777,2000,"{1: 3.5, 0: 1}",0.001,rbf,"{'C': np.float64(46.41588833612777), 'cache_size': 2000, 'class_weight': {1: 3.5, 0: 1}, 'gamma': np.float64(0.001), 'kernel': 'rbf'}",0.6187499999999999,0.85625,0.55625,0.5714285714285714,0.5714285714285714,0.6348214285714284,0.1126939937374206,614
0.003105020523071289,0.000581708786007052,0.0034041404724121094,0.0004864266077168796,0.1,2000,"{1: 3.5, 0: 1}",0.46415888336127775,linear,"{'C': np.float64(0.1), 'cache_size': 2000, 'class_weight': {1: 3.5, 0: 1}, 'gamma': np.float64(0.46415888336127775), 'kernel': 'linear'}",0.6187499999999999,0.85625,0.55625,0.5714285714285714,0.5714285714285714,0.6348214285714284,0.1126939937374206,614
0.00571131706237793,0.003076616536825897,0.004613256454467774,0.0015730484396926558,46.41588833612777,2000,"{1: 3.5, 0: 1}",0.001,sigmoid,"{'C': np.float64(46.41588833612777), 'cache_size': 2000, 'class_weight': {1: 3.5, 0: 1}, 'gamma': np.float64(0.001), 'kernel': 'sigmoid'}",0.6187499999999999,0.85625,0.55625,0.5714285714285714,0.5714285714285714,0.6348214285714284,0.1126939937374206,614
0.0029087066650390625,0.00019349632380842013,0.0034039497375488283,0.00037552527438946913,0.1,2000,"{1: 3.5, 0: 1}",0.001,linear,"{'C': np.float64(0.1), 'cache_size': 2000, 'class_weight': {1: 3.5, 0: 1}, 'gamma': np.float64(0.001), 'kernel': 'linear'}",0.6187499999999999,0.85625,0.55625,0.5714285714285714,0.5714285714285714,0.6348214285714284,0.1126939937374206,614
0.0029047489166259765,0.0004940801453925974,0.0030037403106689454,0.00031772284964626973,0.1,2000,"{1: 3.5, 0: 1}",0.0027825594022071257,linear,"{'C': np.float64(0.1), 'cache_size': 2000, 'class_weight': {1: 3.5, 0: 1}, 'gamma': np.float64(0.0027825594022071257), 'kernel': 'linear'}",0.6187499999999999,0.85625,0.55625,0.5714285714285714,0.5714285714285714,0.6348214285714284,0.1126939937374206,614
0.0037151336669921874,0.0014967178178769424,0.005408430099487304,0.002084957977200761,46.41588833612777,2000,"{1: 3.5, 0: 1}",0.001,linear,"{'C': np.float64(46.41588833612777), 'cache_size': 2000, 'class_weight': {1: 3.5, 0: 1}, 'gamma': np.float64(0.001), 'kernel': 'linear'}",0.6625000000000001,0.7625000000000001,0.625,0.6666666666666666,0.45714285714285713,0.6347619047619049,0.09974783967221737,643
0.0031143665313720704,0.00022309628422582752,0.003301858901977539,0.00039994842782084593,46.41588833612777,2000,"{1: 3.5, 0: 1}",0.007742636826811269,linear,"{'C': np.float64(46.41588833612777), 'cache_size': 2000, 'class_weight': {1: 3.5, 0: 1}, 'gamma': np.float64(0.007742636826811269), 'kernel': 'linear'}",0.6625000000000001,0.7625000000000001,0.625,0.6666666666666666,0.45714285714285713,0.6347619047619049,0.09974783967221737,643
0.0037028312683105467,0.000748024792568394,0.0036099910736083984,0.0008057508542668565,46.41588833612777,2000,"{1: 3.5, 0: 1}",0.0027825594022071257,linear,"{'C': np.float64(46.41588833612777), 'cache_size': 2000, 'class_weight': {1: 3.5, 0: 1}, 'gamma': np.float64(0.0027825594022071257), 'kernel': 'linear'}",0.6625000000000001,0.7625000000000001,0.625,0.6666666666666666,0.45714285714285713,0.6347619047619049,0.09974783967221737,643
0.004203081130981445,0.0014360412925588826,0.004528141021728516,0.0010510631463048696,46.41588833612777,2000,"{1: 3.5, 0: 1}",1.2915496650148828,linear,"{'C': np.float64(46.41588833612777), 'cache_size': 2000, 'class_weight': {1: 3.5, 0: 1}, 'gamma': np.float64(1.2915496650148828), 'kernel': 'linear'}",0.6625000000000001,0.7625000000000001,0.625,0.6666666666666666,0.45714285714285713,0.6347619047619049,0.09974783967221737,643
0.004006576538085937,0.0009561140015777174,0.0032145500183105467,0.0005156908969294982,46.41588833612777,2000,"{1: 3.5, 0: 1}",0.021544346900318832,linear,"{'C': np.float64(46.41588833612777), 'cache_size': 2000, 'class_weight': {1: 3.5, 0: 1}, 'gamma': np.float64(0.021544346900318832), 'kernel': 'linear'}",0.6625000000000001,0.7625000000000001,0.625,0.6666666666666666,0.45714285714285713,0.6347619047619049,0.09974783967221737,643
0.003304862976074219,0.00040236768841020974,0.0033044815063476562,0.0006798255173487013,46.41588833612777,2000,"{1: 3.5, 0: 1}",0.05994842503189409,linear,"{'C': np.float64(46.41588833612777), 'cache_size': 2000, 'class_weight': {1: 3.5, 0: 1}, 'gamma': np.float64(0.05994842503189409), 'kernel': 'linear'}",0.6625000000000001,0.7625000000000001,0.625,0.6666666666666666,0.45714285714285713,0.6347619047619049,0.09974783967221737,643
0.0030065536499023437,0.0003222112771806455,0.003606748580932617,0.0010675052557248565,46.41588833612777,2000,"{1: 3.5, 0: 1}",0.1668100537200059,linear,"{'C': np.float64(46.41588833612777), 'cache_size': 2000, 'class_weight': {1: 3.5, 0: 1}, 'gamma': np.float64(0.1668100537200059), 'kernel': 'linear'}",0.6625000000000001,0.7625000000000001,0.625,0.6666666666666666,0.45714285714285713,0.6347619047619049,0.09974783967221737,643
0.0028057098388671875,0.00023921390440434482,0.0038076400756835937,0.0005054706127300991,46.41588833612777,2000,"{1: 3.5, 0: 1}",0.46415888336127775,linear,"{'C': np.float64(46.41588833612777), 'cache_size': 2000, 'class_weight': {1: 3.5, 0: 1}, 'gamma': np.float64(0.46415888336127775), 'kernel': 'linear'}",0.6625000000000001,0.7625000000000001,0.625,0.6666666666666666,0.45714285714285713,0.6347619047619049,0.09974783967221737,643
0.002806997299194336,0.0009360053568462562,0.004010343551635742,0.0007086157886003671,46.41588833612777,2000,"{1: 3.5, 0: 1}",10.0,linear,"{'C': np.float64(46.41588833612777), 'cache_size': 2000, 'class_weight': {1: 3.5, 0: 1}, 'gamma': np.float64(10.0), 'kernel': 'linear'}",0.6625000000000001,0.7625000000000001,0.625,0.6666666666666666,0.45714285714285713,0.6347619047619049,0.09974783967221737,643
0.003711986541748047,0.0010345471160242911,0.004006099700927734,0.000839134034321672,46.41588833612777,2000,"{1: 3.5, 0: 1}",3.593813663804626,linear,"{'C': np.float64(46.41588833612777), 'cache_size': 2000, 'class_weight': {1: 3.5, 0: 1}, 'gamma': np.float64(3.593813663804626), 'kernel': 'linear'}",0.6625000000000001,0.7625000000000001,0.625,0.6666666666666666,0.45714285714285713,0.6347619047619049,0.09974783967221737,643
0.003104496002197266,0.000862204304562218,0.003309965133666992,0.0003997611460314171,5.994842503189409,2000,"{1: 3, 0: 1}",0.46415888336127775,rbf,"{'C': np.float64(5.994842503189409), 'cache_size': 2000, 'class_weight': {1: 3, 0: 1}, 'gamma': np.float64(0.46415888336127775), 'kernel': 'rbf'}",0.59375,0.8500000000000001,0.6125,0.5714285714285714,0.5428571428571428,0.6341071428571429,0.11041780579568995,653
0.0037119388580322266,0.0010370996955386602,0.0035031795501708984,0.0004475602965443609,0.2782559402207124,2000,"{1: 2, 0: 1}",3.593813663804626,rbf,"{'C': np.float64(0.2782559402207124), 'cache_size': 2000, 'class_weight': {1: 2, 0: 1}, 'gamma': np.float64(3.593813663804626), 'kernel': 'rbf'}",0.39999999999999997,0.75625,0.76875,0.6870748299319728,0.557142857142857,0.6338435374149659,0.13898378364238653,654
0.003809022903442383,0.0005136921446978064,0.003708219528198242,0.0010277934491719726,129.15496650148827,2000,balanced,0.007742636826811269,rbf,"{'C': np.float64(129.15496650148827), 'cache_size': 2000, 'class_weight': 'balanced', 'gamma': np.float64(0.007742636826811269), 'kernel': 'rbf'}",0.525,0.8374999999999999,0.5499999999999999,0.5986394557823129,0.6571428571428571,0.6336564625850338,0.11147611388483926,655
0.0028028964996337892,0.0005106176237608119,0.002902698516845703,0.0001990592912008365,0.2782559402207124,2000,"{1: 3.5, 0: 1}",0.1668100537200059,sigmoid,"{'C': np.float64(0.2782559402207124), 'cache_size': 2000, 'class_weight': {1: 3.5, 0: 1}, 'gamma': np.float64(0.1668100537200059), 'kernel': 'sigmoid'}",0.6187499999999999,0.8500000000000001,0.55625,0.5714285714285714,0.5714285714285714,0.6335714285714286,0.11023889874231498,656
0.003709888458251953,0.001174582012413273,0.0039045333862304686,0.000583884606019219,16.68100537200059,2000,"{1: 3.5, 0: 1}",0.001,sigmoid,"{'C': np.float64(16.68100537200059), 'cache_size': 2000, 'class_weight': {1: 3.5, 0: 1}, 'gamma': np.float64(0.001), 'kernel': 'sigmoid'}",0.6187499999999999,0.85,0.55625,0.5714285714285714,0.5714285714285714,0.6335714285714286,0.11023889874231493,656
0.0035142898559570312,0.00046088320525016586,0.0035042762756347656,0.0005506886207805755,2.1544346900318834,2000,"{1: 3.5, 0: 1}",0.007742636826811269,sigmoid,"{'C': np.float64(2.1544346900318834), 'cache_size': 2000, 'class_weight': {1: 3.5, 0: 1}, 'gamma': np.float64(0.007742636826811269), 'kernel': 'sigmoid'}",0.6187499999999999,0.85,0.55625,0.5714285714285714,0.5714285714285714,0.6335714285714286,0.11023889874231493,656
0.003305816650390625,0.00040237865099329367,0.003403759002685547,0.0005864797871410385,5.994842503189409,2000,"{1: 3.5, 0: 1}",0.0027825594022071257,rbf,"{'C': np.float64(5.994842503189409), 'cache_size': 2000, 'class_weight': {1: 3.5, 0: 1}, 'gamma': np.float64(0.0027825594022071257), 'kernel': 'rbf'}",0.6187499999999999,0.85625,0.55625,0.564625850340136,0.5714285714285714,0.6334608843537415,0.11348937446836015,659
0.003505229949951172,0.000891959497607825,0.0038080215454101562,0.0012956502965991744,2.1544346900318834,2000,"{1: 3.5, 0: 1}",0.007742636826811269,rbf,"{'C': np.float64(2.1544346900318834), 'cache_size': 2000, 'class_weight': {1: 3.5, 0: 1}, 'gamma': np.float64(0.007742636826811269), 'kernel': 'rbf'}",0.6187499999999999,0.85625,0.55625,0.564625850340136,0.5714285714285714,0.6334608843537415,0.11348937446836015,659
0.003705739974975586,0.00039831880687089463,0.003307628631591797,0.0005104777608178364,2.1544346900318834,2000,"{1: 3.5, 0: 1}",0.021544346900318832,sigmoid,"{'C': np.float64(2.1544346900318834), 'cache_size': 2000, 'class_weight': {1: 3.5, 0: 1}, 'gamma': np.float64(0.021544346900318832), 'kernel': 'sigmoid'}",0.6187499999999999,0.85625,0.55625,0.564625850340136,0.5714285714285714,0.6334608843537415,0.11348937446836015,659
0.0029017448425292967,0.00019893846254815376,0.003511190414428711,0.00031790404692124503,0.1,2000,"{1: 3.5, 0: 1}",0.1668100537200059,sigmoid,"{'C': np.float64(0.1), 'cache_size': 2000, 'class_weight': {1: 3.5, 0: 1}, 'gamma': np.float64(0.1668100537200059), 'kernel': 'sigmoid'}",0.6187499999999999,0.85625,0.55625,0.564625850340136,0.5714285714285714,0.6334608843537415,0.11348937446836015,659
0.0038036823272705076,0.000811179396586132,0.004210424423217773,0.002209699397479048,0.2782559402207124,2000,"{1: 3.5, 0: 1}",3.593813663804626,linear,"{'C': np.float64(0.2782559402207124), 'cache_size': 2000, 'class_weight': {1: 3.5, 0: 1}, 'gamma': np.float64(3.593813663804626), 'kernel': 'linear'}",0.6187499999999999,0.85625,0.55625,0.5714285714285714,0.5642857142857143,0.6333928571428571,0.11353070923224037,663
0.0032091617584228517,0.0009820296526251908,0.00450444221496582,0.0008374850664146607,359.38136638046257,2000,"{1: 3.5, 0: 1}",0.001,rbf,"{'C': np.float64(359.38136638046257), 'cache_size': 2000, 'class_weight': {1: 3.5, 0: 1}, 'gamma': np.float64(0.001), 'kernel': 'rbf'}",0.6187499999999999,0.85625,0.55625,0.5714285714285714,0.5642857142857143,0.6333928571428571,0.11353070923224037,663
0.003508329391479492,0.0008437483078283019,0.0035058021545410155,0.00044746358274683657,359.38136638046257,2000,"{1: 3.5, 0: 1}",0.001,sigmoid,"{'C': np.float64(359.38136638046257), 'cache_size': 2000, 'class_weight': {1: 3.5, 0: 1}, 'gamma': np.float64(0.001), 'kernel': 'sigmoid'}",0.6187499999999999,0.85625,0.55625,0.5714285714285714,0.5642857142857143,0.6333928571428571,0.11353070923224037,663
0.003908205032348633,0.0005880278887819087,0.002906990051269531,0.00018713488702116018,0.2782559402207124,2000,"{1: 3.5, 0: 1}",10.0,linear,"{'C': np.float64(0.2782559402207124), 'cache_size': 2000, 'class_weight': {1: 3.5, 0: 1}, 'gamma': np.float64(10.0), 'kernel': 'linear'}",0.6187499999999999,0.85625,0.55625,0.5714285714285714,0.5642857142857143,0.6333928571428571,0.11353070923224037,663
0.003105306625366211,0.00020020827927043176,0.0030063629150390626,0.0007048056078636947,0.2782559402207124,2000,"{1: 3.5, 0: 1}",1.2915496650148828,linear,"{'C': np.float64(0.2782559402207124), 'cache_size': 2000, 'class_weight': {1: 3.5, 0: 1}, 'gamma': np.float64(1.2915496650148828), 'kernel': 'linear'}",0.6187499999999999,0.85625,0.55625,0.5714285714285714,0.5642857142857143,0.6333928571428571,0.11353070923224037,663
0.003206157684326172,0.000514947673602108,0.002902793884277344,0.00019863564010488144,0.2782559402207124,2000,"{1: 3.5, 0: 1}",0.1668100537200059,linear,"{'C': np.float64(0.2782559402207124), 'cache_size': 2000, 'class_weight': {1: 3.5, 0: 1}, 'gamma': np.float64(0.1668100537200059), 'kernel': 'linear'}",0.6187499999999999,0.85625,0.55625,0.5714285714285714,0.5642857142857143,0.6333928571428571,0.11353070923224037,663
0.002906179428100586,0.0004966355857142744,0.0034037113189697267,0.0003749572056432974,0.2782559402207124,2000,"{1: 3.5, 0: 1}",0.46415888336127775,linear,"{'C': np.float64(0.2782559402207124), 'cache_size': 2000, 'class_weight': {1: 3.5, 0: 1}, 'gamma': np.float64(0.46415888336127775), 'kernel': 'linear'}",0.6187499999999999,0.85625,0.55625,0.5714285714285714,0.5642857142857143,0.6333928571428571,0.11353070923224037,663
0.003105449676513672,0.0006662970254199467,0.0035103321075439452,0.0007142583186833428,129.15496650148827,2000,"{1: 3.5, 0: 1}",0.001,rbf,"{'C': np.float64(129.15496650148827), 'cache_size': 2000, 'class_weight': {1: 3.5, 0: 1}, 'gamma': np.float64(0.001), 'kernel': 'rbf'}",0.6187499999999999,0.85625,0.55625,0.5714285714285714,0.5642857142857143,0.6333928571428571,0.11353070923224037,663
0.004413127899169922,0.001210441381750732,0.004305887222290039,0.0007482508175083025,129.15496650148827,2000,"{1: 3.5, 0: 1}",0.0027825594022071257,rbf,"{'C': np.float64(129.15496650148827), 'cache_size': 2000, 'class_weight': {1: 3.5, 0: 1}, 'gamma': np.float64(0.0027825594022071257), 'kernel': 'rbf'}",0.6187499999999999,0.85625,0.55625,0.5714285714285714,0.5642857142857143,0.6333928571428571,0.11353070923224037,663
0.004207181930541992,0.001293537028315156,0.005120086669921875,0.0016017385686097419,0.774263682681127,2000,"{1: 3.5, 0: 1}",3.593813663804626,linear,"{'C': np.float64(0.774263682681127), 'cache_size': 2000, 'class_weight': {1: 3.5, 0: 1}, 'gamma': np.float64(3.593813663804626), 'kernel': 'linear'}",0.6187499999999999,0.85625,0.55625,0.5714285714285714,0.5642857142857143,0.6333928571428571,0.11353070923224037,663
0.0042076587677001955,0.0006816377986676272,0.003807544708251953,0.00067863668062999,0.774263682681127,2000,"{1: 3.5, 0: 1}",0.001,linear,"{'C': np.float64(0.774263682681127), 'cache_size': 2000, 'class_weight': {1: 3.5, 0: 1}, 'gamma': np.float64(0.001), 'kernel': 'linear'}",0.6187499999999999,0.85625,0.55625,0.5714285714285714,0.5642857142857143,0.6333928571428571,0.11353070923224037,663
0.0032059669494628905,0.0008152514108633492,0.004411935806274414,0.001249404887493502,16.68100537200059,2000,"{1: 3.5, 0: 1}",0.05994842503189409,sigmoid,"{'C': np.float64(16.68100537200059), 'cache_size': 2000, 'class_weight': {1: 3.5, 0: 1}, 'gamma': np.float64(0.05994842503189409), 'kernel': 'sigmoid'}",0.6187499999999999,0.85625,0.55625,0.5714285714285714,0.5642857142857143,0.6333928571428571,0.11353070923224037,663
0.003604745864868164,0.0005844086447445747,0.004009532928466797,0.0014571330474718513,0.774263682681127,2000,"{1: 3.5, 0: 1}",0.46415888336127775,linear,"{'C': np.float64(0.774263682681127), 'cache_size': 2000, 'class_weight': {1: 3.5, 0: 1}, 'gamma': np.float64(0.46415888336127775), 'kernel': 'linear'}",0.6187499999999999,0.85625,0.55625,0.5714285714285714,0.5642857142857143,0.6333928571428571,0.11353070923224037,663
0.004306364059448242,0.0008791556797061157,0.008420038223266601,0.0048518054535535,5.994842503189409,2000,"{1: 3.5, 0: 1}",0.05994842503189409,sigmoid,"{'C': np.float64(5.994842503189409), 'cache_size': 2000, 'class_weight': {1: 3.5, 0: 1}, 'gamma': np.float64(0.05994842503189409), 'kernel': 'sigmoid'}",0.6187499999999999,0.85625,0.55625,0.5714285714285714,0.5642857142857143,0.6333928571428571,0.11353070923224037,663
0.002504730224609375,0.0006318401221156748,0.0031032562255859375,0.0008023985975507605,5.994842503189409,2000,"{1: 3.5, 0: 1}",0.1668100537200059,sigmoid,"{'C': np.float64(5.994842503189409), 'cache_size': 2000, 'class_weight': {1: 3.5, 0: 1}, 'gamma': np.float64(0.1668100537200059), 'kernel': 'sigmoid'}",0.6187499999999999,0.8500000000000001,0.5625,0.5714285714285714,0.5642857142857143,0.6333928571428571,0.11024902239374061,663
0.0034088134765625,0.0005824907080501824,0.0030080318450927735,8.562646517486555e-06,0.774263682681127,2000,"{1: 3.5, 0: 1}",0.05994842503189409,linear,"{'C': np.float64(0.774263682681127), 'cache_size': 2000, 'class_weight': {1: 3.5, 0: 1}, 'gamma': np.float64(0.05994842503189409), 'kernel': 'linear'}",0.6187499999999999,0.85625,0.55625,0.5714285714285714,0.5642857142857143,0.6333928571428571,0.11353070923224037,663
0.0033061981201171877,0.0005933164523907669,0.0034038066864013673,0.0007366142946994475,0.774263682681127,2000,"{1: 3.5, 0: 1}",0.0027825594022071257,linear,"{'C': np.float64(0.774263682681127), 'cache_size': 2000, 'class_weight': {1: 3.5, 0: 1}, 'gamma': np.float64(0.0027825594022071257), 'kernel': 'linear'}",0.6187499999999999,0.85625,0.55625,0.5714285714285714,0.5642857142857143,0.6333928571428571,0.11353070923224037,663
0.00361175537109375,0.0009755546894136981,0.0035060882568359376,0.0004511600662557805,0.774263682681127,2000,"{1: 3.5, 0: 1}",0.1668100537200059,linear,"{'C': np.float64(0.774263682681127), 'cache_size': 2000, 'class_weight': {1: 3.5, 0: 1}, 'gamma': np.float64(0.1668100537200059), 'kernel': 'linear'}",0.6187499999999999,0.85625,0.55625,0.5714285714285714,0.5642857142857143,0.6333928571428571,0.11353070923224037,663
0.005013465881347656,0.002814832860667804,0.0038021087646484377,0.0009284785806761094,0.774263682681127,2000,"{1: 3.5, 0: 1}",0.021544346900318832,linear,"{'C': np.float64(0.774263682681127), 'cache_size': 2000, 'class_weight': {1: 3.5, 0: 1}, 'gamma': np.float64(0.021544346900318832), 'kernel': 'linear'}",0.6187499999999999,0.85625,0.55625,0.5714285714285714,0.5642857142857143,0.6333928571428571,0.11353070923224037,663
0.008715200424194335,0.009695831551257816,0.004707527160644531,0.0029856032587352705,0.774263682681127,2000,"{1: 3.5, 0: 1}",0.1668100537200059,sigmoid,"{'C': np.float64(0.774263682681127), 'cache_size': 2000, 'class_weight': {1: 3.5, 0: 1}, 'gamma': np.float64(0.1668100537200059), 'kernel': 'sigmoid'}",0.6187499999999999,0.85625,0.55625,0.5714285714285714,0.5642857142857143,0.6333928571428571,0.11353070923224037,663
0.004516172409057617,0.002507989125847584,0.005211400985717774,0.0018130037873067449,0.774263682681127,2000,"{1: 3.5, 0: 1}",0.007742636826811269,linear,"{'C': np.float64(0.774263682681127), 'cache_size': 2000, 'class_weight': {1: 3.5, 0: 1}, 'gamma': np.float64(0.007742636826811269), 'kernel': 'linear'}",0.6187499999999999,0.85625,0.55625,0.5714285714285714,0.5642857142857143,0.6333928571428571,0.11353070923224037,663
0.002806234359741211,0.0002466744295385608,0.0033030033111572264,0.0003998100973973053,359.38136638046257,2000,"{1: 3.5, 0: 1}",0.0027825594022071257,sigmoid,"{'C': np.float64(359.38136638046257), 'cache_size': 2000, 'class_weight': {1: 3.5, 0: 1}, 'gamma': np.float64(0.0027825594022071257), 'kernel': 'sigmoid'}",0.6187499999999999,0.85625,0.55625,0.5714285714285714,0.5642857142857143,0.6333928571428571,0.11353070923224037,663
0.0031058788299560547,0.0001999503351703192,0.003706836700439453,0.000876924647792177,46.41588833612777,2000,"{1: 3.5, 0: 1}",0.0027825594022071257,rbf,"{'C': np.float64(46.41588833612777), 'cache_size': 2000, 'class_weight': {1: 3.5, 0: 1}, 'gamma': np.float64(0.0027825594022071257), 'kernel': 'rbf'}",0.6187499999999999,0.85625,0.55625,0.5714285714285714,0.5642857142857143,0.6333928571428571,0.11353070923224037,663
0.0037057876586914064,0.000747866333805941,0.005009174346923828,0.0030926137803606746,0.2782559402207124,2000,"{1: 3.5, 0: 1}",0.0027825594022071257,linear,"{'C': np.float64(0.2782559402207124), 'cache_size': 2000, 'class_weight': {1: 3.5, 0: 1}, 'gamma': np.float64(0.0027825594022071257), 'kernel': 'linear'}",0.6187499999999999,0.85625,0.55625,0.5714285714285714,0.5642857142857143,0.6333928571428571,0.11353070923224037,663
0.003809833526611328,0.0005166132334632384,0.0037077903747558595,0.0009256494724743017,46.41588833612777,2000,"{1: 3.5, 0: 1}",0.007742636826811269,rbf,"{'C': np.float64(46.41588833612777), 'cache_size': 2000, 'class_weight': {1: 3.5, 0: 1}, 'gamma': np.float64(0.007742636826811269), 'kernel': 'rbf'}",0.6187499999999999,0.85625,0.55625,0.5714285714285714,0.5642857142857143,0.6333928571428571,0.11353070923224037,663
0.011928224563598632,0.013392570327208614,0.008914756774902343,0.009397332990671189,0.2782559402207124,2000,"{1: 3.5, 0: 1}",0.001,linear,"{'C': np.float64(0.2782559402207124), 'cache_size': 2000, 'class_weight': {1: 3.5, 0: 1}, 'gamma': np.float64(0.001), 'kernel': 'linear'}",0.6187499999999999,0.85625,0.55625,0.5714285714285714,0.5642857142857143,0.6333928571428571,0.11353070923224037,663
0.0034173965454101563,0.0007200766790537582,0.004007196426391602,0.0007097293599343477,0.2782559402207124,2000,"{1: 3.5, 0: 1}",0.021544346900318832,linear,"{'C': np.float64(0.2782559402207124), 'cache_size': 2000, 'class_weight': {1: 3.5, 0: 1}, 'gamma': np.float64(0.021544346900318832), 'kernel': 'linear'}",0.6187499999999999,0.85625,0.55625,0.5714285714285714,0.5642857142857143,0.6333928571428571,0.11353070923224037,663
0.003705739974975586,0.0007482414216773578,0.003606557846069336,0.0010671311234368612,0.2782559402207124,2000,"{1: 3.5, 0: 1}",0.05994842503189409,linear,"{'C': np.float64(0.2782559402207124), 'cache_size': 2000, 'class_weight': {1: 3.5, 0: 1}, 'gamma': np.float64(0.05994842503189409), 'kernel': 'linear'}",0.6187499999999999,0.85625,0.55625,0.5714285714285714,0.5642857142857143,0.6333928571428571,0.11353070923224037,663
0.003003215789794922,0.00031636780304767693,0.003105831146240234,0.00048541243739894715,0.774263682681127,2000,"{1: 3.5, 0: 1}",1.2915496650148828,linear,"{'C': np.float64(0.774263682681127), 'cache_size': 2000, 'class_weight': {1: 3.5, 0: 1}, 'gamma': np.float64(1.2915496650148828), 'kernel': 'linear'}",0.6187499999999999,0.85625,0.55625,0.5714285714285714,0.5642857142857143,0.6333928571428571,0.11353070923224037,663
0.003104400634765625,0.0003747605595212397,0.0030051708221435548,8.052197047352483e-06,2.1544346900318834,2000,"{1: 3.5, 0: 1}",0.1668100537200059,sigmoid,"{'C': np.float64(2.1544346900318834), 'cache_size': 2000, 'class_weight': {1: 3.5, 0: 1}, 'gamma': np.float64(0.1668100537200059), 'kernel': 'sigmoid'}",0.6187499999999999,0.85625,0.55625,0.5714285714285714,0.5642857142857143,0.6333928571428571,0.11353070923224037,663
0.00290827751159668,0.000495587995912934,0.003604221343994141,0.000972791633366464,0.774263682681127,2000,"{1: 3.5, 0: 1}",10.0,linear,"{'C': np.float64(0.774263682681127), 'cache_size': 2000, 'class_weight': {1: 3.5, 0: 1}, 'gamma': np.float64(10.0), 'kernel': 'linear'}",0.6187499999999999,0.85625,0.55625,0.5714285714285714,0.5642857142857143,0.6333928571428571,0.11353070923224037,663
0.004306507110595703,0.0010759670601672865,0.006012868881225586,0.0046040456025350064,0.2782559402207124,2000,"{1: 3.5, 0: 1}",0.007742636826811269,linear,"{'C': np.float64(0.2782559402207124), 'cache_size': 2000, 'class_weight': {1: 3.5, 0: 1}, 'gamma': np.float64(0.007742636826811269), 'kernel': 'linear'}",0.6187499999999999,0.85625,0.55625,0.5714285714285714,0.5642857142857143,0.6333928571428571,0.11353070923224037,663
0.003611183166503906,0.0009704183122558622,0.00420379638671875,0.0005090135376791321,0.774263682681127,2000,"{1: 3.5, 0: 1}",0.001,rbf,"{'C': np.float64(0.774263682681127), 'cache_size': 2000, 'class_weight': {1: 3.5, 0: 1}, 'gamma': np.float64(0.001), 'kernel': 'rbf'}",0.59375,0.8375,0.54375,0.6190476190476191,0.5714285714285714,0.633095238095238,0.10517798191550644,695
0.004001808166503906,0.0016739113813484057,0.004222965240478516,0.002324342591198346,359.38136638046257,2000,"{1: 3.5, 0: 1}",0.1668100537200059,sigmoid,"{'C': np.float64(359.38136638046257), 'cache_size': 2000, 'class_weight': {1: 3.5, 0: 1}, 'gamma': np.float64(0.1668100537200059), 'kernel': 'sigmoid'}",0.6687500000000001,0.76875,0.625,0.6666666666666666,0.4357142857142856,0.6329761904761904,0.10938484325646024,696
0.014538717269897462,0.02130931390675545,0.0052092552185058595,0.0024055123430478296,5.994842503189409,2000,balanced,0.1668100537200059,rbf,"{'C': np.float64(5.994842503189409), 'cache_size': 2000, 'class_weight': 'balanced', 'gamma': np.float64(0.1668100537200059), 'kernel': 'rbf'}",0.5,0.8374999999999999,0.5499999999999999,0.619047619047619,0.6571428571428571,0.6327380952380952,0.11590983868053584,697
0.003617668151855469,0.00037000414574548106,0.004007816314697266,0.0008332301675957692,0.2782559402207124,2000,balanced,3.593813663804626,sigmoid,"{'C': np.float64(0.2782559402207124), 'cache_size': 2000, 'class_weight': 'balanced', 'gamma': np.float64(3.593813663804626), 'kernel': 'sigmoid'}",0.55625,0.83125,0.575,0.564625850340136,0.6357142857142857,0.6325680272108843,0.1031882587179332,698
0.0029028892517089845,0.00019748351228900056,0.0034097671508789063,0.00037638106189640295,5.994842503189409,2000,"{1: 3.5, 0: 1}",0.05994842503189409,rbf,"{'C': np.float64(5.994842503189409), 'cache_size': 2000, 'class_weight': {1: 3.5, 0: 1}, 'gamma': np.float64(0.05994842503189409), 'kernel': 'rbf'}",0.6124999999999999,0.85,0.55,0.5714285714285714,0.5785714285714285,0.6325,0.1105897917568178,699
0.0033060550689697266,0.0004028924836600385,0.003007030487060547,0.0005531652744195828,0.774263682681127,2000,"{1: 3.5, 0: 1}",0.05994842503189409,rbf,"{'C': np.float64(0.774263682681127), 'cache_size': 2000, 'class_weight': {1: 3.5, 0: 1}, 'gamma': np.float64(0.05994842503189409), 'kernel': 'rbf'}",0.6124999999999999,0.85,0.55,0.5714285714285714,0.5785714285714285,0.6325,0.1105897917568178,699
0.004410600662231446,0.0013971916111521563,0.003803396224975586,0.0008131364345161173,2.1544346900318834,2000,"{1: 3.5, 0: 1}",0.05994842503189409,rbf,"{'C': np.float64(2.1544346900318834), 'cache_size': 2000, 'class_weight': {1: 3.5, 0: 1}, 'gamma': np.float64(0.05994842503189409), 'kernel': 'rbf'}",0.6124999999999999,0.85,0.55,0.5714285714285714,0.5785714285714285,0.6325,0.1105897917568178,699
0.003606843948364258,0.0007423536871814137,0.0034035205841064452,0.0003746442701955399,16.68100537200059,2000,balanced,0.05994842503189409,rbf,"{'C': np.float64(16.68100537200059), 'cache_size': 2000, 'class_weight': 'balanced', 'gamma': np.float64(0.05994842503189409), 'kernel': 'rbf'}",0.51875,0.8374999999999999,0.5499999999999999,0.5986394557823129,0.6571428571428571,0.632406462585034,0.11271563832640188,702
0.004011106491088867,0.0008355844536829936,0.004603672027587891,0.0008587094581430708,5.994842503189409,2000,"{1: 3.5, 0: 1}",0.001,rbf,"{'C': np.float64(5.994842503189409), 'cache_size': 2000, 'class_weight': {1: 3.5, 0: 1}, 'gamma': np.float64(0.001), 'kernel': 'rbf'}",0.6124999999999999,0.85,0.55625,0.564625850340136,0.5785714285714285,0.6323894557823129,0.11048569356098176,703
0.004318857192993164,0.0026483924453858435,0.003306007385253906,0.00040325443832331306,0.2782559402207124,2000,"{1: 3.5, 0: 1}",0.05994842503189409,rbf,"{'C': np.float64(0.2782559402207124), 'cache_size': 2000, 'class_weight': {1: 3.5, 0: 1}, 'gamma': np.float64(0.05994842503189409), 'kernel': 'rbf'}",0.6124999999999999,0.85,0.55625,0.564625850340136,0.5785714285714285,0.6323894557823129,0.11048569356098176,703
0.0039023399353027345,0.0006626705440821595,0.00510406494140625,0.0012428178806547319,46.41588833612777,2000,balanced,0.021544346900318832,rbf,"{'C': np.float64(46.41588833612777), 'cache_size': 2000, 'class_weight': 'balanced', 'gamma': np.float64(0.021544346900318832), 'kernel': 'rbf'}",0.525,0.8374999999999999,0.5499999999999999,0.5918367346938775,0.6571428571428571,0.6322959183673469,0.11193575238229776,705
0.003708076477050781,0.000685581376114901,0.003314638137817383,0.00040671234424536517,2.1544346900318834,2000,balanced,0.05994842503189409,linear,"{'C': np.float64(2.1544346900318834), 'cache_size': 2000, 'class_weight': 'balanced', 'gamma': np.float64(0.05994842503189409), 'kernel': 'linear'}",0.53125,0.84375,0.5375,0.5986394557823128,0.65,0.6322278911564625,0.11432894754925745,706
0.023160314559936522,0.03630276122250437,0.008709716796875,0.003991191735306873,2.1544346900318834,2000,balanced,3.593813663804626,linear,"{'C': np.float64(2.1544346900318834), 'cache_size': 2000, 'class_weight': 'balanced', 'gamma': np.float64(3.593813663804626), 'kernel': 'linear'}",0.53125,0.84375,0.5375,0.5986394557823128,0.65,0.6322278911564625,0.11432894754925745,706
0.0034030914306640626,0.00037510381032555227,0.004210853576660156,0.0008191268202951692,2.1544346900318834,2000,balanced,0.46415888336127775,linear,"{'C': np.float64(2.1544346900318834), 'cache_size': 2000, 'class_weight': 'balanced', 'gamma': np.float64(0.46415888336127775), 'kernel': 'linear'}",0.53125,0.84375,0.5375,0.5986394557823128,0.65,0.6322278911564625,0.11432894754925745,706
0.00431671142578125,0.0002581817873220249,0.005007314682006836,0.0024334121673024465,2.1544346900318834,2000,balanced,0.0027825594022071257,linear,"{'C': np.float64(2.1544346900318834), 'cache_size': 2000, 'class_weight': 'balanced', 'gamma': np.float64(0.0027825594022071257), 'kernel': 'linear'}",0.53125,0.84375,0.5375,0.5986394557823128,0.65,0.6322278911564625,0.11432894754925745,706
0.002706003189086914,0.0006073800672215316,0.0034093379974365233,0.00037658660686177436,2.1544346900318834,2000,balanced,0.001,linear,"{'C': np.float64(2.1544346900318834), 'cache_size': 2000, 'class_weight': 'balanced', 'gamma': np.float64(0.001), 'kernel': 'linear'}",0.53125,0.84375,0.5375,0.5986394557823128,0.65,0.6322278911564625,0.11432894754925745,706
0.0036064624786376954,0.0007317962650610554,0.0033100605010986327,0.00040168782018636687,2.1544346900318834,2000,balanced,0.1668100537200059,linear,"{'C': np.float64(2.1544346900318834), 'cache_size': 2000, 'class_weight': 'balanced', 'gamma': np.float64(0.1668100537200059), 'kernel': 'linear'}",0.53125,0.84375,0.5375,0.5986394557823128,0.65,0.6322278911564625,0.11432894754925745,706
0.003609466552734375,0.0007416092649567556,0.0038042545318603517,0.0008126138394800135,2.1544346900318834,2000,balanced,10.0,linear,"{'C': np.float64(2.1544346900318834), 'cache_size': 2000, 'class_weight': 'balanced', 'gamma': np.float64(10.0), 'kernel': 'linear'}",0.53125,0.84375,0.5375,0.5986394557823128,0.65,0.6322278911564625,0.11432894754925745,706
0.0037062644958496095,0.0007444830834985772,0.0032065391540527345,0.0006769755124890769,2.1544346900318834,2000,balanced,0.021544346900318832,linear,"{'C': np.float64(2.1544346900318834), 'cache_size': 2000, 'class_weight': 'balanced', 'gamma': np.float64(0.021544346900318832), 'kernel': 'linear'}",0.53125,0.84375,0.5375,0.5986394557823128,0.65,0.6322278911564625,0.11432894754925745,706
0.0040112495422363285,0.0004469040259664087,0.00420231819152832,0.0016013745280273573,2.1544346900318834,2000,balanced,0.007742636826811269,linear,"{'C': np.float64(2.1544346900318834), 'cache_size': 2000, 'class_weight': 'balanced', 'gamma': np.float64(0.007742636826811269), 'kernel': 'linear'}",0.53125,0.84375,0.5375,0.5986394557823128,0.65,0.6322278911564625,0.11432894754925745,706
0.0033061027526855467,0.0006038585532481282,0.002615022659301758,0.00037244167142832586,2.1544346900318834,2000,balanced,1.2915496650148828,linear,"{'C': np.float64(2.1544346900318834), 'cache_size': 2000, 'class_weight': 'balanced', 'gamma': np.float64(1.2915496650148828), 'kernel': 'linear'}",0.53125,0.84375,0.5375,0.5986394557823128,0.65,0.6322278911564625,0.11432894754925745,706
0.0036036491394042967,0.0020375832123797092,0.004120349884033203,0.00038197088104636567,0.774263682681127,2000,"{1: 3.5, 0: 1}",0.021544346900318832,rbf,"{'C': np.float64(0.774263682681127), 'cache_size': 2000, 'class_weight': {1: 3.5, 0: 1}, 'gamma': np.float64(0.021544346900318832), 'kernel': 'rbf'}",0.6187499999999999,0.85,0.55625,0.564625850340136,0.5714285714285714,0.6322108843537414,0.11103654951458115,716
0.0048125267028808595,0.0010812548883306259,0.004808187484741211,0.0012053753830859844,0.774263682681127,2000,"{1: 3.5, 0: 1}",0.007742636826811269,rbf,"{'C': np.float64(0.774263682681127), 'cache_size': 2000, 'class_weight': {1: 3.5, 0: 1}, 'gamma': np.float64(0.007742636826811269), 'kernel': 'rbf'}",0.6187499999999999,0.85,0.55625,0.564625850340136,0.5714285714285714,0.6322108843537414,0.11103654951458115,716
0.003307342529296875,0.000250301176497102,0.0036071300506591796,0.0005841288391330317,5.994842503189409,2000,"{1: 3.5, 0: 1}",0.0027825594022071257,sigmoid,"{'C': np.float64(5.994842503189409), 'cache_size': 2000, 'class_weight': {1: 3.5, 0: 1}, 'gamma': np.float64(0.0027825594022071257), 'kernel': 'sigmoid'}",0.6187499999999999,0.85,0.55625,0.564625850340136,0.5714285714285714,0.6322108843537414,0.11103654951458115,716
0.0033029556274414063,0.0008735468369955914,0.0032169342041015623,0.00026517455852284523,46.41588833612777,2000,"{1: 3.5, 0: 1}",0.021544346900318832,sigmoid,"{'C': np.float64(46.41588833612777), 'cache_size': 2000, 'class_weight': {1: 3.5, 0: 1}, 'gamma': np.float64(0.021544346900318832), 'kernel': 'sigmoid'}",0.6187499999999999,0.85625,0.55625,0.564625850340136,0.5642857142857143,0.6320323129251701,0.11430326575523551,719
0.003909873962402344,0.0013988449994757205,0.00420684814453125,0.0009331719803442021,1000.0,2000,"{1: 3.5, 0: 1}",0.001,sigmoid,"{'C': np.float64(1000.0), 'cache_size': 2000, 'class_weight': {1: 3.5, 0: 1}, 'gamma': np.float64(0.001), 'kernel': 'sigmoid'}",0.6187499999999999,0.85625,0.55625,0.564625850340136,0.5642857142857143,0.6320323129251701,0.11430326575523551,719
0.003510904312133789,0.0005560755953286942,0.003103208541870117,0.0008026134803485963,46.41588833612777,2000,"{1: 3.5, 0: 1}",0.007742636826811269,sigmoid,"{'C': np.float64(46.41588833612777), 'cache_size': 2000, 'class_weight': {1: 3.5, 0: 1}, 'gamma': np.float64(0.007742636826811269), 'kernel': 'sigmoid'}",0.6187499999999999,0.85625,0.55625,0.564625850340136,0.5642857142857143,0.6320323129251701,0.11430326575523551,719
0.003102731704711914,0.00020244179815303534,0.0045092105865478516,0.0009555708266878987,129.15496650148827,2000,"{1: 3.5, 0: 1}",0.007742636826811269,sigmoid,"{'C': np.float64(129.15496650148827), 'cache_size': 2000, 'class_weight': {1: 3.5, 0: 1}, 'gamma': np.float64(0.007742636826811269), 'kernel': 'sigmoid'}",0.6187499999999999,0.85625,0.55625,0.564625850340136,0.5642857142857143,0.6320323129251701,0.11430326575523551,719
0.0029098033905029298,0.0004927625964351553,0.0035027503967285157,0.0004464393235013692,16.68100537200059,2000,"{1: 3.5, 0: 1}",0.021544346900318832,sigmoid,"{'C': np.float64(16.68100537200059), 'cache_size': 2000, 'class_weight': {1: 3.5, 0: 1}, 'gamma': np.float64(0.021544346900318832), 'kernel': 'sigmoid'}",0.6187499999999999,0.85625,0.55625,0.564625850340136,0.5642857142857143,0.6320323129251701,0.11430326575523551,719
0.0035022735595703126,0.0008937772984881016,0.002907562255859375,0.0005860226128210984,129.15496650148827,2000,"{1: 3.5, 0: 1}",0.0027825594022071257,sigmoid,"{'C': np.float64(129.15496650148827), 'cache_size': 2000, 'class_weight': {1: 3.5, 0: 1}, 'gamma': np.float64(0.0027825594022071257), 'kernel': 'sigmoid'}",0.6187499999999999,0.85625,0.55625,0.564625850340136,0.5642857142857143,0.6320323129251701,0.11430326575523551,719
0.0042037487030029295,0.0015692075327032623,0.003818225860595703,0.0006638235608573077,0.2782559402207124,2000,"{1: 3.5, 0: 1}",3.593813663804626,poly,"{'C': np.float64(0.2782559402207124), 'cache_size': 2000, 'class_weight': {1: 3.5, 0: 1}, 'gamma': np.float64(3.593813663804626), 'kernel': 'poly'}",0.6187499999999999,0.73125,0.75,0.5578231292517007,0.5,0.6315646258503401,0.09682498169455953,725
0.003203010559082031,0.0005087410613574529,0.003914690017700196,0.0013961113248153534,5.994842503189409,2000,"{1: 3.5, 0: 1}",1.2915496650148828,poly,"{'C': np.float64(5.994842503189409), 'cache_size': 2000, 'class_weight': {1: 3.5, 0: 1}, 'gamma': np.float64(1.2915496650148828), 'kernel': 'poly'}",0.6187499999999999,0.73125,0.75,0.5578231292517007,0.5,0.6315646258503401,0.09682498169455953,725
0.002403879165649414,0.0003752251746321972,0.003808927536010742,0.0007451927353256708,129.15496650148827,2000,"{1: 3.5, 0: 1}",0.46415888336127775,poly,"{'C': np.float64(129.15496650148827), 'cache_size': 2000, 'class_weight': {1: 3.5, 0: 1}, 'gamma': np.float64(0.46415888336127775), 'kernel': 'poly'}",0.6187499999999999,0.73125,0.75,0.5578231292517007,0.5,0.6315646258503401,0.09682498169455953,725
0.0037063121795654296,0.001163912566683025,0.003806877136230469,0.0005082094863835856,0.2782559402207124,2000,"{1: 3.5, 0: 1}",0.46415888336127775,sigmoid,"{'C': np.float64(0.2782559402207124), 'cache_size': 2000, 'class_weight': {1: 3.5, 0: 1}, 'gamma': np.float64(0.46415888336127775), 'kernel': 'sigmoid'}",0.6125,0.85,0.5499999999999999,0.5714285714285714,0.5714285714285714,0.6310714285714285,0.11132091869354793,728
0.0039045333862304686,0.001067479887675033,0.00471043586730957,0.0011674317192221565,5.994842503189409,2000,"{1: 3.5, 0: 1}",0.46415888336127775,sigmoid,"{'C': np.float64(5.994842503189409), 'cache_size': 2000, 'class_weight': {1: 3.5, 0: 1}, 'gamma': np.float64(0.46415888336127775), 'kernel': 'sigmoid'}",0.64375,0.85,0.58125,0.5374149659863945,0.5428571428571428,0.6310544217687075,0.11586710667656223,729
0.004408025741577148,0.00048358850339154315,0.004418659210205078,0.0010228992908175648,1000.0,2000,balanced,0.001,rbf,"{'C': np.float64(1000.0), 'cache_size': 2000, 'class_weight': 'balanced', 'gamma': np.float64(0.001), 'kernel': 'rbf'}",0.525,0.8374999999999999,0.54375,0.5918367346938775,0.6571428571428571,0.6310459183673468,0.11287870683751407,730
0.0051136016845703125,0.0008536361792964625,0.004917335510253906,0.0012970009218186806,359.38136638046257,2000,balanced,0.0027825594022071257,rbf,"{'C': np.float64(359.38136638046257), 'cache_size': 2000, 'class_weight': 'balanced', 'gamma': np.float64(0.0027825594022071257), 'kernel': 'rbf'}",0.525,0.8374999999999999,0.54375,0.5918367346938775,0.6571428571428571,0.6310459183673468,0.11287870683751407,730
0.005010986328125,0.0017006817531325883,0.0036029815673828125,0.0007345851384140435,2.1544346900318834,2000,"{1: 3, 0: 1}",0.46415888336127775,linear,"{'C': np.float64(2.1544346900318834), 'cache_size': 2000, 'class_weight': {1: 3, 0: 1}, 'gamma': np.float64(0.46415888336127775), 'kernel': 'linear'}",0.6,0.84375,0.575,0.5918367346938775,0.5428571428571429,0.6306887755102041,0.10831620636943358,732
0.004209041595458984,0.0008751819371853408,0.0038054943084716796,0.0009770788121475523,2.1544346900318834,2000,"{1: 3, 0: 1}",1.2915496650148828,linear,"{'C': np.float64(2.1544346900318834), 'cache_size': 2000, 'class_weight': {1: 3, 0: 1}, 'gamma': np.float64(1.2915496650148828), 'kernel': 'linear'}",0.6,0.84375,0.575,0.5918367346938775,0.5428571428571429,0.6306887755102041,0.10831620636943358,732
0.0032070159912109377,0.00025137136426657075,0.0030081748962402345,0.0008484766270477858,2.1544346900318834,2000,"{1: 3, 0: 1}",0.001,linear,"{'C': np.float64(2.1544346900318834), 'cache_size': 2000, 'class_weight': {1: 3, 0: 1}, 'gamma': np.float64(0.001), 'kernel': 'linear'}",0.6,0.84375,0.575,0.5918367346938775,0.5428571428571429,0.6306887755102041,0.10831620636943358,732
0.0028030872344970703,0.0006775766086182901,0.0031085968017578124,0.00020688115217756071,2.1544346900318834,2000,"{1: 3, 0: 1}",0.007742636826811269,linear,"{'C': np.float64(2.1544346900318834), 'cache_size': 2000, 'class_weight': {1: 3, 0: 1}, 'gamma': np.float64(0.007742636826811269), 'kernel': 'linear'}",0.6,0.84375,0.575,0.5918367346938775,0.5428571428571429,0.6306887755102041,0.10831620636943358,732
0.004505681991577149,0.002051498935751135,0.005414390563964843,0.0015669475327182625,2.1544346900318834,2000,"{1: 3, 0: 1}",0.05994842503189409,linear,"{'C': np.float64(2.1544346900318834), 'cache_size': 2000, 'class_weight': {1: 3, 0: 1}, 'gamma': np.float64(0.05994842503189409), 'kernel': 'linear'}",0.6,0.84375,0.575,0.5918367346938775,0.5428571428571429,0.6306887755102041,0.10831620636943358,732
0.003302192687988281,0.0005992586668795123,0.003006267547607422,0.0003210019229130106,2.1544346900318834,2000,"{1: 3, 0: 1}",0.021544346900318832,linear,"{'C': np.float64(2.1544346900318834), 'cache_size': 2000, 'class_weight': {1: 3, 0: 1}, 'gamma': np.float64(0.021544346900318832), 'kernel': 'linear'}",0.6,0.84375,0.575,0.5918367346938775,0.5428571428571429,0.6306887755102041,0.10831620636943358,732
0.003209972381591797,0.001214388711554337,0.004711246490478516,0.0008196443722804499,2.1544346900318834,2000,"{1: 3, 0: 1}",3.593813663804626,linear,"{'C': np.float64(2.1544346900318834), 'cache_size': 2000, 'class_weight': {1: 3, 0: 1}, 'gamma': np.float64(3.593813663804626), 'kernel': 'linear'}",0.6,0.84375,0.575,0.5918367346938775,0.5428571428571429,0.6306887755102041,0.10831620636943358,732
0.003503274917602539,0.0008941240726450745,0.004010057449340821,0.0007108777784885804,2.1544346900318834,2000,"{1: 3, 0: 1}",0.0027825594022071257,linear,"{'C': np.float64(2.1544346900318834), 'cache_size': 2000, 'class_weight': {1: 3, 0: 1}, 'gamma': np.float64(0.0027825594022071257), 'kernel': 'linear'}",0.6,0.84375,0.575,0.5918367346938775,0.5428571428571429,0.6306887755102041,0.10831620636943358,732
0.00540776252746582,0.002855227479169016,0.005809116363525391,0.0017183704288985194,2.1544346900318834,2000,"{1: 3, 0: 1}",0.1668100537200059,linear,"{'C': np.float64(2.1544346900318834), 'cache_size': 2000, 'class_weight': {1: 3, 0: 1}, 'gamma': np.float64(0.1668100537200059), 'kernel': 'linear'}",0.6,0.84375,0.575,0.5918367346938775,0.5428571428571429,0.6306887755102041,0.10831620636943358,732
0.004912185668945313,0.002478581249027137,0.0031024456024169923,0.00020175399969751126,2.1544346900318834,2000,"{1: 3, 0: 1}",10.0,linear,"{'C': np.float64(2.1544346900318834), 'cache_size': 2000, 'class_weight': {1: 3, 0: 1}, 'gamma': np.float64(10.0), 'kernel': 'linear'}",0.6,0.84375,0.575,0.5918367346938775,0.5428571428571429,0.6306887755102041,0.10831620636943358,732
0.0036106109619140625,0.0005891586781786755,0.003415632247924805,0.00037955744778483947,0.2782559402207124,2000,balanced,3.593813663804626,poly,"{'C': np.float64(0.2782559402207124), 'cache_size': 2000, 'class_weight': 'balanced', 'gamma': np.float64(3.593813663804626), 'kernel': 'poly'}",0.53125,0.7437499999999999,0.65,0.6054421768707482,0.6214285714285714,0.6303741496598639,0.06894415294245454,742
0.004202985763549804,0.0012893063467862573,0.004409265518188476,0.0013627029614880495,129.15496650148827,2000,balanced,0.46415888336127775,poly,"{'C': np.float64(129.15496650148827), 'cache_size': 2000, 'class_weight': 'balanced', 'gamma': np.float64(0.46415888336127775), 'kernel': 'poly'}",0.53125,0.7437499999999999,0.65,0.6054421768707482,0.6214285714285714,0.6303741496598639,0.06894415294245454,742
0.013221406936645507,0.017182537873160538,0.003905963897705078,0.0006605502009526149,359.38136638046257,2000,balanced,3.593813663804626,poly,"{'C': np.float64(359.38136638046257), 'cache_size': 2000, 'class_weight': 'balanced', 'gamma': np.float64(3.593813663804626), 'kernel': 'poly'}",0.7437500000000001,0.81875,0.8,0.36734693877551017,0.42142857142857143,0.6302551020408163,0.19491227308800543,744
0.005562496185302734,0.0013092314009693468,0.003707265853881836,0.0007543646218806176,16.68100537200059,2000,balanced,10.0,poly,"{'C': np.float64(16.68100537200059), 'cache_size': 2000, 'class_weight': 'balanced', 'gamma': np.float64(10.0), 'kernel': 'poly'}",0.7437500000000001,0.81875,0.8,0.36734693877551017,0.42142857142857143,0.6302551020408163,0.19491227308800543,744
0.003210306167602539,0.0005061682023845057,0.0037029266357421877,0.0007484173521003264,16.68100537200059,2000,"{1: 3, 0: 1}",0.05994842503189409,rbf,"{'C': np.float64(16.68100537200059), 'cache_size': 2000, 'class_weight': {1: 3, 0: 1}, 'gamma': np.float64(0.05994842503189409), 'kernel': 'rbf'}",0.58125,0.84375,0.5625,0.5986394557823129,0.5642857142857143,0.6300850340136055,0.10763242069808793,746
0.005108690261840821,0.0010658900741791764,0.005205726623535157,0.0018087328894442222,1000.0,2000,"{1: 3, 0: 1}",0.001,rbf,"{'C': np.float64(1000.0), 'cache_size': 2000, 'class_weight': {1: 3, 0: 1}, 'gamma': np.float64(0.001), 'kernel': 'rbf'}",0.59375,0.84375,0.5625,0.5986394557823129,0.55,0.6297278911564625,0.10857484839272477,747
0.004010677337646484,0.0008366616628515131,0.0034038066864013673,0.0005816670589246835,359.38136638046257,2000,"{1: 3, 0: 1}",0.0027825594022071257,rbf,"{'C': np.float64(359.38136638046257), 'cache_size': 2000, 'class_weight': {1: 3, 0: 1}, 'gamma': np.float64(0.0027825594022071257), 'kernel': 'rbf'}",0.59375,0.84375,0.5625,0.5986394557823129,0.55,0.6297278911564625,0.10857484839272477,747
0.004013729095458984,0.0019224890391483496,0.003607177734375,0.0005889637052411331,46.41588833612777,2000,"{1: 3, 0: 1}",0.021544346900318832,rbf,"{'C': np.float64(46.41588833612777), 'cache_size': 2000, 'class_weight': {1: 3, 0: 1}, 'gamma': np.float64(0.021544346900318832), 'kernel': 'rbf'}",0.59375,0.84375,0.5625,0.5986394557823129,0.55,0.6297278911564625,0.10857484839272477,747
0.003407144546508789,0.0011607474045021537,0.004207515716552734,0.0010301617224342404,129.15496650148827,2000,"{1: 3, 0: 1}",0.007742636826811269,rbf,"{'C': np.float64(129.15496650148827), 'cache_size': 2000, 'class_weight': {1: 3, 0: 1}, 'gamma': np.float64(0.007742636826811269), 'kernel': 'rbf'}",0.59375,0.84375,0.5625,0.5986394557823129,0.55,0.6297278911564625,0.10857484839272477,747
0.00410771369934082,0.001065060737563303,0.0032103538513183595,0.00024164455879776487,0.774263682681127,2000,"{1: 3.5, 0: 1}",0.46415888336127775,sigmoid,"{'C': np.float64(0.774263682681127), 'cache_size': 2000, 'class_weight': {1: 3.5, 0: 1}, 'gamma': np.float64(0.46415888336127775), 'kernel': 'sigmoid'}",0.6125,0.85,0.5499999999999999,0.564625850340136,0.5714285714285714,0.6297108843537413,0.11208052796928081,751
0.0032057762145996094,0.000510651166465994,0.004004287719726563,0.0013027966296144929,0.774263682681127,2000,balanced,1.2915496650148828,sigmoid,"{'C': np.float64(0.774263682681127), 'cache_size': 2000, 'class_weight': 'balanced', 'gamma': np.float64(1.2915496650148828), 'kernel': 'sigmoid'}",0.54375,0.825,0.5562499999999999,0.54421768707483,0.6785714285714286,0.6295578231292517,0.11010897900020332,752
0.0031052112579345705,0.00020633281055436225,0.0036029815673828125,0.0003739779751751544,1000.0,2000,"{1: 3, 0: 1}",0.021544346900318832,rbf,"{'C': np.float64(1000.0), 'cache_size': 2000, 'class_weight': {1: 3, 0: 1}, 'gamma': np.float64(0.021544346900318832), 'kernel': 'rbf'}",0.61875,0.7625,0.64375,0.6938775510204082,0.42857142857142855,0.6294897959183674,0.11182520679265062,753
0.0027523040771484375,0.00038764887286780585,0.0032029151916503906,0.0002471318233300048,16.68100537200059,2000,"{1: 2, 0: 1}",0.46415888336127775,poly,"{'C': np.float64(16.68100537200059), 'cache_size': 2000, 'class_weight': {1: 2, 0: 1}, 'gamma': np.float64(0.46415888336127775), 'kernel': 'poly'}",0.51875,0.75625,0.7374999999999999,0.5918367346938775,0.5428571428571429,0.629438775510204,0.09891472337848002,754
0.003705883026123047,0.0003978356915897897,0.0033081531524658202,0.0009290352068873057,1000.0,2000,"{1: 2, 0: 1}",1.2915496650148828,poly,"{'C': np.float64(1000.0), 'cache_size': 2000, 'class_weight': {1: 2, 0: 1}, 'gamma': np.float64(1.2915496650148828), 'kernel': 'poly'}",0.6375000000000001,0.7625,0.73125,0.54421768707483,0.4714285714285714,0.6293792517006802,0.10987778576920806,755
0.003603553771972656,0.0003745306706047321,0.0028069019317626953,0.0002384318348060622,2.1544346900318834,2000,"{1: 2, 0: 1}",10.0,poly,"{'C': np.float64(2.1544346900318834), 'cache_size': 2000, 'class_weight': {1: 2, 0: 1}, 'gamma': np.float64(10.0), 'kernel': 'poly'}",0.6375000000000001,0.7625,0.73125,0.54421768707483,0.4714285714285714,0.6293792517006802,0.10987778576920806,755
0.003803730010986328,0.0005120498899691282,0.003810262680053711,0.0013646609420198855,46.41588833612777,2000,"{1: 2, 0: 1}",3.593813663804626,poly,"{'C': np.float64(46.41588833612777), 'cache_size': 2000, 'class_weight': {1: 2, 0: 1}, 'gamma': np.float64(3.593813663804626), 'kernel': 'poly'}",0.6375000000000001,0.7625,0.73125,0.54421768707483,0.4714285714285714,0.6293792517006802,0.10987778576920806,755
0.00340423583984375,0.0007982002303325656,0.004412269592285157,0.0006708418364949233,129.15496650148827,2000,"{1: 3, 0: 1}",1.2915496650148828,poly,"{'C': np.float64(129.15496650148827), 'cache_size': 2000, 'class_weight': {1: 3, 0: 1}, 'gamma': np.float64(1.2915496650148828), 'kernel': 'poly'}",0.64375,0.7312500000000001,0.7625,0.5374149659863946,0.4714285714285714,0.6292687074829932,0.11109553324842272,758
0.005916595458984375,0.004626987351081816,0.00871119499206543,0.007040048428089068,0.2782559402207124,2000,"{1: 3, 0: 1}",10.0,poly,"{'C': np.float64(0.2782559402207124), 'cache_size': 2000, 'class_weight': {1: 3, 0: 1}, 'gamma': np.float64(10.0), 'kernel': 'poly'}",0.64375,0.7312500000000001,0.7625,0.5374149659863946,0.4714285714285714,0.6292687074829932,0.11109553324842272,758
0.009715080261230469,0.006232576697923293,0.011726045608520507,0.006585279121341154,5.994842503189409,2000,"{1: 3, 0: 1}",3.593813663804626,poly,"{'C': np.float64(5.994842503189409), 'cache_size': 2000, 'class_weight': {1: 3, 0: 1}, 'gamma': np.float64(3.593813663804626), 'kernel': 'poly'}",0.64375,0.7312500000000001,0.7625,0.5374149659863946,0.4714285714285714,0.6292687074829932,0.11109553324842272,758
0.0031062602996826173,0.00021033462713074911,0.003203725814819336,0.0005094900406837329,0.1,2000,"{1: 3, 0: 1}",0.001,poly,"{'C': np.float64(0.1), 'cache_size': 2000, 'class_weight': {1: 3, 0: 1}, 'gamma': np.float64(0.001), 'kernel': 'poly'}",0.53125,0.7625,0.71875,0.6326530612244898,0.5,0.629030612244898,0.10206538607261736,761
0.003403377532958984,0.0008593786806212658,0.0032120704650878905,0.00024880852078113533,0.1,2000,"{1: 3, 0: 1}",0.0027825594022071257,poly,"{'C': np.float64(0.1), 'cache_size': 2000, 'class_weight': {1: 3, 0: 1}, 'gamma': np.float64(0.0027825594022071257), 'kernel': 'poly'}",0.53125,0.7625,0.71875,0.6326530612244898,0.5,0.629030612244898,0.10206538607261736,761
0.003003644943237305,0.0006271439166653791,0.0033084869384765623,0.000684781896634137,5.994842503189409,2000,"{1: 3, 0: 1}",0.007742636826811269,poly,"{'C': np.float64(5.994842503189409), 'cache_size': 2000, 'class_weight': {1: 3, 0: 1}, 'gamma': np.float64(0.007742636826811269), 'kernel': 'poly'}",0.53125,0.7625,0.71875,0.6326530612244898,0.5,0.629030612244898,0.10206538607261736,761
0.0040074348449707035,0.0007095347424981319,0.003807544708251953,0.00023688485835943475,5.994842503189409,2000,"{1: 3, 0: 1}",0.021544346900318832,poly,"{'C': np.float64(5.994842503189409), 'cache_size': 2000, 'class_weight': {1: 3, 0: 1}, 'gamma': np.float64(0.021544346900318832), 'kernel': 'poly'}",0.53125,0.7625,0.71875,0.6326530612244898,0.5,0.629030612244898,0.10206538607261736,761
0.0031110286712646485,0.0004843894266327779,0.003302001953125,0.0005990363205660621,0.1,2000,"{1: 3, 0: 1}",0.007742636826811269,poly,"{'C': np.float64(0.1), 'cache_size': 2000, 'class_weight': {1: 3, 0: 1}, 'gamma': np.float64(0.007742636826811269), 'kernel': 'poly'}",0.53125,0.7625,0.71875,0.6326530612244898,0.5,0.629030612244898,0.10206538607261736,761
0.0027016639709472657,0.0006010068215768732,0.0035044670104980467,0.0005500783495358297,0.1,2000,"{1: 3, 0: 1}",0.021544346900318832,poly,"{'C': np.float64(0.1), 'cache_size': 2000, 'class_weight': {1: 3, 0: 1}, 'gamma': np.float64(0.021544346900318832), 'kernel': 'poly'}",0.53125,0.7625,0.71875,0.6326530612244898,0.5,0.629030612244898,0.10206538607261736,761
0.002803802490234375,0.0006790559434192173,0.003306007385253906,0.0004088874766845656,0.1,2000,"{1: 3, 0: 1}",0.05994842503189409,poly,"{'C': np.float64(0.1), 'cache_size': 2000, 'class_weight': {1: 3, 0: 1}, 'gamma': np.float64(0.05994842503189409), 'kernel': 'poly'}",0.53125,0.7625,0.71875,0.6326530612244898,0.5,0.629030612244898,0.10206538607261736,761
0.003715181350708008,0.001946604418564616,0.005908489227294922,0.0030644365553459405,0.1,2000,"{1: 3, 0: 1}",0.1668100537200059,poly,"{'C': np.float64(0.1), 'cache_size': 2000, 'class_weight': {1: 3, 0: 1}, 'gamma': np.float64(0.1668100537200059), 'kernel': 'poly'}",0.53125,0.7625,0.71875,0.6326530612244898,0.5,0.629030612244898,0.10206538607261736,761
0.002902364730834961,0.0004918056147217582,0.004407310485839843,0.0011610940408328058,5.994842503189409,2000,"{1: 3, 0: 1}",0.001,poly,"{'C': np.float64(5.994842503189409), 'cache_size': 2000, 'class_weight': {1: 3, 0: 1}, 'gamma': np.float64(0.001), 'kernel': 'poly'}",0.53125,0.7625,0.71875,0.6326530612244898,0.5,0.629030612244898,0.10206538607261736,761
0.0028030872344970703,0.0005113485497545922,0.004607868194580078,0.0007422396016253797,5.994842503189409,2000,"{1: 3, 0: 1}",0.0027825594022071257,poly,"{'C': np.float64(5.994842503189409), 'cache_size': 2000, 'class_weight': {1: 3, 0: 1}, 'gamma': np.float64(0.0027825594022071257), 'kernel': 'poly'}",0.53125,0.7625,0.71875,0.6326530612244898,0.5,0.629030612244898,0.10206538607261736,761
0.00390472412109375,0.001394402017466352,0.013543701171875,0.017089546118399933,16.68100537200059,2000,"{1: 3, 0: 1}",0.0027825594022071257,poly,"{'C': np.float64(16.68100537200059), 'cache_size': 2000, 'class_weight': {1: 3, 0: 1}, 'gamma': np.float64(0.0027825594022071257), 'kernel': 'poly'}",0.53125,0.7625,0.71875,0.6326530612244898,0.5,0.629030612244898,0.10206538607261736,761
0.013324928283691407,0.013721429209942038,0.006809806823730469,0.00337990336475753,16.68100537200059,2000,"{1: 3, 0: 1}",0.007742636826811269,poly,"{'C': np.float64(16.68100537200059), 'cache_size': 2000, 'class_weight': {1: 3, 0: 1}, 'gamma': np.float64(0.007742636826811269), 'kernel': 'poly'}",0.53125,0.7625,0.71875,0.6326530612244898,0.5,0.629030612244898,0.10206538607261736,761
0.002705955505371094,0.0004028055638862476,0.0037039756774902345,0.0008132722232982889,2.1544346900318834,2000,"{1: 3, 0: 1}",0.007742636826811269,poly,"{'C': np.float64(2.1544346900318834), 'cache_size': 2000, 'class_weight': {1: 3, 0: 1}, 'gamma': np.float64(0.007742636826811269), 'kernel': 'poly'}",0.53125,0.7625,0.71875,0.6326530612244898,0.5,0.629030612244898,0.10206538607261736,761
0.0036074638366699217,0.0007361002781078388,0.0039050102233886717,0.0006605619731243544,1000.0,2000,"{1: 3, 0: 1}",0.007742636826811269,poly,"{'C': np.float64(1000.0), 'cache_size': 2000, 'class_weight': {1: 3, 0: 1}, 'gamma': np.float64(0.007742636826811269), 'kernel': 'poly'}",0.53125,0.7625,0.71875,0.6326530612244898,0.5,0.629030612244898,0.10206538607261736,761
0.006114387512207031,0.003662990891759659,0.004605531692504883,0.0016312185829744036,1000.0,2000,"{1: 3, 0: 1}",0.001,poly,"{'C': np.float64(1000.0), 'cache_size': 2000, 'class_weight': {1: 3, 0: 1}, 'gamma': np.float64(0.001), 'kernel': 'poly'}",0.53125,0.7625,0.71875,0.6326530612244898,0.5,0.629030612244898,0.10206538607261736,761
0.002906179428100586,0.00020121486239107033,0.003406715393066406,0.0008659723879305907,1000.0,2000,"{1: 3, 0: 1}",0.0027825594022071257,poly,"{'C': np.float64(1000.0), 'cache_size': 2000, 'class_weight': {1: 3, 0: 1}, 'gamma': np.float64(0.0027825594022071257), 'kernel': 'poly'}",0.53125,0.7625,0.71875,0.6326530612244898,0.5,0.629030612244898,0.10206538607261736,761
0.0031032562255859375,0.0006653082646288865,0.003705406188964844,0.0006063291243405983,2.1544346900318834,2000,"{1: 3, 0: 1}",0.001,poly,"{'C': np.float64(2.1544346900318834), 'cache_size': 2000, 'class_weight': {1: 3, 0: 1}, 'gamma': np.float64(0.001), 'kernel': 'poly'}",0.53125,0.7625,0.71875,0.6326530612244898,0.5,0.629030612244898,0.10206538607261736,761
0.003004169464111328,0.0003170498332889577,0.003105354309082031,0.0002001835084333981,359.38136638046257,2000,"{1: 3, 0: 1}",0.001,poly,"{'C': np.float64(359.38136638046257), 'cache_size': 2000, 'class_weight': {1: 3, 0: 1}, 'gamma': np.float64(0.001), 'kernel': 'poly'}",0.53125,0.7625,0.71875,0.6326530612244898,0.5,0.629030612244898,0.10206538607261736,761
0.005303335189819336,0.0011687885079595017,0.007229948043823242,0.004649394852617095,2.1544346900318834,2000,"{1: 3, 0: 1}",0.021544346900318832,poly,"{'C': np.float64(2.1544346900318834), 'cache_size': 2000, 'class_weight': {1: 3, 0: 1}, 'gamma': np.float64(0.021544346900318832), 'kernel': 'poly'}",0.53125,0.7625,0.71875,0.6326530612244898,0.5,0.629030612244898,0.10206538607261736,761
0.003815746307373047,0.0009262941922178075,0.004407405853271484,0.0012411453321085279,16.68100537200059,2000,"{1: 3, 0: 1}",0.001,poly,"{'C': np.float64(16.68100537200059), 'cache_size': 2000, 'class_weight': {1: 3, 0: 1}, 'gamma': np.float64(0.001), 'kernel': 'poly'}",0.53125,0.7625,0.71875,0.6326530612244898,0.5,0.629030612244898,0.10206538607261736,761
0.0037065982818603516,0.0007472529331276743,0.0036155223846435548,0.0007528857165470149,16.68100537200059,2000,"{1: 3, 0: 1}",0.021544346900318832,poly,"{'C': np.float64(16.68100537200059), 'cache_size': 2000, 'class_weight': {1: 3, 0: 1}, 'gamma': np.float64(0.021544346900318832), 'kernel': 'poly'}",0.53125,0.7625,0.71875,0.6326530612244898,0.5,0.629030612244898,0.10206538607261736,761
0.004006147384643555,0.002345741086381146,0.003206825256347656,0.00024402588703697388,2.1544346900318834,2000,"{1: 3, 0: 1}",0.0027825594022071257,poly,"{'C': np.float64(2.1544346900318834), 'cache_size': 2000, 'class_weight': {1: 3, 0: 1}, 'gamma': np.float64(0.0027825594022071257), 'kernel': 'poly'}",0.53125,0.7625,0.71875,0.6326530612244898,0.5,0.629030612244898,0.10206538607261736,761
0.004509925842285156,0.0014559911667117553,0.0036058902740478517,0.0009687327803009177,2.1544346900318834,2000,"{1: 3, 0: 1}",0.05994842503189409,poly,"{'C': np.float64(2.1544346900318834), 'cache_size': 2000, 'class_weight': {1: 3, 0: 1}, 'gamma': np.float64(0.05994842503189409), 'kernel': 'poly'}",0.53125,0.7625,0.71875,0.6326530612244898,0.5,0.629030612244898,0.10206538607261736,761
0.0031081676483154298,0.0008025774051825934,0.003003549575805664,0.000549775054644006,359.38136638046257,2000,"{1: 3, 0: 1}",0.007742636826811269,poly,"{'C': np.float64(359.38136638046257), 'cache_size': 2000, 'class_weight': {1: 3, 0: 1}, 'gamma': np.float64(0.007742636826811269), 'kernel': 'poly'}",0.53125,0.7625,0.71875,0.6326530612244898,0.5,0.629030612244898,0.10206538607261736,761
0.0030100345611572266,0.000556001511816831,0.003102731704711914,0.0002023225962306367,46.41588833612777,2000,"{1: 3, 0: 1}",0.0027825594022071257,poly,"{'C': np.float64(46.41588833612777), 'cache_size': 2000, 'class_weight': {1: 3, 0: 1}, 'gamma': np.float64(0.0027825594022071257), 'kernel': 'poly'}",0.53125,0.7625,0.71875,0.6326530612244898,0.5,0.629030612244898,0.10206538607261736,761
0.004210710525512695,0.0013653095503463903,0.004104042053222656,0.0013211428691943165,0.2782559402207124,2000,"{1: 3, 0: 1}",0.007742636826811269,poly,"{'C': np.float64(0.2782559402207124), 'cache_size': 2000, 'class_weight': {1: 3, 0: 1}, 'gamma': np.float64(0.007742636826811269), 'kernel': 'poly'}",0.53125,0.7625,0.71875,0.6326530612244898,0.5,0.629030612244898,0.10206538607261736,761
0.005002737045288086,0.0016745102508401127,0.004612159729003906,0.0012026243917511391,0.2782559402207124,2000,"{1: 3, 0: 1}",0.001,poly,"{'C': np.float64(0.2782559402207124), 'cache_size': 2000, 'class_weight': {1: 3, 0: 1}, 'gamma': np.float64(0.001), 'kernel': 'poly'}",0.53125,0.7625,0.71875,0.6326530612244898,0.5,0.629030612244898,0.10206538607261736,761
0.0024155616760253907,0.0006082737954563521,0.0027017116546630858,0.00039913860473980023,0.2782559402207124,2000,"{1: 3, 0: 1}",0.0027825594022071257,poly,"{'C': np.float64(0.2782559402207124), 'cache_size': 2000, 'class_weight': {1: 3, 0: 1}, 'gamma': np.float64(0.0027825594022071257), 'kernel': 'poly'}",0.53125,0.7625,0.71875,0.6326530612244898,0.5,0.629030612244898,0.10206538607261736,761
0.0029018402099609377,0.000198747157587775,0.0039120674133300785,0.0007366934653239886,46.41588833612777,2000,"{1: 3, 0: 1}",0.021544346900318832,poly,"{'C': np.float64(46.41588833612777), 'cache_size': 2000, 'class_weight': {1: 3, 0: 1}, 'gamma': np.float64(0.021544346900318832), 'kernel': 'poly'}",0.53125,0.7625,0.71875,0.6326530612244898,0.5,0.629030612244898,0.10206538607261736,761
0.0028038501739501955,0.0005115999492357266,0.004308891296386719,0.0012149356159076275,46.41588833612777,2000,"{1: 3, 0: 1}",0.007742636826811269,poly,"{'C': np.float64(46.41588833612777), 'cache_size': 2000, 'class_weight': {1: 3, 0: 1}, 'gamma': np.float64(0.007742636826811269), 'kernel': 'poly'}",0.53125,0.7625,0.71875,0.6326530612244898,0.5,0.629030612244898,0.10206538607261736,761
0.0030069351196289062,0.0003222101622257876,0.003303050994873047,0.0005978352788196643,0.2782559402207124,2000,"{1: 3, 0: 1}",0.05994842503189409,poly,"{'C': np.float64(0.2782559402207124), 'cache_size': 2000, 'class_weight': {1: 3, 0: 1}, 'gamma': np.float64(0.05994842503189409), 'kernel': 'poly'}",0.53125,0.7625,0.71875,0.6326530612244898,0.5,0.629030612244898,0.10206538607261736,761
0.003907489776611328,0.0008679273114362643,0.003106498718261719,0.00020783616944980874,0.2782559402207124,2000,"{1: 3, 0: 1}",0.021544346900318832,poly,"{'C': np.float64(0.2782559402207124), 'cache_size': 2000, 'class_weight': {1: 3, 0: 1}, 'gamma': np.float64(0.021544346900318832), 'kernel': 'poly'}",0.53125,0.7625,0.71875,0.6326530612244898,0.5,0.629030612244898,0.10206538607261736,761
0.0027062416076660155,0.0003985713605392827,0.0031042575836181642,0.000373332112431846,129.15496650148827,2000,"{1: 3, 0: 1}",0.001,poly,"{'C': np.float64(129.15496650148827), 'cache_size': 2000, 'class_weight': {1: 3, 0: 1}, 'gamma': np.float64(0.001), 'kernel': 'poly'}",0.53125,0.7625,0.71875,0.6326530612244898,0.5,0.629030612244898,0.10206538607261736,761
0.0032098770141601564,0.0002552708167844411,0.003403759002685547,0.00037559935382151625,0.774263682681127,2000,"{1: 3, 0: 1}",0.05994842503189409,poly,"{'C': np.float64(0.774263682681127), 'cache_size': 2000, 'class_weight': {1: 3, 0: 1}, 'gamma': np.float64(0.05994842503189409), 'kernel': 'poly'}",0.53125,0.7625,0.71875,0.6326530612244898,0.5,0.629030612244898,0.10206538607261736,761
0.0029085159301757814,0.00019387763760136937,0.002803182601928711,0.00024253789453781359,0.774263682681127,2000,"{1: 3, 0: 1}",0.001,poly,"{'C': np.float64(0.774263682681127), 'cache_size': 2000, 'class_weight': {1: 3, 0: 1}, 'gamma': np.float64(0.001), 'kernel': 'poly'}",0.53125,0.7625,0.71875,0.6326530612244898,0.5,0.629030612244898,0.10206538607261736,761
0.009015655517578125,0.009621296244182046,0.004909658432006836,0.002521282246089307,0.774263682681127,2000,"{1: 3, 0: 1}",0.021544346900318832,poly,"{'C': np.float64(0.774263682681127), 'cache_size': 2000, 'class_weight': {1: 3, 0: 1}, 'gamma': np.float64(0.021544346900318832), 'kernel': 'poly'}",0.53125,0.7625,0.71875,0.6326530612244898,0.5,0.629030612244898,0.10206538607261736,761
0.0030034065246582033,0.0003150827008063928,0.003010082244873047,0.00031069643717762153,0.774263682681127,2000,"{1: 3, 0: 1}",0.007742636826811269,poly,"{'C': np.float64(0.774263682681127), 'cache_size': 2000, 'class_weight': {1: 3, 0: 1}, 'gamma': np.float64(0.007742636826811269), 'kernel': 'poly'}",0.53125,0.7625,0.71875,0.6326530612244898,0.5,0.629030612244898,0.10206538607261736,761
0.002906608581542969,0.0004965681155975823,0.0030025959014892576,0.0007068923011715281,359.38136638046257,2000,"{1: 3, 0: 1}",0.0027825594022071257,poly,"{'C': np.float64(359.38136638046257), 'cache_size': 2000, 'class_weight': {1: 3, 0: 1}, 'gamma': np.float64(0.0027825594022071257), 'kernel': 'poly'}",0.53125,0.7625,0.71875,0.6326530612244898,0.5,0.629030612244898,0.10206538607261736,761
0.004513788223266602,0.0005410774505139348,0.005607080459594726,0.002599509501060158,46.41588833612777,2000,"{1: 3, 0: 1}",0.001,poly,"{'C': np.float64(46.41588833612777), 'cache_size': 2000, 'class_weight': {1: 3, 0: 1}, 'gamma': np.float64(0.001), 'kernel': 'poly'}",0.53125,0.7625,0.71875,0.6326530612244898,0.5,0.629030612244898,0.10206538607261736,761
0.002904939651489258,0.0011105273953265452,0.003208017349243164,0.0008166260130528586,129.15496650148827,2000,"{1: 3, 0: 1}",0.0027825594022071257,poly,"{'C': np.float64(129.15496650148827), 'cache_size': 2000, 'class_weight': {1: 3, 0: 1}, 'gamma': np.float64(0.0027825594022071257), 'kernel': 'poly'}",0.53125,0.7625,0.71875,0.6326530612244898,0.5,0.629030612244898,0.10206538607261736,761
0.004311084747314453,0.000820047930901746,0.003204011917114258,0.0006794352690993019,129.15496650148827,2000,"{1: 3, 0: 1}",0.007742636826811269,poly,"{'C': np.float64(129.15496650148827), 'cache_size': 2000, 'class_weight': {1: 3, 0: 1}, 'gamma': np.float64(0.007742636826811269), 'kernel': 'poly'}",0.53125,0.7625,0.71875,0.6326530612244898,0.5,0.629030612244898,0.10206538607261736,761
0.0033050537109375,0.0006033825613890811,0.003104686737060547,0.0003748068370515648,0.774263682681127,2000,"{1: 3, 0: 1}",0.0027825594022071257,poly,"{'C': np.float64(0.774263682681127), 'cache_size': 2000, 'class_weight': {1: 3, 0: 1}, 'gamma': np.float64(0.0027825594022071257), 'kernel': 'poly'}",0.53125,0.7625,0.71875,0.6326530612244898,0.5,0.629030612244898,0.10206538607261736,761
0.0034074306488037108,0.00037593066775090976,0.0031063079833984373,0.00020995326889319398,5.994842503189409,2000,balanced,1.2915496650148828,poly,"{'C': np.float64(5.994842503189409), 'cache_size': 2000, 'class_weight': 'balanced', 'gamma': np.float64(1.2915496650148828), 'kernel': 'poly'}",0.53125,0.7437499999999999,0.65,0.5986394557823129,0.6214285714285714,0.6290136054421768,0.06948771582123861,803
0.0029021263122558593,0.0006632714301779219,0.003209638595581055,0.000507300829353961,0.2782559402207124,2000,"{1: 3.5, 0: 1}",0.46415888336127775,poly,"{'C': np.float64(0.2782559402207124), 'cache_size': 2000, 'class_weight': {1: 3.5, 0: 1}, 'gamma': np.float64(0.46415888336127775), 'kernel': 'poly'}",0.5562499999999999,0.7437499999999999,0.7250000000000001,0.6122448979591836,0.5071428571428571,0.6288775510204081,0.09252669532728519,804
0.0036083221435546874,0.000859063683753826,0.004106473922729492,0.0011995489256006458,0.1,2000,"{1: 3.5, 0: 1}",0.001,rbf,"{'C': np.float64(0.1), 'cache_size': 2000, 'class_weight': {1: 3.5, 0: 1}, 'gamma': np.float64(0.001), 'kernel': 'rbf'}",0.59375,0.80625,0.53125,0.6054421768707483,0.6071428571428571,0.6287670068027211,0.09300281909202192,805
0.0036099910736083984,0.000978314511013324,0.0032030582427978516,0.0005094674139385383,0.2782559402207124,2000,"{1: 3.5, 0: 1}",0.001,rbf,"{'C': np.float64(0.2782559402207124), 'cache_size': 2000, 'class_weight': {1: 3.5, 0: 1}, 'gamma': np.float64(0.001), 'kernel': 'rbf'}",0.59375,0.80625,0.53125,0.6054421768707483,0.6071428571428571,0.6287670068027211,0.09300281909202192,805
0.003102540969848633,0.0004883752114071428,0.0034091949462890627,0.0003764139479350442,0.2782559402207124,2000,"{1: 3.5, 0: 1}",1.2915496650148828,sigmoid,"{'C': np.float64(0.2782559402207124), 'cache_size': 2000, 'class_weight': {1: 3.5, 0: 1}, 'gamma': np.float64(1.2915496650148828), 'kernel': 'sigmoid'}",0.625,0.8375000000000001,0.54375,0.5510204081632653,0.5857142857142856,0.6285969387755103,0.1083600203142237,807
0.0032173633575439454,0.00026570270136836853,0.003302860260009766,0.0006026987481697693,0.1,2000,"{1: 3.5, 0: 1}",1.2915496650148828,sigmoid,"{'C': np.float64(0.1), 'cache_size': 2000, 'class_weight': {1: 3.5, 0: 1}, 'gamma': np.float64(1.2915496650148828), 'kernel': 'sigmoid'}",0.625,0.8375000000000001,0.54375,0.5510204081632653,0.5857142857142856,0.6285969387755103,0.1083600203142237,807
0.004308080673217774,0.0008153808130149778,0.0037057876586914064,0.0005975692446373812,16.68100537200059,2000,balanced,10.0,rbf,"{'C': np.float64(16.68100537200059), 'cache_size': 2000, 'class_weight': 'balanced', 'gamma': np.float64(10.0), 'kernel': 'rbf'}",0.7625,0.79375,0.75625,0.4013605442176871,0.42857142857142855,0.6284863945578232,0.17501279388719806,809
0.003912782669067383,0.000858964384754111,0.003502559661865234,0.0006344095629021502,2.1544346900318834,2000,"{1: 3.5, 0: 1}",0.46415888336127775,sigmoid,"{'C': np.float64(2.1544346900318834), 'cache_size': 2000, 'class_weight': {1: 3.5, 0: 1}, 'gamma': np.float64(0.46415888336127775), 'kernel': 'sigmoid'}",0.6125,0.85,0.54375,0.564625850340136,0.5714285714285714,0.6284608843537415,0.11299368106561133,810
0.0032091617584228517,0.00025585223723000744,0.0034037113189697267,0.0003750113834800642,0.1,2000,"{1: 3.5, 0: 1}",0.46415888336127775,sigmoid,"{'C': np.float64(0.1), 'cache_size': 2000, 'class_weight': {1: 3.5, 0: 1}, 'gamma': np.float64(0.46415888336127775), 'kernel': 'sigmoid'}",0.6125,0.84375,0.5499999999999999,0.564625850340136,0.5714285714285714,0.6284608843537415,0.10962468682170588,810
0.0051098823547363285,0.0008643140201463755,0.00290532112121582,0.00019928384334235124,46.41588833612777,2000,balanced,10.0,poly,"{'C': np.float64(46.41588833612777), 'cache_size': 2000, 'class_weight': 'balanced', 'gamma': np.float64(10.0), 'kernel': 'poly'}",0.7625,0.7687500000000002,0.8500000000000001,0.22448979591836735,0.5357142857142857,0.6282908163265306,0.2273858075995714,812
0.004807853698730468,0.0013978309449739028,0.003915548324584961,0.0006652345094064042,1000.0,2000,balanced,3.593813663804626,poly,"{'C': np.float64(1000.0), 'cache_size': 2000, 'class_weight': 'balanced', 'gamma': np.float64(3.593813663804626), 'kernel': 'poly'}",0.7625,0.7687500000000002,0.8500000000000001,0.22448979591836735,0.5357142857142857,0.6282908163265306,0.2273858075995714,812
0.003301715850830078,0.0005993374682555642,0.0032068729400634766,0.0005127439207992654,2.1544346900318834,2000,"{1: 2, 0: 1}",0.001,rbf,"{'C': np.float64(2.1544346900318834), 'cache_size': 2000, 'class_weight': {1: 2, 0: 1}, 'gamma': np.float64(0.001), 'kernel': 'rbf'}",0.5249999999999999,0.7625,0.58125,0.5714285714285715,0.7,0.6280357142857144,0.08862181746394192,814
0.0030026912689208986,0.0003155347314074221,0.0031087398529052734,0.0004846736932580288,5.994842503189409,2000,"{1: 3.5, 0: 1}",0.1668100537200059,poly,"{'C': np.float64(5.994842503189409), 'cache_size': 2000, 'class_weight': {1: 3.5, 0: 1}, 'gamma': np.float64(0.1668100537200059), 'kernel': 'poly'}",0.55,0.7437499999999999,0.7250000000000001,0.6122448979591836,0.5071428571428571,0.6276275510204081,0.0935361332627091,815
0.002603006362915039,0.00037399166678744373,0.003609180450439453,0.000588430423059154,129.15496650148827,2000,"{1: 3.5, 0: 1}",0.05994842503189409,poly,"{'C': np.float64(129.15496650148827), 'cache_size': 2000, 'class_weight': {1: 3.5, 0: 1}, 'gamma': np.float64(0.05994842503189409), 'kernel': 'poly'}",0.55,0.7437499999999999,0.7250000000000001,0.6122448979591836,0.5071428571428571,0.6276275510204081,0.0935361332627091,815
0.004012680053710938,0.001421929481922973,0.0042019844055175785,0.000980670174097251,5.994842503189409,2000,"{1: 3.5, 0: 1}",0.46415888336127775,rbf,"{'C': np.float64(5.994842503189409), 'cache_size': 2000, 'class_weight': {1: 3.5, 0: 1}, 'gamma': np.float64(0.46415888336127775), 'kernel': 'rbf'}",0.6312500000000001,0.85625,0.6,0.5714285714285714,0.47857142857142854,0.6275000000000001,0.1252362563236349,817
0.005113935470581055,0.0020669433713989987,0.004206609725952148,0.0011702737172348016,0.774263682681127,2000,"{1: 3.5, 0: 1}",1.2915496650148828,sigmoid,"{'C': np.float64(0.774263682681127), 'cache_size': 2000, 'class_weight': {1: 3.5, 0: 1}, 'gamma': np.float64(1.2915496650148828), 'kernel': 'sigmoid'}",0.625,0.8375000000000001,0.5375,0.5510204081632653,0.5857142857142856,0.6273469387755102,0.1093629797940681,818
0.003505563735961914,0.0007727186770216145,0.0038073062896728516,0.0009272718384324713,5.994842503189409,2000,balanced,0.46415888336127775,sigmoid,"{'C': np.float64(5.994842503189409), 'cache_size': 2000, 'class_weight': 'balanced', 'gamma': np.float64(0.46415888336127775), 'kernel': 'sigmoid'}",0.53125,0.84375,0.5625,0.6122448979591837,0.5857142857142856,0.6270918367346938,0.11156258877454159,819
0.0027055740356445312,0.0003920885267950384,0.003207683563232422,0.00025250429850841213,359.38136638046257,2000,"{1: 2, 0: 1}",0.1668100537200059,poly,"{'C': np.float64(359.38136638046257), 'cache_size': 2000, 'class_weight': {1: 2, 0: 1}, 'gamma': np.float64(0.1668100537200059), 'kernel': 'poly'}",0.5125000000000001,0.75,0.7374999999999999,0.5918367346938775,0.5428571428571429,0.6269387755102042,0.09875824714216148,820
0.00440831184387207,0.0011206353288669983,0.0037069797515869142,0.0008754981807135692,46.41588833612777,2000,balanced,0.1668100537200059,rbf,"{'C': np.float64(46.41588833612777), 'cache_size': 2000, 'class_weight': 'balanced', 'gamma': np.float64(0.1668100537200059), 'kernel': 'rbf'}",0.59375,0.8187500000000001,0.7,0.5850340136054422,0.43571428571428567,0.6266496598639455,0.12771325680038823,821
0.004107332229614258,0.0009755409171408921,0.0029068470001220705,0.0006695392335987838,0.774263682681127,2000,"{1: 2, 0: 1}",1.2915496650148828,poly,"{'C': np.float64(0.774263682681127), 'cache_size': 2000, 'class_weight': {1: 2, 0: 1}, 'gamma': np.float64(1.2915496650148828), 'kernel': 'poly'}",0.5125000000000001,0.75,0.73125,0.5918367346938775,0.5428571428571429,0.6256887755102041,0.09738089297889888,822
0.004105710983276367,0.000663311554450612,0.0038079261779785157,0.0010348638509078628,1000.0,2000,balanced,0.0027825594022071257,sigmoid,"{'C': np.float64(1000.0), 'cache_size': 2000, 'class_weight': 'balanced', 'gamma': np.float64(0.0027825594022071257), 'kernel': 'sigmoid'}",0.53125,0.8375,0.5687500000000001,0.6122448979591836,0.5785714285714285,0.6256632653061225,0.10901878761813312,823
0.004208040237426758,0.0012942056155779836,0.004107332229614258,0.0007367008263707768,359.38136638046257,2000,balanced,0.007742636826811269,sigmoid,"{'C': np.float64(359.38136638046257), 'cache_size': 2000, 'class_weight': 'balanced', 'gamma': np.float64(0.007742636826811269), 'kernel': 'sigmoid'}",0.53125,0.8375,0.5687500000000001,0.6122448979591836,0.5785714285714285,0.6256632653061225,0.10901878761813312,823
0.003943920135498047,0.0006391135967753488,0.003960371017456055,0.0009283902892961456,46.41588833612777,2000,balanced,0.05994842503189409,sigmoid,"{'C': np.float64(46.41588833612777), 'cache_size': 2000, 'class_weight': 'balanced', 'gamma': np.float64(0.05994842503189409), 'kernel': 'sigmoid'}",0.53125,0.8375,0.5687500000000001,0.6122448979591836,0.5785714285714285,0.6256632653061225,0.10901878761813312,823
0.0029047489166259765,0.0004949483245947137,0.0038150787353515626,0.0008764275996024013,129.15496650148827,2000,balanced,0.021544346900318832,sigmoid,"{'C': np.float64(129.15496650148827), 'cache_size': 2000, 'class_weight': 'balanced', 'gamma': np.float64(0.021544346900318832), 'kernel': 'sigmoid'}",0.53125,0.8375,0.5687500000000001,0.6122448979591836,0.5785714285714285,0.6256632653061225,0.10901878761813312,823
0.002603769302368164,0.0005852025476387749,0.003810882568359375,0.0005132630517057273,0.774263682681127,2000,"{1: 2, 0: 1}",0.001,rbf,"{'C': np.float64(0.774263682681127), 'cache_size': 2000, 'class_weight': {1: 2, 0: 1}, 'gamma': np.float64(0.001), 'kernel': 'rbf'}",0.54375,0.69375,0.5875,0.5714285714285715,0.7285714285714285,0.625,0.0725690206293432,827
0.002943134307861328,0.00046248658438596965,0.003806734085083008,0.0013648952582840396,0.1,2000,"{1: 2, 0: 1}",0.001,rbf,"{'C': np.float64(0.1), 'cache_size': 2000, 'class_weight': {1: 2, 0: 1}, 'gamma': np.float64(0.001), 'kernel': 'rbf'}",0.54375,0.69375,0.5875,0.5714285714285715,0.7285714285714285,0.625,0.0725690206293432,827
0.0035062789916992187,0.0004483353605397553,0.003314685821533203,0.0006987592183766848,0.2782559402207124,2000,"{1: 2, 0: 1}",0.001,rbf,"{'C': np.float64(0.2782559402207124), 'cache_size': 2000, 'class_weight': {1: 2, 0: 1}, 'gamma': np.float64(0.001), 'kernel': 'rbf'}",0.54375,0.69375,0.5875,0.5714285714285715,0.7285714285714285,0.625,0.0725690206293432,827
0.004007101058959961,0.001055380516330157,0.0034065723419189455,0.00059129825296124,16.68100537200059,2000,balanced,0.1668100537200059,sigmoid,"{'C': np.float64(16.68100537200059), 'cache_size': 2000, 'class_weight': 'balanced', 'gamma': np.float64(0.1668100537200059), 'kernel': 'sigmoid'}",0.53125,0.8375,0.5625,0.6122448979591836,0.5785714285714285,0.6244132653061223,0.10969789978387427,830
0.002708101272583008,0.0003998207661454635,0.0039020061492919924,0.0007991854700410929,0.774263682681127,2000,"{1: 2, 0: 1}",0.0027825594022071257,rbf,"{'C': np.float64(0.774263682681127), 'cache_size': 2000, 'class_weight': {1: 2, 0: 1}, 'gamma': np.float64(0.0027825594022071257), 'kernel': 'rbf'}",0.5249999999999999,0.7625,0.5625,0.5714285714285715,0.7,0.6242857142857142,0.09088987505632903,831
0.003515815734863281,0.0006432075427639063,0.004209566116333008,0.001036757837551243,1000.0,2000,"{1: 2, 0: 1}",0.05994842503189409,rbf,"{'C': np.float64(1000.0), 'cache_size': 2000, 'class_weight': {1: 2, 0: 1}, 'gamma': np.float64(0.05994842503189409), 'kernel': 'rbf'}",0.6062500000000001,0.64375,0.81875,0.673469387755102,0.37857142857142856,0.6241581632653062,0.14234814113309774,832
0.00391535758972168,0.0005925846737559966,0.0038066864013671874,0.0005126563773030999,0.1,2000,"{1: 2, 0: 1}",0.007742636826811269,rbf,"{'C': np.float64(0.1), 'cache_size': 2000, 'class_weight': {1: 2, 0: 1}, 'gamma': np.float64(0.007742636826811269), 'kernel': 'rbf'}",0.53125,0.69375,0.59375,0.5714285714285715,0.7285714285714285,0.62375,0.07494172906400036,833
0.0036053180694580076,0.0008578077083306136,0.00330963134765625,0.00040861802330869083,0.1,2000,"{1: 3.5, 0: 1}",0.0027825594022071257,rbf,"{'C': np.float64(0.1), 'cache_size': 2000, 'class_weight': {1: 3.5, 0: 1}, 'gamma': np.float64(0.0027825594022071257), 'kernel': 'rbf'}",0.60625,0.8250000000000001,0.53125,0.6054421768707483,0.55,0.6235884353741497,0.10501254293853697,834
0.003718996047973633,0.0006924693601545582,0.003402853012084961,0.00058244074145263,46.41588833612777,2000,"{1: 3.5, 0: 1}",3.593813663804626,poly,"{'C': np.float64(46.41588833612777), 'cache_size': 2000, 'class_weight': {1: 3.5, 0: 1}, 'gamma': np.float64(3.593813663804626), 'kernel': 'poly'}",0.7625000000000001,0.7500000000000001,0.69375,0.4897959183673469,0.42142857142857143,0.6234948979591837,0.1406896983151041,835
0.0037053585052490234,0.0008721929414233815,0.003802967071533203,0.0005094552254271902,1000.0,2000,"{1: 3.5, 0: 1}",1.2915496650148828,poly,"{'C': np.float64(1000.0), 'cache_size': 2000, 'class_weight': {1: 3.5, 0: 1}, 'gamma': np.float64(1.2915496650148828), 'kernel': 'poly'}",0.7625000000000001,0.7500000000000001,0.69375,0.4897959183673469,0.42142857142857143,0.6234948979591837,0.1406896983151041,835
0.0037104606628417967,0.0011716344108016502,0.004209375381469727,0.0005111586824040889,2.1544346900318834,2000,"{1: 3.5, 0: 1}",10.0,poly,"{'C': np.float64(2.1544346900318834), 'cache_size': 2000, 'class_weight': {1: 3.5, 0: 1}, 'gamma': np.float64(10.0), 'kernel': 'poly'}",0.7625000000000001,0.7500000000000001,0.69375,0.4897959183673469,0.42142857142857143,0.6234948979591837,0.1406896983151041,835
0.004016304016113281,0.0008304234533195034,0.002902650833129883,0.00019915671193781933,1000.0,2000,balanced,0.05994842503189409,rbf,"{'C': np.float64(1000.0), 'cache_size': 2000, 'class_weight': 'balanced', 'gamma': np.float64(0.05994842503189409), 'kernel': 'rbf'}",0.64375,0.6875,0.7125,0.6802721088435375,0.39285714285714285,0.6233758503401361,0.11734239244865656,838
0.003305387496948242,0.0007501644000555846,0.003807353973388672,0.0002381622557836136,129.15496650148827,2000,"{1: 2, 0: 1}",3.593813663804626,poly,"{'C': np.float64(129.15496650148827), 'cache_size': 2000, 'class_weight': {1: 2, 0: 1}, 'gamma': np.float64(3.593813663804626), 'kernel': 'poly'}",0.71875,0.76875,0.75,0.4217687074829932,0.45714285714285713,0.6232823129251701,0.15135544352408423,839
0.004523611068725586,0.0008316683990368159,0.0032068729400634766,0.000511041592333081,5.994842503189409,2000,"{1: 2, 0: 1}",10.0,poly,"{'C': np.float64(5.994842503189409), 'cache_size': 2000, 'class_weight': {1: 2, 0: 1}, 'gamma': np.float64(10.0), 'kernel': 'poly'}",0.71875,0.76875,0.75,0.4217687074829932,0.45714285714285713,0.6232823129251701,0.15135544352408423,839
0.004808759689331055,0.0016963550268586348,0.005812215805053711,0.0022915570315331702,2.1544346900318834,2000,"{1: 3.5, 0: 1}",1.2915496650148828,sigmoid,"{'C': np.float64(2.1544346900318834), 'cache_size': 2000, 'class_weight': {1: 3.5, 0: 1}, 'gamma': np.float64(1.2915496650148828), 'kernel': 'sigmoid'}",0.625,0.8375000000000001,0.5375,0.5374149659863945,0.5785714285714285,0.6231972789115646,0.11191336060672025,841
0.005415487289428711,0.0011376834704120216,0.006213617324829101,0.0010766762498061772,359.38136638046257,2000,balanced,0.05994842503189409,rbf,"{'C': np.float64(359.38136638046257), 'cache_size': 2000, 'class_weight': 'balanced', 'gamma': np.float64(0.05994842503189409), 'kernel': 'rbf'}",0.6062500000000001,0.7375,0.7125,0.6734693877551021,0.3857142857142857,0.6230867346938775,0.12669072119924243,842
0.0034049034118652345,0.0007978743546905808,0.0031042575836181642,0.0005812249549641455,359.38136638046257,2000,"{1: 3, 0: 1}",0.05994842503189409,rbf,"{'C': np.float64(359.38136638046257), 'cache_size': 2000, 'class_weight': {1: 3, 0: 1}, 'gamma': np.float64(0.05994842503189409), 'kernel': 'rbf'}",0.60625,0.7562500000000001,0.66875,0.6598639455782312,0.4214285714285714,0.6225085034013605,0.11146117795482784,843
0.0033084392547607423,0.000250442238573781,0.0037059783935546875,0.00040309611856682067,359.38136638046257,2000,"{1: 3, 0: 1}",1.2915496650148828,poly,"{'C': np.float64(359.38136638046257), 'cache_size': 2000, 'class_weight': {1: 3, 0: 1}, 'gamma': np.float64(1.2915496650148828), 'kernel': 'poly'}",0.6625000000000001,0.75625,0.6749999999999999,0.5510204081632654,0.4642857142857143,0.621811224489796,0.10235627259206982,844
0.0030028820037841797,0.000316436948846553,0.003615283966064453,0.0005896457821932262,0.774263682681127,2000,"{1: 3, 0: 1}",10.0,poly,"{'C': np.float64(0.774263682681127), 'cache_size': 2000, 'class_weight': {1: 3, 0: 1}, 'gamma': np.float64(10.0), 'kernel': 'poly'}",0.6625000000000001,0.75625,0.6749999999999999,0.5510204081632654,0.4642857142857143,0.621811224489796,0.10235627259206982,844
0.0036040782928466798,0.00124072142142634,0.004512405395507813,0.003266368220496668,16.68100537200059,2000,"{1: 3, 0: 1}",3.593813663804626,poly,"{'C': np.float64(16.68100537200059), 'cache_size': 2000, 'class_weight': {1: 3, 0: 1}, 'gamma': np.float64(3.593813663804626), 'kernel': 'poly'}",0.6625000000000001,0.75625,0.6749999999999999,0.5510204081632654,0.4642857142857143,0.621811224489796,0.10235627259206982,844
0.0037064552307128906,0.00039920079547691817,0.0032031059265136717,0.0005103856409984795,1000.0,2000,balanced,0.021544346900318832,rbf,"{'C': np.float64(1000.0), 'cache_size': 2000, 'class_weight': 'balanced', 'gamma': np.float64(0.021544346900318832), 'kernel': 'rbf'}",0.6,0.7562500000000001,0.7125,0.6326530612244898,0.40714285714285714,0.6217091836734694,0.12080891455476998,847
0.004004049301147461,0.001141143026222999,0.004523324966430664,0.001764214496980509,2.1544346900318834,2000,"{1: 3.5, 0: 1}",1.2915496650148828,poly,"{'C': np.float64(2.1544346900318834), 'cache_size': 2000, 'class_weight': {1: 3.5, 0: 1}, 'gamma': np.float64(1.2915496650148828), 'kernel': 'poly'}",0.5562499999999999,0.7437499999999999,0.6875,0.6122448979591836,0.5071428571428571,0.621377551020408,0.08569919844137619,848
0.0031158924102783203,0.0007499152814686584,0.004106998443603516,0.0008036170876894647,0.774263682681127,2000,"{1: 3.5, 0: 1}",0.46415888336127775,poly,"{'C': np.float64(0.774263682681127), 'cache_size': 2000, 'class_weight': {1: 3.5, 0: 1}, 'gamma': np.float64(0.46415888336127775), 'kernel': 'poly'}",0.5562499999999999,0.7437499999999999,0.6875,0.6122448979591836,0.5071428571428571,0.621377551020408,0.08569919844137619,848
0.0034030914306640626,0.0007351851522041278,0.0033029556274414063,0.0006018173391404849,1000.0,2000,"{1: 3.5, 0: 1}",0.1668100537200059,poly,"{'C': np.float64(1000.0), 'cache_size': 2000, 'class_weight': {1: 3.5, 0: 1}, 'gamma': np.float64(0.1668100537200059), 'kernel': 'poly'}",0.5562499999999999,0.7437499999999999,0.6875,0.6122448979591836,0.5071428571428571,0.621377551020408,0.08569919844137619,848
0.0032072067260742188,0.0005083056149217972,0.006923675537109375,0.007067291245901518,0.1,2000,"{1: 3.5, 0: 1}",3.593813663804626,poly,"{'C': np.float64(0.1), 'cache_size': 2000, 'class_weight': {1: 3.5, 0: 1}, 'gamma': np.float64(3.593813663804626), 'kernel': 'poly'}",0.5562499999999999,0.7437499999999999,0.6875,0.6122448979591836,0.5071428571428571,0.621377551020408,0.08569919844137619,848
0.004007959365844726,0.0008408314029016398,0.0046059608459472655,0.0009661859824583632,5.994842503189409,2000,"{1: 3.5, 0: 1}",0.46415888336127775,poly,"{'C': np.float64(5.994842503189409), 'cache_size': 2000, 'class_weight': {1: 3.5, 0: 1}, 'gamma': np.float64(0.46415888336127775), 'kernel': 'poly'}",0.5562499999999999,0.7437499999999999,0.6875,0.6122448979591836,0.5071428571428571,0.621377551020408,0.08569919844137619,848
0.0056136131286621095,0.004002851973298384,0.003905582427978516,0.0006602210459468044,46.41588833612777,2000,"{1: 3.5, 0: 1}",0.46415888336127775,poly,"{'C': np.float64(46.41588833612777), 'cache_size': 2000, 'class_weight': {1: 3.5, 0: 1}, 'gamma': np.float64(0.46415888336127775), 'kernel': 'poly'}",0.5562499999999999,0.7437499999999999,0.6875,0.6122448979591836,0.5071428571428571,0.621377551020408,0.08569919844137619,848
0.0023053646087646484,0.00040216686206449886,0.0034039497375488283,0.0005852490810356974,2.1544346900318834,2000,"{1: 3.5, 0: 1}",0.46415888336127775,poly,"{'C': np.float64(2.1544346900318834), 'cache_size': 2000, 'class_weight': {1: 3.5, 0: 1}, 'gamma': np.float64(0.46415888336127775), 'kernel': 'poly'}",0.5562499999999999,0.7437499999999999,0.6875,0.6122448979591836,0.5071428571428571,0.621377551020408,0.08569919844137619,848
0.0031093597412109376,0.001026663717658626,0.0038099765777587892,0.001436663087813579,0.2782559402207124,2000,"{1: 3.5, 0: 1}",1.2915496650148828,poly,"{'C': np.float64(0.2782559402207124), 'cache_size': 2000, 'class_weight': {1: 3.5, 0: 1}, 'gamma': np.float64(1.2915496650148828), 'kernel': 'poly'}",0.5562499999999999,0.7437499999999999,0.6875,0.6122448979591836,0.5071428571428571,0.621377551020408,0.08569919844137619,848
0.004610824584960938,0.00097093898295701,0.0037086963653564452,0.0010292943829509607,16.68100537200059,2000,"{1: 3.5, 0: 1}",0.46415888336127775,poly,"{'C': np.float64(16.68100537200059), 'cache_size': 2000, 'class_weight': {1: 3.5, 0: 1}, 'gamma': np.float64(0.46415888336127775), 'kernel': 'poly'}",0.5562499999999999,0.7437499999999999,0.6875,0.6122448979591836,0.5071428571428571,0.621377551020408,0.08569919844137619,848
0.003021383285522461,0.00030934420989270887,0.003603410720825195,0.00037373483517083475,129.15496650148827,2000,"{1: 3.5, 0: 1}",0.1668100537200059,poly,"{'C': np.float64(129.15496650148827), 'cache_size': 2000, 'class_weight': {1: 3.5, 0: 1}, 'gamma': np.float64(0.1668100537200059), 'kernel': 'poly'}",0.5562499999999999,0.7437499999999999,0.6875,0.6122448979591836,0.5071428571428571,0.621377551020408,0.08569919844137619,848
0.002426004409790039,0.0005121379500286008,0.0026315689086914063,0.0003958426440426394,129.15496650148827,2000,balanced,3.593813663804626,rbf,"{'C': np.float64(129.15496650148827), 'cache_size': 2000, 'class_weight': 'balanced', 'gamma': np.float64(3.593813663804626), 'kernel': 'rbf'}",0.8187500000000001,0.8,0.6187499999999999,0.3333333333333333,0.5357142857142857,0.6213095238095238,0.17954186706581413,858
0.0038069725036621095,0.0009347525979423601,0.0035099506378173826,0.0009020720290010665,359.38136638046257,2000,"{1: 2, 0: 1}",1.2915496650148828,poly,"{'C': np.float64(359.38136638046257), 'cache_size': 2000, 'class_weight': {1: 2, 0: 1}, 'gamma': np.float64(1.2915496650148828), 'kernel': 'poly'}",0.625,0.7625,0.70625,0.4965986394557823,0.5142857142857142,0.6209268707482993,0.10408594817872908,859
0.00510716438293457,0.0018353471139027071,0.009126091003417968,0.004295228186013572,16.68100537200059,2000,"{1: 2, 0: 1}",3.593813663804626,poly,"{'C': np.float64(16.68100537200059), 'cache_size': 2000, 'class_weight': {1: 2, 0: 1}, 'gamma': np.float64(3.593813663804626), 'kernel': 'poly'}",0.625,0.7625,0.70625,0.4965986394557823,0.5142857142857142,0.6209268707482993,0.10408594817872908,859
0.00511326789855957,0.0016604515694048055,0.0033022880554199217,0.0008707137566975059,0.774263682681127,2000,"{1: 2, 0: 1}",10.0,poly,"{'C': np.float64(0.774263682681127), 'cache_size': 2000, 'class_weight': {1: 2, 0: 1}, 'gamma': np.float64(10.0), 'kernel': 'poly'}",0.625,0.7625,0.70625,0.4965986394557823,0.5142857142857142,0.6209268707482993,0.10408594817872908,859
0.00370640754699707,0.000597205054511258,0.00321807861328125,0.0006740916656916378,129.15496650148827,2000,"{1: 3.5, 0: 1}",3.593813663804626,poly,"{'C': np.float64(129.15496650148827), 'cache_size': 2000, 'class_weight': {1: 3.5, 0: 1}, 'gamma': np.float64(3.593813663804626), 'kernel': 'poly'}",0.7687499999999999,0.74375,0.78125,0.3605442176870748,0.45,0.6208588435374149,0.17869292230779776,862
0.003809690475463867,0.0006720233061300542,0.003807830810546875,0.0005169762694925686,5.994842503189409,2000,"{1: 3.5, 0: 1}",10.0,poly,"{'C': np.float64(5.994842503189409), 'cache_size': 2000, 'class_weight': {1: 3.5, 0: 1}, 'gamma': np.float64(10.0), 'kernel': 'poly'}",0.7687499999999999,0.74375,0.78125,0.3605442176870748,0.45,0.6208588435374149,0.17869292230779776,862
0.0039057254791259764,0.0004958193814224621,0.0026035308837890625,0.0005853254488635921,359.38136638046257,2000,"{1: 3.5, 0: 1}",0.46415888336127775,sigmoid,"{'C': np.float64(359.38136638046257), 'cache_size': 2000, 'class_weight': {1: 3.5, 0: 1}, 'gamma': np.float64(0.46415888336127775), 'kernel': 'sigmoid'}",0.5875,0.7125,0.71875,0.6394557823129252,0.44285714285714284,0.6202125850340137,0.10111573155563798,864
0.003702211380004883,0.0007484777918618046,0.003407573699951172,0.0010767660423777138,129.15496650148827,2000,"{1: 3.5, 0: 1}",0.05994842503189409,rbf,"{'C': np.float64(129.15496650148827), 'cache_size': 2000, 'class_weight': {1: 3.5, 0: 1}, 'gamma': np.float64(0.05994842503189409), 'kernel': 'rbf'}",0.64375,0.80625,0.59375,0.5714285714285714,0.48571428571428565,0.6201785714285715,0.10614505621640453,865
0.003410053253173828,0.0003771282565678724,0.0031032562255859375,0.0006648777850998364,0.1,2000,"{1: 2, 0: 1}",0.007742636826811269,sigmoid,"{'C': np.float64(0.1), 'cache_size': 2000, 'class_weight': {1: 2, 0: 1}, 'gamma': np.float64(0.007742636826811269), 'kernel': 'sigmoid'}",0.51875,0.69375,0.5875,0.5714285714285715,0.7285714285714285,0.62,0.07860510641874378,866
0.003135061264038086,0.0005187094485201522,0.0037119388580322266,0.0007440900617893556,0.1,2000,"{1: 2, 0: 1}",0.0027825594022071257,sigmoid,"{'C': np.float64(0.1), 'cache_size': 2000, 'class_weight': {1: 2, 0: 1}, 'gamma': np.float64(0.0027825594022071257), 'kernel': 'sigmoid'}",0.51875,0.69375,0.5875,0.5714285714285715,0.7285714285714285,0.62,0.07860510641874378,866
0.0025026798248291016,0.00044681293066198887,0.003306007385253906,0.0004021265207858342,0.774263682681127,2000,"{1: 2, 0: 1}",0.001,sigmoid,"{'C': np.float64(0.774263682681127), 'cache_size': 2000, 'class_weight': {1: 2, 0: 1}, 'gamma': np.float64(0.001), 'kernel': 'sigmoid'}",0.51875,0.69375,0.5875,0.5714285714285715,0.7285714285714285,0.62,0.07860510641874378,866
0.004328489303588867,0.0009325839194791475,0.004335975646972657,0.0015008783306443756,0.1,2000,"{1: 2, 0: 1}",0.001,sigmoid,"{'C': np.float64(0.1), 'cache_size': 2000, 'class_weight': {1: 2, 0: 1}, 'gamma': np.float64(0.001), 'kernel': 'sigmoid'}",0.51875,0.69375,0.5875,0.5714285714285715,0.7285714285714285,0.62,0.07860510641874378,866
0.005114078521728516,0.0019536448416470325,0.004209136962890625,0.0005108608330263741,0.2782559402207124,2000,"{1: 2, 0: 1}",0.0027825594022071257,sigmoid,"{'C': np.float64(0.2782559402207124), 'cache_size': 2000, 'class_weight': {1: 2, 0: 1}, 'gamma': np.float64(0.0027825594022071257), 'kernel': 'sigmoid'}",0.51875,0.69375,0.5875,0.5714285714285715,0.7285714285714285,0.62,0.07860510641874378,866
0.004110860824584961,0.0010209377917981904,0.005304527282714844,0.0015056519937571445,0.2782559402207124,2000,"{1: 2, 0: 1}",0.001,sigmoid,"{'C': np.float64(0.2782559402207124), 'cache_size': 2000, 'class_weight': {1: 2, 0: 1}, 'gamma': np.float64(0.001), 'kernel': 'sigmoid'}",0.51875,0.69375,0.5875,0.5714285714285715,0.7285714285714285,0.62,0.07860510641874378,866
0.0031021595001220702,0.0002015364306833626,0.0036154747009277343,0.0009739473207207061,0.2782559402207124,2000,"{1: 2, 0: 1}",0.007742636826811269,rbf,"{'C': np.float64(0.2782559402207124), 'cache_size': 2000, 'class_weight': {1: 2, 0: 1}, 'gamma': np.float64(0.007742636826811269), 'kernel': 'rbf'}",0.5249999999999999,0.7625,0.5625,0.5714285714285715,0.6785714285714285,0.6199999999999999,0.08766675073067022,872
0.0033023834228515627,0.0003999742770209244,0.0028109073638916014,0.00023356335835871263,0.774263682681127,2000,"{1: 3.5, 0: 1}",1.2915496650148828,poly,"{'C': np.float64(0.774263682681127), 'cache_size': 2000, 'class_weight': {1: 3.5, 0: 1}, 'gamma': np.float64(1.2915496650148828), 'kernel': 'poly'}",0.5562499999999999,0.7437499999999999,0.6875,0.6122448979591836,0.5,0.6199489795918367,0.08762933708781918,873
0.0042078495025634766,0.0002517687551871256,0.0038158416748046873,0.0006940174640734493,359.38136638046257,2000,"{1: 3.5, 0: 1}",0.1668100537200059,poly,"{'C': np.float64(359.38136638046257), 'cache_size': 2000, 'class_weight': {1: 3.5, 0: 1}, 'gamma': np.float64(0.1668100537200059), 'kernel': 'poly'}",0.5562499999999999,0.7437499999999999,0.6875,0.6122448979591836,0.5,0.6199489795918367,0.08762933708781918,873
0.002902364730834961,0.00019913279225904125,0.0030067920684814452,0.0005530871094275487,1000.0,2000,"{1: 3, 0: 1}",0.021544346900318832,sigmoid,"{'C': np.float64(1000.0), 'cache_size': 2000, 'class_weight': {1: 3, 0: 1}, 'gamma': np.float64(0.021544346900318832), 'kernel': 'sigmoid'}",0.5874999999999999,0.78125,0.66875,0.6190476190476191,0.44285714285714284,0.6198809523809523,0.11028581323500784,875
0.007716035842895508,0.006259773479444212,0.005307531356811524,0.0017286258449858579,0.2782559402207124,2000,"{1: 2, 0: 1}",0.0027825594022071257,rbf,"{'C': np.float64(0.2782559402207124), 'cache_size': 2000, 'class_weight': {1: 2, 0: 1}, 'gamma': np.float64(0.0027825594022071257), 'kernel': 'rbf'}",0.51875,0.69375,0.59375,0.5714285714285715,0.7214285714285714,0.6198214285714286,0.0761924757922128,876
0.0035233497619628906,0.0005506621539129239,0.003902292251586914,0.0001987716498648697,0.1,2000,"{1: 2, 0: 1}",0.0027825594022071257,rbf,"{'C': np.float64(0.1), 'cache_size': 2000, 'class_weight': {1: 2, 0: 1}, 'gamma': np.float64(0.0027825594022071257), 'kernel': 'rbf'}",0.51875,0.69375,0.59375,0.5714285714285715,0.7214285714285714,0.6198214285714286,0.0761924757922128,876
0.0034037113189697267,0.0005819391555254487,0.004010486602783203,0.0007102196368200597,359.38136638046257,2000,"{1: 3.5, 0: 1}",0.05994842503189409,sigmoid,"{'C': np.float64(359.38136638046257), 'cache_size': 2000, 'class_weight': {1: 3.5, 0: 1}, 'gamma': np.float64(0.05994842503189409), 'kernel': 'sigmoid'}",0.64375,0.7937500000000001,0.58125,0.6054421768707483,0.4714285714285714,0.619124149659864,0.10443778198805845,878
0.004015159606933594,0.0008441195351936175,0.004306983947753906,0.0005107260852451282,46.41588833612777,2000,"{1: 3.5, 0: 1}",0.1668100537200059,poly,"{'C': np.float64(46.41588833612777), 'cache_size': 2000, 'class_weight': {1: 3.5, 0: 1}, 'gamma': np.float64(0.1668100537200059), 'kernel': 'poly'}",0.54375,0.7437499999999999,0.6875,0.6122448979591836,0.5071428571428571,0.6188775510204081,0.0877210942054214,879
0.002904462814331055,0.0007338463973258891,0.003509712219238281,0.0004430319005181214,0.1,2000,"{1: 3.5, 0: 1}",1.2915496650148828,poly,"{'C': np.float64(0.1), 'cache_size': 2000, 'class_weight': {1: 3.5, 0: 1}, 'gamma': np.float64(1.2915496650148828), 'kernel': 'poly'}",0.54375,0.7437499999999999,0.6875,0.6122448979591836,0.5071428571428571,0.6188775510204081,0.0877210942054214,879
0.005217742919921875,0.0012452876261270836,0.0034008026123046875,0.0008002519802881674,1000.0,2000,"{1: 3.5, 0: 1}",0.05994842503189409,poly,"{'C': np.float64(1000.0), 'cache_size': 2000, 'class_weight': {1: 3.5, 0: 1}, 'gamma': np.float64(0.05994842503189409), 'kernel': 'poly'}",0.54375,0.7437499999999999,0.6875,0.6122448979591836,0.5071428571428571,0.6188775510204081,0.0877210942054214,879
0.0036033153533935546,0.00037402097560997375,0.003610849380493164,0.0015287890622696766,16.68100537200059,2000,"{1: 3.5, 0: 1}",0.1668100537200059,poly,"{'C': np.float64(16.68100537200059), 'cache_size': 2000, 'class_weight': {1: 3.5, 0: 1}, 'gamma': np.float64(0.1668100537200059), 'kernel': 'poly'}",0.54375,0.7437499999999999,0.6875,0.6122448979591836,0.5071428571428571,0.6188775510204081,0.0877210942054214,879
0.003502225875854492,0.0007746979557872794,0.0037155628204345705,0.0006881653568432907,359.38136638046257,2000,"{1: 3.5, 0: 1}",0.05994842503189409,poly,"{'C': np.float64(359.38136638046257), 'cache_size': 2000, 'class_weight': {1: 3.5, 0: 1}, 'gamma': np.float64(0.05994842503189409), 'kernel': 'poly'}",0.54375,0.7437499999999999,0.6875,0.6122448979591836,0.5071428571428571,0.6188775510204081,0.0877210942054214,879
0.003207111358642578,0.00025085852271981596,0.0037061214447021485,0.0007542897477117975,359.38136638046257,2000,"{1: 3, 0: 1}",0.05994842503189409,sigmoid,"{'C': np.float64(359.38136638046257), 'cache_size': 2000, 'class_weight': {1: 3, 0: 1}, 'gamma': np.float64(0.05994842503189409), 'kernel': 'sigmoid'}",0.5874999999999999,0.78125,0.6625,0.6190476190476191,0.44285714285714284,0.6186309523809523,0.1097589995483715,884
0.003304862976074219,0.00040163721251012803,0.0032033443450927733,0.0005089812495584717,16.68100537200059,2000,balanced,0.1668100537200059,rbf,"{'C': np.float64(16.68100537200059), 'cache_size': 2000, 'class_weight': 'balanced', 'gamma': np.float64(0.1668100537200059), 'kernel': 'rbf'}",0.5750000000000001,0.83125,0.59375,0.5918367346938775,0.5,0.6183673469387755,0.1118217033787372,885
0.006213092803955078,0.0013204854240828337,0.004607343673706054,0.0014695571697910309,46.41588833612777,2000,balanced,1.2915496650148828,linear,"{'C': np.float64(46.41588833612777), 'cache_size': 2000, 'class_weight': 'balanced', 'gamma': np.float64(1.2915496650148828), 'kernel': 'linear'}",0.59375,0.75,0.7,0.6190476190476191,0.4285714285714286,0.6182738095238095,0.11010900855140025,886
0.0035039424896240235,0.0008388239040307874,0.002908611297607422,0.0001929405117091853,46.41588833612777,2000,balanced,10.0,linear,"{'C': np.float64(46.41588833612777), 'cache_size': 2000, 'class_weight': 'balanced', 'gamma': np.float64(10.0), 'kernel': 'linear'}",0.59375,0.75,0.7,0.6190476190476191,0.4285714285714286,0.6182738095238095,0.11010900855140025,886
0.0031054019927978516,0.0004956883381531762,0.0027025699615478515,0.00040056105415027917,46.41588833612777,2000,balanced,0.007742636826811269,linear,"{'C': np.float64(46.41588833612777), 'cache_size': 2000, 'class_weight': 'balanced', 'gamma': np.float64(0.007742636826811269), 'kernel': 'linear'}",0.59375,0.75,0.7,0.6190476190476191,0.4285714285714286,0.6182738095238095,0.11010900855140025,886
0.003444480895996094,0.0009180828207137847,0.0038593769073486327,0.0010229076842096,46.41588833612777,2000,balanced,0.46415888336127775,linear,"{'C': np.float64(46.41588833612777), 'cache_size': 2000, 'class_weight': 'balanced', 'gamma': np.float64(0.46415888336127775), 'kernel': 'linear'}",0.59375,0.75,0.7,0.6190476190476191,0.4285714285714286,0.6182738095238095,0.11010900855140025,886
0.0036033153533935546,0.0005857532282553146,0.004010152816772461,0.0007108031505588759,46.41588833612777,2000,balanced,0.05994842503189409,linear,"{'C': np.float64(46.41588833612777), 'cache_size': 2000, 'class_weight': 'balanced', 'gamma': np.float64(0.05994842503189409), 'kernel': 'linear'}",0.59375,0.75,0.7,0.6190476190476191,0.4285714285714286,0.6182738095238095,0.11010900855140025,886
0.003610038757324219,0.00037309893617075115,0.0029024600982666014,0.0006623888673267628,46.41588833612777,2000,balanced,3.593813663804626,linear,"{'C': np.float64(46.41588833612777), 'cache_size': 2000, 'class_weight': 'balanced', 'gamma': np.float64(3.593813663804626), 'kernel': 'linear'}",0.59375,0.75,0.7,0.6190476190476191,0.4285714285714286,0.6182738095238095,0.11010900855140025,886
0.003607177734375,0.0007410502113105053,0.003608846664428711,0.0007383970139683192,46.41588833612777,2000,balanced,0.1668100537200059,linear,"{'C': np.float64(46.41588833612777), 'cache_size': 2000, 'class_weight': 'balanced', 'gamma': np.float64(0.1668100537200059), 'kernel': 'linear'}",0.59375,0.75,0.7,0.6190476190476191,0.4285714285714286,0.6182738095238095,0.11010900855140025,886
0.004105710983276367,0.0014958725755969701,0.0036079883575439453,0.0005916043119885755,46.41588833612777,2000,balanced,0.0027825594022071257,linear,"{'C': np.float64(46.41588833612777), 'cache_size': 2000, 'class_weight': 'balanced', 'gamma': np.float64(0.0027825594022071257), 'kernel': 'linear'}",0.59375,0.75,0.7,0.6190476190476191,0.4285714285714286,0.6182738095238095,0.11010900855140025,886
0.004010915756225586,0.0005533086146602644,0.003406333923339844,0.0008615791594556023,46.41588833612777,2000,balanced,0.021544346900318832,linear,"{'C': np.float64(46.41588833612777), 'cache_size': 2000, 'class_weight': 'balanced', 'gamma': np.float64(0.021544346900318832), 'kernel': 'linear'}",0.59375,0.75,0.7,0.6190476190476191,0.4285714285714286,0.6182738095238095,0.11010900855140025,886
0.0034082412719726564,0.0008062207982176904,0.0036036491394042967,0.0005846401088839715,46.41588833612777,2000,balanced,0.001,linear,"{'C': np.float64(46.41588833612777), 'cache_size': 2000, 'class_weight': 'balanced', 'gamma': np.float64(0.001), 'kernel': 'linear'}",0.59375,0.75,0.7,0.6190476190476191,0.4285714285714286,0.6182738095238095,0.11010900855140025,886
0.005106735229492188,0.0017479797816503733,0.004312038421630859,0.0006817579498697894,16.68100537200059,2000,"{1: 2, 0: 1}",10.0,rbf,"{'C': np.float64(16.68100537200059), 'cache_size': 2000, 'class_weight': {1: 2, 0: 1}, 'gamma': np.float64(10.0), 'kernel': 'rbf'}",0.7125,0.7875,0.775,0.3877551020408163,0.42857142857142855,0.618265306122449,0.17389942195016708,896
0.004503870010375976,0.0009511280949584047,0.006617307662963867,0.0032614366257470336,16.68100537200059,2000,"{1: 3, 0: 1}",10.0,rbf,"{'C': np.float64(16.68100537200059), 'cache_size': 2000, 'class_weight': {1: 3, 0: 1}, 'gamma': np.float64(10.0), 'kernel': 'rbf'}",0.79375,0.775,0.7125,0.3741496598639456,0.4357142857142857,0.6182227891156463,0.17728966937877244,897
0.003403902053833008,0.0008582967651618338,0.0031112194061279296,0.0004970878740645451,129.15496650148827,2000,"{1: 3.5, 0: 1}",0.1668100537200059,sigmoid,"{'C': np.float64(129.15496650148827), 'cache_size': 2000, 'class_weight': {1: 3.5, 0: 1}, 'gamma': np.float64(0.1668100537200059), 'kernel': 'sigmoid'}",0.64375,0.7875000000000001,0.58125,0.6054421768707483,0.4714285714285714,0.617874149659864,0.10235690343467257,898
0.0030068397521972657,0.0003212237361543961,0.003506183624267578,0.0006318839586802595,0.2782559402207124,2000,"{1: 3.5, 0: 1}",10.0,poly,"{'C': np.float64(0.2782559402207124), 'cache_size': 2000, 'class_weight': {1: 3.5, 0: 1}, 'gamma': np.float64(10.0), 'kernel': 'poly'}",0.6375,0.7312500000000001,0.71875,0.5510204081632653,0.44999999999999996,0.617704081632653,0.10589258981082193,899
0.003005361557006836,0.0006332740106561866,0.004107379913330078,0.0013271277836144181,5.994842503189409,2000,"{1: 3.5, 0: 1}",3.593813663804626,poly,"{'C': np.float64(5.994842503189409), 'cache_size': 2000, 'class_weight': {1: 3.5, 0: 1}, 'gamma': np.float64(3.593813663804626), 'kernel': 'poly'}",0.6375,0.7312500000000001,0.71875,0.5510204081632653,0.44999999999999996,0.617704081632653,0.10589258981082193,899
0.003007173538208008,0.0008421622045978273,0.0035062789916992187,0.0006378623520761368,129.15496650148827,2000,"{1: 3.5, 0: 1}",1.2915496650148828,poly,"{'C': np.float64(129.15496650148827), 'cache_size': 2000, 'class_weight': {1: 3.5, 0: 1}, 'gamma': np.float64(1.2915496650148828), 'kernel': 'poly'}",0.6375,0.7312500000000001,0.71875,0.5510204081632653,0.44999999999999996,0.617704081632653,0.10589258981082193,899
0.005518293380737305,0.0008956420626589753,0.004001998901367187,0.0006327879468826701,46.41588833612777,2000,"{1: 2, 0: 1}",10.0,poly,"{'C': np.float64(46.41588833612777), 'cache_size': 2000, 'class_weight': {1: 2, 0: 1}, 'gamma': np.float64(10.0), 'kernel': 'poly'}",0.7625,0.6875000000000001,0.8500000000000001,0.2380952380952381,0.55,0.6176190476190477,0.21376875473012003,902
0.0046023368835449215,0.001020029398752641,0.003711557388305664,0.00092498784635925,1000.0,2000,"{1: 2, 0: 1}",3.593813663804626,poly,"{'C': np.float64(1000.0), 'cache_size': 2000, 'class_weight': {1: 2, 0: 1}, 'gamma': np.float64(3.593813663804626), 'kernel': 'poly'}",0.7625,0.6875000000000001,0.8500000000000001,0.2380952380952381,0.55,0.6176190476190477,0.21376875473012003,902
0.008115720748901368,0.001657007323065128,0.004110956192016601,0.0003737388869752891,1000.0,2000,"{1: 3.5, 0: 1}",0.46415888336127775,linear,"{'C': np.float64(1000.0), 'cache_size': 2000, 'class_weight': {1: 3.5, 0: 1}, 'gamma': np.float64(0.46415888336127775), 'kernel': 'linear'}",0.6875,0.6875,0.7000000000000001,0.6054421768707483,0.40714285714285714,0.6175170068027211,0.11045521011113965,904
0.008515548706054688,0.001147491074306452,0.006009864807128906,0.004266992901610893,1000.0,2000,"{1: 3.5, 0: 1}",0.001,linear,"{'C': np.float64(1000.0), 'cache_size': 2000, 'class_weight': {1: 3.5, 0: 1}, 'gamma': np.float64(0.001), 'kernel': 'linear'}",0.6875,0.6875,0.7000000000000001,0.6054421768707483,0.40714285714285714,0.6175170068027211,0.11045521011113965,904
0.008017969131469727,0.0017919798768451225,0.0039023876190185545,0.0009185614997066054,1000.0,2000,"{1: 3.5, 0: 1}",0.1668100537200059,linear,"{'C': np.float64(1000.0), 'cache_size': 2000, 'class_weight': {1: 3.5, 0: 1}, 'gamma': np.float64(0.1668100537200059), 'kernel': 'linear'}",0.6875,0.6875,0.7000000000000001,0.6054421768707483,0.40714285714285714,0.6175170068027211,0.11045521011113965,904
0.009114599227905274,0.0024855571217023637,0.003811931610107422,0.0006040931301982611,1000.0,2000,"{1: 3.5, 0: 1}",0.05994842503189409,linear,"{'C': np.float64(1000.0), 'cache_size': 2000, 'class_weight': {1: 3.5, 0: 1}, 'gamma': np.float64(0.05994842503189409), 'kernel': 'linear'}",0.6875,0.6875,0.7000000000000001,0.6054421768707483,0.40714285714285714,0.6175170068027211,0.11045521011113965,904
0.007222557067871093,0.0012816256891622128,0.0036045074462890624,0.0008013331453414939,1000.0,2000,"{1: 3.5, 0: 1}",1.2915496650148828,linear,"{'C': np.float64(1000.0), 'cache_size': 2000, 'class_weight': {1: 3.5, 0: 1}, 'gamma': np.float64(1.2915496650148828), 'kernel': 'linear'}",0.6875,0.6875,0.7000000000000001,0.6054421768707483,0.40714285714285714,0.6175170068027211,0.11045521011113965,904
0.018032121658325195,0.01791568857794977,0.003902244567871094,0.0013587160628943753,1000.0,2000,"{1: 3.5, 0: 1}",0.007742636826811269,linear,"{'C': np.float64(1000.0), 'cache_size': 2000, 'class_weight': {1: 3.5, 0: 1}, 'gamma': np.float64(0.007742636826811269), 'kernel': 'linear'}",0.6875,0.6875,0.7000000000000001,0.6054421768707483,0.40714285714285714,0.6175170068027211,0.11045521011113965,904
0.00801396369934082,0.00134504101202823,0.003909254074096679,0.0008625504520969788,1000.0,2000,"{1: 3.5, 0: 1}",0.021544346900318832,linear,"{'C': np.float64(1000.0), 'cache_size': 2000, 'class_weight': {1: 3.5, 0: 1}, 'gamma': np.float64(0.021544346900318832), 'kernel': 'linear'}",0.6875,0.6875,0.7000000000000001,0.6054421768707483,0.40714285714285714,0.6175170068027211,0.11045521011113965,904
0.007843971252441406,0.0019047203969925913,0.0031181812286376954,0.0010048960964679538,1000.0,2000,"{1: 3.5, 0: 1}",10.0,linear,"{'C': np.float64(1000.0), 'cache_size': 2000, 'class_weight': {1: 3.5, 0: 1}, 'gamma': np.float64(10.0), 'kernel': 'linear'}",0.6875,0.6875,0.7000000000000001,0.6054421768707483,0.40714285714285714,0.6175170068027211,0.11045521011113965,904
0.00815267562866211,0.0022891238594814605,0.00330967903137207,0.0005114478626916845,1000.0,2000,"{1: 3.5, 0: 1}",3.593813663804626,linear,"{'C': np.float64(1000.0), 'cache_size': 2000, 'class_weight': {1: 3.5, 0: 1}, 'gamma': np.float64(3.593813663804626), 'kernel': 'linear'}",0.6875,0.6875,0.7000000000000001,0.6054421768707483,0.40714285714285714,0.6175170068027211,0.11045521011113965,904
0.008320045471191407,0.002546090755023898,0.00340123176574707,0.0004906996195148944,1000.0,2000,"{1: 3.5, 0: 1}",0.0027825594022071257,linear,"{'C': np.float64(1000.0), 'cache_size': 2000, 'class_weight': {1: 3.5, 0: 1}, 'gamma': np.float64(0.0027825594022071257), 'kernel': 'linear'}",0.6875,0.6875,0.7000000000000001,0.6054421768707483,0.40714285714285714,0.6175170068027211,0.11045521011113965,904
0.0034155845642089844,0.00037871339513193415,0.003702211380004883,0.0008702475584742662,0.774263682681127,2000,"{1: 3.5, 0: 1}",10.0,poly,"{'C': np.float64(0.774263682681127), 'cache_size': 2000, 'class_weight': {1: 3.5, 0: 1}, 'gamma': np.float64(10.0), 'kernel': 'poly'}",0.68125,0.7500000000000001,0.68125,0.5442176870748299,0.42857142857142855,0.6170578231292517,0.1155402093539546,914
0.005410385131835937,0.003348446540819419,0.003509187698364258,0.0004515448639370123,16.68100537200059,2000,"{1: 3.5, 0: 1}",3.593813663804626,poly,"{'C': np.float64(16.68100537200059), 'cache_size': 2000, 'class_weight': {1: 3.5, 0: 1}, 'gamma': np.float64(3.593813663804626), 'kernel': 'poly'}",0.68125,0.7500000000000001,0.68125,0.5442176870748299,0.42857142857142855,0.6170578231292517,0.1155402093539546,914
0.004106044769287109,0.0006663456278453816,0.0036087512969970705,0.000801801212196088,359.38136638046257,2000,"{1: 3.5, 0: 1}",1.2915496650148828,poly,"{'C': np.float64(359.38136638046257), 'cache_size': 2000, 'class_weight': {1: 3.5, 0: 1}, 'gamma': np.float64(1.2915496650148828), 'kernel': 'poly'}",0.68125,0.7500000000000001,0.68125,0.5442176870748299,0.42857142857142855,0.6170578231292517,0.1155402093539546,914
0.003402376174926758,0.000581991552259051,0.0033061027526855467,0.00040136053506436913,129.15496650148827,2000,"{1: 3, 0: 1}",0.05994842503189409,rbf,"{'C': np.float64(129.15496650148827), 'cache_size': 2000, 'class_weight': {1: 3, 0: 1}, 'gamma': np.float64(0.05994842503189409), 'kernel': 'rbf'}",0.59375,0.7999999999999999,0.65625,0.5986394557823129,0.43571428571428567,0.6168707482993196,0.11727886532367256,917
0.004203033447265625,0.0008141943497170048,0.003412199020385742,0.0005922458097229589,1000.0,2000,"{1: 3.5, 0: 1}",0.021544346900318832,sigmoid,"{'C': np.float64(1000.0), 'cache_size': 2000, 'class_weight': {1: 3.5, 0: 1}, 'gamma': np.float64(0.021544346900318832), 'kernel': 'sigmoid'}",0.64375,0.7937500000000001,0.575,0.5986394557823129,0.4714285714285714,0.6165136054421769,0.10511621426018615,918
0.0036071300506591796,0.0007413246166078073,0.0029019832611083983,0.00019881778918934067,0.1,2000,"{1: 3.5, 0: 1}",0.0027825594022071257,sigmoid,"{'C': np.float64(0.1), 'cache_size': 2000, 'class_weight': {1: 3.5, 0: 1}, 'gamma': np.float64(0.0027825594022071257), 'kernel': 'sigmoid'}",0.5874999999999999,0.80625,0.53125,0.6054421768707483,0.55,0.6160884353741496,0.09864816625275055,919
0.0027041912078857424,0.0005102585257673025,0.003917264938354492,0.0004987234663055651,0.2782559402207124,2000,"{1: 3.5, 0: 1}",0.001,sigmoid,"{'C': np.float64(0.2782559402207124), 'cache_size': 2000, 'class_weight': {1: 3.5, 0: 1}, 'gamma': np.float64(0.001), 'kernel': 'sigmoid'}",0.5874999999999999,0.80625,0.53125,0.6054421768707483,0.55,0.6160884353741496,0.09864816625275055,919
0.0028064727783203127,0.0002395454669121187,0.0029055595397949217,0.00020049652457855435,0.1,2000,"{1: 3.5, 0: 1}",0.001,sigmoid,"{'C': np.float64(0.1), 'cache_size': 2000, 'class_weight': {1: 3.5, 0: 1}, 'gamma': np.float64(0.001), 'kernel': 'sigmoid'}",0.5874999999999999,0.80625,0.53125,0.6054421768707483,0.55,0.6160884353741496,0.09864816625275055,919
0.004707193374633789,0.0006081878337204221,0.003213357925415039,0.0008816116270108252,359.38136638046257,2000,"{1: 2, 0: 1}",3.593813663804626,poly,"{'C': np.float64(359.38136638046257), 'cache_size': 2000, 'class_weight': {1: 2, 0: 1}, 'gamma': np.float64(3.593813663804626), 'kernel': 'poly'}",0.7375,0.7875000000000001,0.8062500000000001,0.33333333333333337,0.41428571428571426,0.6157738095238096,0.20047862938229172,922
0.014323854446411132,0.00968038487230179,0.006417465209960937,0.0016304527012193097,16.68100537200059,2000,"{1: 2, 0: 1}",10.0,poly,"{'C': np.float64(16.68100537200059), 'cache_size': 2000, 'class_weight': {1: 2, 0: 1}, 'gamma': np.float64(10.0), 'kernel': 'poly'}",0.7375,0.7875000000000001,0.8062500000000001,0.33333333333333337,0.41428571428571426,0.6157738095238096,0.20047862938229172,922
0.004107284545898438,0.0008676172500932139,0.007414627075195313,0.007368886025457145,1000.0,2000,"{1: 3.5, 0: 1}",0.05994842503189409,rbf,"{'C': np.float64(1000.0), 'cache_size': 2000, 'class_weight': {1: 3.5, 0: 1}, 'gamma': np.float64(0.05994842503189409), 'kernel': 'rbf'}",0.66875,0.6625000000000001,0.69375,0.6394557823129251,0.41428571428571426,0.6157482993197279,0.10220409484846837,924
0.0037078380584716795,0.0006847682331302738,0.0043068408966064455,0.0013985349289385477,46.41588833612777,2000,"{1: 3, 0: 1}",0.021544346900318832,linear,"{'C': np.float64(46.41588833612777), 'cache_size': 2000, 'class_weight': {1: 3, 0: 1}, 'gamma': np.float64(0.021544346900318832), 'kernel': 'linear'}",0.60625,0.7374999999999999,0.61875,0.6938775510204082,0.4214285714285714,0.6155612244897959,0.10843142178309849,925
0.004407358169555664,0.001601587678278254,0.0032030582427978516,0.0002478908766846879,46.41588833612777,2000,"{1: 3, 0: 1}",0.001,linear,"{'C': np.float64(46.41588833612777), 'cache_size': 2000, 'class_weight': {1: 3, 0: 1}, 'gamma': np.float64(0.001), 'kernel': 'linear'}",0.60625,0.7374999999999999,0.61875,0.6938775510204082,0.4214285714285714,0.6155612244897959,0.10843142178309849,925
0.00381011962890625,0.0003976884905455518,0.003706502914428711,0.0008696214758307822,46.41588833612777,2000,"{1: 3, 0: 1}",3.593813663804626,linear,"{'C': np.float64(46.41588833612777), 'cache_size': 2000, 'class_weight': {1: 3, 0: 1}, 'gamma': np.float64(3.593813663804626), 'kernel': 'linear'}",0.60625,0.7374999999999999,0.61875,0.6938775510204082,0.4214285714285714,0.6155612244897959,0.10843142178309849,925
0.003203582763671875,0.0002485326958921668,0.0034060955047607424,0.0005921983939834426,46.41588833612777,2000,"{1: 3, 0: 1}",1.2915496650148828,linear,"{'C': np.float64(46.41588833612777), 'cache_size': 2000, 'class_weight': {1: 3, 0: 1}, 'gamma': np.float64(1.2915496650148828), 'kernel': 'linear'}",0.60625,0.7374999999999999,0.61875,0.6938775510204082,0.4214285714285714,0.6155612244897959,0.10843142178309849,925
0.0030030727386474608,0.000707970269570493,0.00361175537109375,0.0005888934347791879,46.41588833612777,2000,"{1: 3, 0: 1}",0.46415888336127775,linear,"{'C': np.float64(46.41588833612777), 'cache_size': 2000, 'class_weight': {1: 3, 0: 1}, 'gamma': np.float64(0.46415888336127775), 'kernel': 'linear'}",0.60625,0.7374999999999999,0.61875,0.6938775510204082,0.4214285714285714,0.6155612244897959,0.10843142178309849,925
0.0032170772552490234,0.0006864005651955649,0.00340418815612793,0.0007363429789412891,46.41588833612777,2000,"{1: 3, 0: 1}",10.0,linear,"{'C': np.float64(46.41588833612777), 'cache_size': 2000, 'class_weight': {1: 3, 0: 1}, 'gamma': np.float64(10.0), 'kernel': 'linear'}",0.60625,0.7374999999999999,0.61875,0.6938775510204082,0.4214285714285714,0.6155612244897959,0.10843142178309849,925
0.0039138317108154295,0.0006814480878917828,0.005913782119750977,0.002156816197823827,46.41588833612777,2000,"{1: 3, 0: 1}",0.0027825594022071257,linear,"{'C': np.float64(46.41588833612777), 'cache_size': 2000, 'class_weight': {1: 3, 0: 1}, 'gamma': np.float64(0.0027825594022071257), 'kernel': 'linear'}",0.60625,0.7374999999999999,0.61875,0.6938775510204082,0.4214285714285714,0.6155612244897959,0.10843142178309849,925
0.0034053802490234377,0.0004872596473157887,0.003907489776611328,0.0005879082210835097,46.41588833612777,2000,"{1: 3, 0: 1}",0.007742636826811269,linear,"{'C': np.float64(46.41588833612777), 'cache_size': 2000, 'class_weight': {1: 3, 0: 1}, 'gamma': np.float64(0.007742636826811269), 'kernel': 'linear'}",0.60625,0.7374999999999999,0.61875,0.6938775510204082,0.4214285714285714,0.6155612244897959,0.10843142178309849,925
0.003505897521972656,0.000630881751562736,0.004109048843383789,0.0008683509522793848,46.41588833612777,2000,"{1: 3, 0: 1}",0.05994842503189409,linear,"{'C': np.float64(46.41588833612777), 'cache_size': 2000, 'class_weight': {1: 3, 0: 1}, 'gamma': np.float64(0.05994842503189409), 'kernel': 'linear'}",0.60625,0.7374999999999999,0.61875,0.6938775510204082,0.4214285714285714,0.6155612244897959,0.10843142178309849,925
0.0032067298889160156,0.00025000258888872975,0.0031060695648193358,0.00019937561195311127,46.41588833612777,2000,"{1: 3, 0: 1}",0.1668100537200059,linear,"{'C': np.float64(46.41588833612777), 'cache_size': 2000, 'class_weight': {1: 3, 0: 1}, 'gamma': np.float64(0.1668100537200059), 'kernel': 'linear'}",0.60625,0.7374999999999999,0.61875,0.6938775510204082,0.4214285714285714,0.6155612244897959,0.10843142178309849,925
0.0047113895416259766,0.0015740353928900296,0.00510716438293457,0.0011635130835293567,1000.0,2000,"{1: 2, 0: 1}",0.0027825594022071257,rbf,"{'C': np.float64(1000.0), 'cache_size': 2000, 'class_weight': {1: 2, 0: 1}, 'gamma': np.float64(0.0027825594022071257), 'kernel': 'rbf'}",0.55625,0.79375,0.6499999999999999,0.5986394557823129,0.4785714285714286,0.6154421768707483,0.10536372232150357,935
0.004105377197265625,0.0013612887747376891,0.007425069808959961,0.006626101465227777,359.38136638046257,2000,"{1: 2, 0: 1}",0.007742636826811269,rbf,"{'C': np.float64(359.38136638046257), 'cache_size': 2000, 'class_weight': {1: 2, 0: 1}, 'gamma': np.float64(0.007742636826811269), 'kernel': 'rbf'}",0.55625,0.79375,0.6499999999999999,0.5986394557823129,0.4785714285714286,0.6154421768707483,0.10536372232150357,935
0.0028027057647705077,0.0005106373765086369,0.0033064365386962892,0.0004022246614915106,129.15496650148827,2000,"{1: 3.5, 0: 1}",0.46415888336127775,sigmoid,"{'C': np.float64(129.15496650148827), 'cache_size': 2000, 'class_weight': {1: 3.5, 0: 1}, 'gamma': np.float64(0.46415888336127775), 'kernel': 'sigmoid'}",0.6250000000000001,0.7500000000000001,0.65,0.6734693877551021,0.37857142857142856,0.6154081632653062,0.1255916443924164,937
0.003505563735961914,0.0010091785333755665,0.0032032012939453127,0.00024816386916133386,5.994842503189409,2000,"{1: 2, 0: 1}",10.0,linear,"{'C': np.float64(5.994842503189409), 'cache_size': 2000, 'class_weight': {1: 2, 0: 1}, 'gamma': np.float64(10.0), 'kernel': 'linear'}",0.5687500000000001,0.7999999999999999,0.6499999999999999,0.5850340136054422,0.4714285714285714,0.6150425170068028,0.10871961083830302,938
0.0034075260162353517,0.000581443886460879,0.004006195068359375,0.0007097712594623999,5.994842503189409,2000,"{1: 2, 0: 1}",3.593813663804626,linear,"{'C': np.float64(5.994842503189409), 'cache_size': 2000, 'class_weight': {1: 2, 0: 1}, 'gamma': np.float64(3.593813663804626), 'kernel': 'linear'}",0.5687500000000001,0.7999999999999999,0.6499999999999999,0.5850340136054422,0.4714285714285714,0.6150425170068028,0.10871961083830302,938
0.0027092933654785157,0.0004005529084621627,0.0030027389526367187,0.0005466419379200262,5.994842503189409,2000,"{1: 2, 0: 1}",0.021544346900318832,linear,"{'C': np.float64(5.994842503189409), 'cache_size': 2000, 'class_weight': {1: 2, 0: 1}, 'gamma': np.float64(0.021544346900318832), 'kernel': 'linear'}",0.5687500000000001,0.7999999999999999,0.6499999999999999,0.5850340136054422,0.4714285714285714,0.6150425170068028,0.10871961083830302,938
0.0038079738616943358,0.0006841699260057221,0.003609895706176758,0.0009684193133126582,5.994842503189409,2000,"{1: 2, 0: 1}",0.05994842503189409,linear,"{'C': np.float64(5.994842503189409), 'cache_size': 2000, 'class_weight': {1: 2, 0: 1}, 'gamma': np.float64(0.05994842503189409), 'kernel': 'linear'}",0.5687500000000001,0.7999999999999999,0.6499999999999999,0.5850340136054422,0.4714285714285714,0.6150425170068028,0.10871961083830302,938
0.0051098823547363285,0.0044975303046469305,0.004205465316772461,0.0011640307237838691,5.994842503189409,2000,"{1: 2, 0: 1}",1.2915496650148828,linear,"{'C': np.float64(5.994842503189409), 'cache_size': 2000, 'class_weight': {1: 2, 0: 1}, 'gamma': np.float64(1.2915496650148828), 'kernel': 'linear'}",0.5687500000000001,0.7999999999999999,0.6499999999999999,0.5850340136054422,0.4714285714285714,0.6150425170068028,0.10871961083830302,938
0.003003215789794922,0.00031584026832890316,0.0032063961029052735,0.0005055773900747958,5.994842503189409,2000,"{1: 2, 0: 1}",0.46415888336127775,linear,"{'C': np.float64(5.994842503189409), 'cache_size': 2000, 'class_weight': {1: 2, 0: 1}, 'gamma': np.float64(0.46415888336127775), 'kernel': 'linear'}",0.5687500000000001,0.7999999999999999,0.6499999999999999,0.5850340136054422,0.4714285714285714,0.6150425170068028,0.10871961083830302,938
0.0036077022552490233,0.001985912007133878,0.003206777572631836,0.00025214797246907275,5.994842503189409,2000,"{1: 2, 0: 1}",0.1668100537200059,linear,"{'C': np.float64(5.994842503189409), 'cache_size': 2000, 'class_weight': {1: 2, 0: 1}, 'gamma': np.float64(0.1668100537200059), 'kernel': 'linear'}",0.5687500000000001,0.7999999999999999,0.6499999999999999,0.5850340136054422,0.4714285714285714,0.6150425170068028,0.10871961083830302,938
0.0029020309448242188,0.0006633648451932989,0.004112863540649414,0.001166696532130406,5.994842503189409,2000,"{1: 2, 0: 1}",0.007742636826811269,linear,"{'C': np.float64(5.994842503189409), 'cache_size': 2000, 'class_weight': {1: 2, 0: 1}, 'gamma': np.float64(0.007742636826811269), 'kernel': 'linear'}",0.5687500000000001,0.7999999999999999,0.6499999999999999,0.5850340136054422,0.4714285714285714,0.6150425170068028,0.10871961083830302,938
0.0037024974822998046,0.000747987026950411,0.0034080982208251954,0.0006654350887711249,5.994842503189409,2000,"{1: 2, 0: 1}",0.001,linear,"{'C': np.float64(5.994842503189409), 'cache_size': 2000, 'class_weight': {1: 2, 0: 1}, 'gamma': np.float64(0.001), 'kernel': 'linear'}",0.5687500000000001,0.7999999999999999,0.6499999999999999,0.5850340136054422,0.4714285714285714,0.6150425170068028,0.10871961083830302,938
0.00341181755065918,0.0006641249282743596,0.005002641677856445,0.0014145841491136314,5.994842503189409,2000,"{1: 2, 0: 1}",0.0027825594022071257,linear,"{'C': np.float64(5.994842503189409), 'cache_size': 2000, 'class_weight': {1: 2, 0: 1}, 'gamma': np.float64(0.0027825594022071257), 'kernel': 'linear'}",0.5687500000000001,0.7999999999999999,0.6499999999999999,0.5850340136054422,0.4714285714285714,0.6150425170068028,0.10871961083830302,938
0.0032054424285888673,0.00039863394207468163,0.003605031967163086,0.0004908318742409117,1000.0,2000,balanced,0.05994842503189409,sigmoid,"{'C': np.float64(1000.0), 'cache_size': 2000, 'class_weight': 'balanced', 'gamma': np.float64(0.05994842503189409), 'kernel': 'sigmoid'}",0.6000000000000001,0.7124999999999999,0.7,0.6462585034013606,0.41428571428571426,0.614608843537415,0.10790625886184514,948
0.004719734191894531,0.0009255069355961348,0.004106330871582031,0.0011196684316232342,129.15496650148827,2000,balanced,0.021544346900318832,rbf,"{'C': np.float64(129.15496650148827), 'cache_size': 2000, 'class_weight': 'balanced', 'gamma': np.float64(0.021544346900318832), 'kernel': 'rbf'}",0.6,0.84375,0.59375,0.5782312925170069,0.45714285714285713,0.6145748299319729,0.12591507975858696,949
0.008617830276489259,0.005624930688994769,0.005712747573852539,0.0015085399579352957,46.41588833612777,2000,"{1: 2, 0: 1}",0.05994842503189409,rbf,"{'C': np.float64(46.41588833612777), 'cache_size': 2000, 'class_weight': {1: 2, 0: 1}, 'gamma': np.float64(0.05994842503189409), 'kernel': 'rbf'}",0.55,0.7875,0.6499999999999999,0.5986394557823129,0.4857142857142857,0.6143707482993197,0.10216333347826134,950
0.003807258605957031,0.0015730320397198104,0.005113840103149414,0.0012482097443165137,16.68100537200059,2000,"{1: 2, 0: 1}",0.1668100537200059,rbf,"{'C': np.float64(16.68100537200059), 'cache_size': 2000, 'class_weight': {1: 2, 0: 1}, 'gamma': np.float64(0.1668100537200059), 'kernel': 'rbf'}",0.5249999999999999,0.7625,0.6499999999999999,0.6054421768707482,0.5285714285714285,0.6143027210884353,0.08790912233977903,951
0.006109714508056641,0.004092372052559258,0.004508256912231445,0.001047178314848033,359.38136638046257,2000,balanced,1.2915496650148828,poly,"{'C': np.float64(359.38136638046257), 'cache_size': 2000, 'class_weight': 'balanced', 'gamma': np.float64(1.2915496650148828), 'kernel': 'poly'}",0.65,0.7375,0.68125,0.5238095238095238,0.47857142857142854,0.6142261904761905,0.09751489798383728,952
0.004159402847290039,0.0007059243006672333,0.0040038108825683595,0.0010496012041190104,16.68100537200059,2000,balanced,3.593813663804626,poly,"{'C': np.float64(16.68100537200059), 'cache_size': 2000, 'class_weight': 'balanced', 'gamma': np.float64(3.593813663804626), 'kernel': 'poly'}",0.65,0.7375,0.68125,0.5238095238095238,0.47857142857142854,0.6142261904761905,0.09751489798383728,952
0.0037111759185791014,0.0006828893038401118,0.0033025264739990233,0.0004002241271478126,0.774263682681127,2000,balanced,10.0,poly,"{'C': np.float64(0.774263682681127), 'cache_size': 2000, 'class_weight': 'balanced', 'gamma': np.float64(10.0), 'kernel': 'poly'}",0.65,0.7375,0.68125,0.5238095238095238,0.47857142857142854,0.6142261904761905,0.09751489798383728,952
0.0030183792114257812,0.0006147203885142269,0.0035449504852294923,0.0007983969574705417,129.15496650148827,2000,"{1: 2, 0: 1}",0.021544346900318832,rbf,"{'C': np.float64(129.15496650148827), 'cache_size': 2000, 'class_weight': {1: 2, 0: 1}, 'gamma': np.float64(0.021544346900318832), 'kernel': 'rbf'}",0.55,0.79375,0.6499999999999999,0.5986394557823129,0.4785714285714286,0.6141921768707483,0.10609309319470227,955
0.0062047004699707035,0.0038850346211440133,0.00521540641784668,0.0020472721431314803,2.1544346900318834,2000,balanced,1.2915496650148828,sigmoid,"{'C': np.float64(2.1544346900318834), 'cache_size': 2000, 'class_weight': 'balanced', 'gamma': np.float64(1.2915496650148828), 'kernel': 'sigmoid'}",0.51875,0.8375,0.54375,0.5850340136054422,0.5857142857142856,0.6141496598639457,0.11454158459711336,956
0.003907394409179687,0.00037190869447676494,0.0033056259155273436,0.0005953127999877256,1000.0,2000,"{1: 3, 0: 1}",0.05994842503189409,rbf,"{'C': np.float64(1000.0), 'cache_size': 2000, 'class_weight': {1: 3, 0: 1}, 'gamma': np.float64(0.05994842503189409), 'kernel': 'rbf'}",0.6499999999999999,0.64375,0.7250000000000001,0.6938775510204082,0.35714285714285715,0.613954081632653,0.13180141649562824,957
0.0039080619812011715,0.0007331106925477227,0.003810214996337891,0.0005137646860334432,46.41588833612777,2000,balanced,0.05994842503189409,rbf,"{'C': np.float64(46.41588833612777), 'cache_size': 2000, 'class_weight': 'balanced', 'gamma': np.float64(0.05994842503189409), 'kernel': 'rbf'}",0.5875,0.84375,0.58125,0.5782312925170069,0.47857142857142854,0.6138605442176871,0.12180318235137495,958
0.0038086414337158204,0.0012063459679155302,0.003607320785522461,0.0007388972103057905,129.15496650148827,2000,"{1: 3, 0: 1}",0.1668100537200059,sigmoid,"{'C': np.float64(129.15496650148827), 'cache_size': 2000, 'class_weight': {1: 3, 0: 1}, 'gamma': np.float64(0.1668100537200059), 'kernel': 'sigmoid'}",0.59375,0.7750000000000001,0.6375,0.6190476190476191,0.44285714285714284,0.6136309523809524,0.10601696800828132,959
0.003209352493286133,0.0005072916321481919,0.003502178192138672,0.00044739629500913856,1000.0,2000,"{1: 3, 0: 1}",0.0027825594022071257,sigmoid,"{'C': np.float64(1000.0), 'cache_size': 2000, 'class_weight': {1: 3, 0: 1}, 'gamma': np.float64(0.0027825594022071257), 'kernel': 'sigmoid'}",0.6125,0.84375,0.575,0.564625850340136,0.47142857142857136,0.6134608843537415,0.12415416076083187,960
0.003603506088256836,0.0005846174737553099,0.004411029815673828,0.001156972297807592,129.15496650148827,2000,"{1: 3, 0: 1}",0.021544346900318832,sigmoid,"{'C': np.float64(129.15496650148827), 'cache_size': 2000, 'class_weight': {1: 3, 0: 1}, 'gamma': np.float64(0.021544346900318832), 'kernel': 'sigmoid'}",0.6125,0.84375,0.575,0.564625850340136,0.47142857142857136,0.6134608843537415,0.12415416076083187,960
0.003210020065307617,0.00024781614762621896,0.0030071258544921873,0.0005528944717878425,46.41588833612777,2000,"{1: 3, 0: 1}",0.05994842503189409,sigmoid,"{'C': np.float64(46.41588833612777), 'cache_size': 2000, 'class_weight': {1: 3, 0: 1}, 'gamma': np.float64(0.05994842503189409), 'kernel': 'sigmoid'}",0.6125,0.84375,0.575,0.564625850340136,0.47142857142857136,0.6134608843537415,0.12415416076083187,960
0.002904319763183594,0.0003737660499654095,0.0030077457427978515,8.786751688394516e-06,359.38136638046257,2000,"{1: 3, 0: 1}",0.007742636826811269,sigmoid,"{'C': np.float64(359.38136638046257), 'cache_size': 2000, 'class_weight': {1: 3, 0: 1}, 'gamma': np.float64(0.007742636826811269), 'kernel': 'sigmoid'}",0.6125,0.84375,0.575,0.564625850340136,0.47142857142857136,0.6134608843537415,0.12415416076083187,960
0.004401206970214844,0.00101964631798431,0.004410791397094727,0.001435052771364227,1000.0,2000,balanced,0.0027825594022071257,rbf,"{'C': np.float64(1000.0), 'cache_size': 2000, 'class_weight': 'balanced', 'gamma': np.float64(0.0027825594022071257), 'kernel': 'rbf'}",0.6,0.84375,0.5874999999999999,0.5782312925170069,0.45714285714285713,0.6133248299319728,0.1261464204226234,964
0.0038066387176513674,0.0006762934430218783,0.0033103466033935548,0.0006803743869420719,2.1544346900318834,2000,"{1: 2, 0: 1}",0.001,sigmoid,"{'C': np.float64(2.1544346900318834), 'cache_size': 2000, 'class_weight': {1: 2, 0: 1}, 'gamma': np.float64(0.001), 'kernel': 'sigmoid'}",0.51875,0.69375,0.58125,0.5442176870748299,0.7285714285714285,0.6133078231292517,0.08306500514414275,965
0.002905130386352539,0.0004956735218282533,0.0034038543701171873,0.0005864145504127074,0.1,2000,"{1: 2, 0: 1}",0.021544346900318832,sigmoid,"{'C': np.float64(0.1), 'cache_size': 2000, 'class_weight': {1: 2, 0: 1}, 'gamma': np.float64(0.021544346900318832), 'kernel': 'sigmoid'}",0.51875,0.69375,0.58125,0.5442176870748299,0.7285714285714285,0.6133078231292517,0.08306500514414275,965
0.004409933090209961,0.0016274434717517105,0.003906822204589844,0.0010185149791567174,0.774263682681127,2000,"{1: 2, 0: 1}",0.0027825594022071257,sigmoid,"{'C': np.float64(0.774263682681127), 'cache_size': 2000, 'class_weight': {1: 2, 0: 1}, 'gamma': np.float64(0.0027825594022071257), 'kernel': 'sigmoid'}",0.51875,0.69375,0.58125,0.5442176870748299,0.7285714285714285,0.6133078231292517,0.08306500514414275,965
0.003105640411376953,0.00019982993151085164,0.0037045955657958986,0.0005094124673767362,0.2782559402207124,2000,"{1: 2, 0: 1}",0.007742636826811269,sigmoid,"{'C': np.float64(0.2782559402207124), 'cache_size': 2000, 'class_weight': {1: 2, 0: 1}, 'gamma': np.float64(0.007742636826811269), 'kernel': 'sigmoid'}",0.51875,0.69375,0.58125,0.5442176870748299,0.7285714285714285,0.6133078231292517,0.08306500514414275,965
0.0038114070892333986,0.0018698145958657834,0.003207540512084961,0.0005026692072437514,359.38136638046257,2000,"{1: 2, 0: 1}",0.05994842503189409,rbf,"{'C': np.float64(359.38136638046257), 'cache_size': 2000, 'class_weight': {1: 2, 0: 1}, 'gamma': np.float64(0.05994842503189409), 'kernel': 'rbf'}",0.575,0.66875,0.7125,0.6666666666666667,0.44285714285714284,0.6131547619047619,0.09620903875583624,969
0.0031099796295166017,0.00048332620813215746,0.0031017780303955076,0.0006643072986251228,0.1,2000,"{1: 2, 0: 1}",0.021544346900318832,rbf,"{'C': np.float64(0.1), 'cache_size': 2000, 'class_weight': {1: 2, 0: 1}, 'gamma': np.float64(0.021544346900318832), 'kernel': 'rbf'}",0.5249999999999999,0.7,0.5625,0.5782312925170069,0.7,0.6131462585034013,0.07299452864741145,970
0.00540766716003418,0.004069073168201168,0.003806591033935547,0.0005100344621003401,359.38136638046257,2000,"{1: 3, 0: 1}",0.021544346900318832,rbf,"{'C': np.float64(359.38136638046257), 'cache_size': 2000, 'class_weight': {1: 3, 0: 1}, 'gamma': np.float64(0.021544346900318832), 'kernel': 'rbf'}",0.6,0.7999999999999999,0.63125,0.5986394557823129,0.43571428571428567,0.6131207482993196,0.11585114528502953,971
0.004812049865722656,0.0006747008612679918,0.0029039859771728517,0.000373552458483558,16.68100537200059,2000,"{1: 3, 0: 1}",10.0,poly,"{'C': np.float64(16.68100537200059), 'cache_size': 2000, 'class_weight': {1: 3, 0: 1}, 'gamma': np.float64(10.0), 'kernel': 'poly'}",0.7625,0.7374999999999999,0.8375,0.3129251700680272,0.4142857142857142,0.6129421768707483,0.20870218215824662,972
0.0039026737213134766,0.0004919301121382865,0.003311491012573242,0.00025324590280059706,359.38136638046257,2000,"{1: 3, 0: 1}",3.593813663804626,poly,"{'C': np.float64(359.38136638046257), 'cache_size': 2000, 'class_weight': {1: 3, 0: 1}, 'gamma': np.float64(3.593813663804626), 'kernel': 'poly'}",0.7625,0.7374999999999999,0.8375,0.3129251700680272,0.4142857142857142,0.6129421768707483,0.20870218215824662,972
0.0036066532135009765,0.0005898273382828181,0.003407716751098633,0.00037514994853937717,16.68100537200059,2000,"{1: 3.5, 0: 1}",10.0,rbf,"{'C': np.float64(16.68100537200059), 'cache_size': 2000, 'class_weight': {1: 3.5, 0: 1}, 'gamma': np.float64(10.0), 'kernel': 'rbf'}",0.80625,0.775,0.6875,0.3741496598639456,0.4214285714285715,0.6128656462585035,0.18049311315026265,974
0.004007196426391602,0.000552920198516774,0.0042078495025634766,0.000681877803135259,129.15496650148827,2000,"{1: 3.5, 0: 1}",3.593813663804626,rbf,"{'C': np.float64(129.15496650148827), 'cache_size': 2000, 'class_weight': {1: 3.5, 0: 1}, 'gamma': np.float64(3.593813663804626), 'kernel': 'rbf'}",0.85,0.8000000000000002,0.59375,0.30612244897959184,0.5142857142857142,0.6128316326530613,0.19770015795974838,975
0.00400691032409668,0.001304640341149536,0.0034038543701171873,0.0003755650524293219,2.1544346900318834,2000,"{1: 3, 0: 1}",1.2915496650148828,sigmoid,"{'C': np.float64(2.1544346900318834), 'cache_size': 2000, 'class_weight': {1: 3, 0: 1}, 'gamma': np.float64(1.2915496650148828), 'kernel': 'sigmoid'}",0.6000000000000001,0.8375,0.575,0.5714285714285714,0.4785714285714286,0.6125,0.11984258382544656,976
0.003708505630493164,0.00040074126705800703,0.003003358840942383,0.0005499055347425091,359.38136638046257,2000,balanced,0.007742636826811269,rbf,"{'C': np.float64(359.38136638046257), 'cache_size': 2000, 'class_weight': 'balanced', 'gamma': np.float64(0.007742636826811269), 'kernel': 'rbf'}",0.6,0.84375,0.58125,0.5782312925170069,0.45714285714285713,0.6120748299319729,0.1264267830021439,977
0.0026096343994140626,0.0005925737804638418,0.0028174400329589845,0.0006875850190596812,5.994842503189409,2000,"{1: 3, 0: 1}",0.46415888336127775,sigmoid,"{'C': np.float64(5.994842503189409), 'cache_size': 2000, 'class_weight': {1: 3, 0: 1}, 'gamma': np.float64(0.46415888336127775), 'kernel': 'sigmoid'}",0.6125,0.84375,0.575,0.564625850340136,0.46428571428571425,0.6120323129251701,0.12581027584378884,978
0.003810262680053711,0.0006764246547198816,0.005506038665771484,0.0011000548702621224,1000.0,2000,"{1: 3.5, 0: 1}",0.007742636826811269,rbf,"{'C': np.float64(1000.0), 'cache_size': 2000, 'class_weight': {1: 3.5, 0: 1}, 'gamma': np.float64(0.007742636826811269), 'kernel': 'rbf'}",0.64375,0.7937500000000001,0.59375,0.5714285714285714,0.4571428571428571,0.6119642857142857,0.10954538477969131,979
0.003307533264160156,0.0006854829682323212,0.007514429092407226,0.004887360305926591,46.41588833612777,2000,"{1: 2, 0: 1}",0.1668100537200059,rbf,"{'C': np.float64(46.41588833612777), 'cache_size': 2000, 'class_weight': {1: 2, 0: 1}, 'gamma': np.float64(0.1668100537200059), 'kernel': 'rbf'}",0.58125,0.69375,0.76875,0.5782312925170068,0.43571428571428567,0.6115391156462585,0.11350339562705501,980
0.004201364517211914,0.0011664740944930766,0.005914306640625,0.004295040676097708,16.68100537200059,2000,"{1: 3, 0: 1}",0.007742636826811269,linear,"{'C': np.float64(16.68100537200059), 'cache_size': 2000, 'class_weight': {1: 3, 0: 1}, 'gamma': np.float64(0.007742636826811269), 'kernel': 'linear'}",0.5874999999999999,0.7875000000000001,0.625,0.6054421768707483,0.45,0.6110884353741497,0.10756611947435779,981
0.0030031681060791017,0.0003156855165269616,0.0033109188079833984,0.0006073203477248386,16.68100537200059,2000,"{1: 3, 0: 1}",0.021544346900318832,linear,"{'C': np.float64(16.68100537200059), 'cache_size': 2000, 'class_weight': {1: 3, 0: 1}, 'gamma': np.float64(0.021544346900318832), 'kernel': 'linear'}",0.5874999999999999,0.7875000000000001,0.625,0.6054421768707483,0.45,0.6110884353741497,0.10756611947435779,981
0.003410530090332031,0.000866099932410383,0.00360722541809082,0.0010760542896487513,16.68100537200059,2000,"{1: 3, 0: 1}",0.0027825594022071257,linear,"{'C': np.float64(16.68100537200059), 'cache_size': 2000, 'class_weight': {1: 3, 0: 1}, 'gamma': np.float64(0.0027825594022071257), 'kernel': 'linear'}",0.5874999999999999,0.7875000000000001,0.625,0.6054421768707483,0.45,0.6110884353741497,0.10756611947435779,981
0.0035028457641601562,0.000631846696714679,0.00330657958984375,0.0004094116565032331,16.68100537200059,2000,"{1: 3, 0: 1}",0.001,linear,"{'C': np.float64(16.68100537200059), 'cache_size': 2000, 'class_weight': {1: 3, 0: 1}, 'gamma': np.float64(0.001), 'kernel': 'linear'}",0.5874999999999999,0.7875000000000001,0.625,0.6054421768707483,0.45,0.6110884353741497,0.10756611947435779,981
0.002910947799682617,0.0008552009573234017,0.003305959701538086,0.0009806463715330267,16.68100537200059,2000,"{1: 3, 0: 1}",1.2915496650148828,linear,"{'C': np.float64(16.68100537200059), 'cache_size': 2000, 'class_weight': {1: 3, 0: 1}, 'gamma': np.float64(1.2915496650148828), 'kernel': 'linear'}",0.5874999999999999,0.7875000000000001,0.625,0.6054421768707483,0.45,0.6110884353741497,0.10756611947435779,981
0.003108978271484375,0.00020777125203271386,0.0034034252166748047,0.0003756366846572226,16.68100537200059,2000,"{1: 3, 0: 1}",0.05994842503189409,linear,"{'C': np.float64(16.68100537200059), 'cache_size': 2000, 'class_weight': {1: 3, 0: 1}, 'gamma': np.float64(0.05994842503189409), 'kernel': 'linear'}",0.5874999999999999,0.7875000000000001,0.625,0.6054421768707483,0.45,0.6110884353741497,0.10756611947435779,981
0.0034069061279296876,0.0011608565272279193,0.003406190872192383,0.001067692304649884,16.68100537200059,2000,"{1: 3, 0: 1}",0.1668100537200059,linear,"{'C': np.float64(16.68100537200059), 'cache_size': 2000, 'class_weight': {1: 3, 0: 1}, 'gamma': np.float64(0.1668100537200059), 'kernel': 'linear'}",0.5874999999999999,0.7875000000000001,0.625,0.6054421768707483,0.45,0.6110884353741497,0.10756611947435779,981
0.0033089637756347655,0.0004095985503380471,0.0031023025512695312,0.00020134620513321064,16.68100537200059,2000,"{1: 3, 0: 1}",0.46415888336127775,linear,"{'C': np.float64(16.68100537200059), 'cache_size': 2000, 'class_weight': {1: 3, 0: 1}, 'gamma': np.float64(0.46415888336127775), 'kernel': 'linear'}",0.5874999999999999,0.7875000000000001,0.625,0.6054421768707483,0.45,0.6110884353741497,0.10756611947435779,981
0.011530065536499023,0.011426015979682782,0.005904531478881836,0.0019097499846640604,16.68100537200059,2000,"{1: 3, 0: 1}",10.0,linear,"{'C': np.float64(16.68100537200059), 'cache_size': 2000, 'class_weight': {1: 3, 0: 1}, 'gamma': np.float64(10.0), 'kernel': 'linear'}",0.5874999999999999,0.7875000000000001,0.625,0.6054421768707483,0.45,0.6110884353741497,0.10756611947435779,981
0.005514192581176758,0.001937123247975491,0.006211566925048828,0.003728587572459984,16.68100537200059,2000,"{1: 3, 0: 1}",3.593813663804626,linear,"{'C': np.float64(16.68100537200059), 'cache_size': 2000, 'class_weight': {1: 3, 0: 1}, 'gamma': np.float64(3.593813663804626), 'kernel': 'linear'}",0.5874999999999999,0.7875000000000001,0.625,0.6054421768707483,0.45,0.6110884353741497,0.10756611947435779,981
0.0034035682678222657,0.00037420625318954027,0.0030076980590820314,0.0005445450993139784,16.68100537200059,2000,"{1: 3, 0: 1}",0.1668100537200059,sigmoid,"{'C': np.float64(16.68100537200059), 'cache_size': 2000, 'class_weight': {1: 3, 0: 1}, 'gamma': np.float64(0.1668100537200059), 'kernel': 'sigmoid'}",0.6125,0.84375,0.56875,0.564625850340136,0.46428571428571425,0.61078231292517,0.12620244169667702,991
0.0041107177734375,0.0010632928013423197,0.0028107166290283203,0.0005171298650949977,5.994842503189409,2000,balanced,0.1668100537200059,linear,"{'C': np.float64(5.994842503189409), 'cache_size': 2000, 'class_weight': 'balanced', 'gamma': np.float64(0.1668100537200059), 'kernel': 'linear'}",0.59375,0.84375,0.5874999999999999,0.5714285714285715,0.45714285714285713,0.6107142857142858,0.12669639711063738,992
0.004403352737426758,0.0005824184776107883,0.004111623764038086,0.0009711532824166315,5.994842503189409,2000,balanced,0.46415888336127775,linear,"{'C': np.float64(5.994842503189409), 'cache_size': 2000, 'class_weight': 'balanced', 'gamma': np.float64(0.46415888336127775), 'kernel': 'linear'}",0.59375,0.84375,0.5874999999999999,0.5714285714285715,0.45714285714285713,0.6107142857142858,0.12669639711063738,992
0.0032090663909912108,0.0002547629154201279,0.0027017116546630858,0.0003996743815444283,5.994842503189409,2000,balanced,3.593813663804626,linear,"{'C': np.float64(5.994842503189409), 'cache_size': 2000, 'class_weight': 'balanced', 'gamma': np.float64(3.593813663804626), 'kernel': 'linear'}",0.59375,0.84375,0.5874999999999999,0.5714285714285715,0.45714285714285713,0.6107142857142858,0.12669639711063738,992
0.004107809066772461,0.0005851296843774672,0.0035073280334472655,0.001269739220579436,5.994842503189409,2000,balanced,0.021544346900318832,linear,"{'C': np.float64(5.994842503189409), 'cache_size': 2000, 'class_weight': 'balanced', 'gamma': np.float64(0.021544346900318832), 'kernel': 'linear'}",0.59375,0.84375,0.5874999999999999,0.5714285714285715,0.45714285714285713,0.6107142857142858,0.12669639711063738,992
0.004111480712890625,0.0007408036783463865,0.0033025264739990233,0.0008715876888727973,5.994842503189409,2000,balanced,0.001,linear,"{'C': np.float64(5.994842503189409), 'cache_size': 2000, 'class_weight': 'balanced', 'gamma': np.float64(0.001), 'kernel': 'linear'}",0.59375,0.84375,0.5874999999999999,0.5714285714285715,0.45714285714285713,0.6107142857142858,0.12669639711063738,992
0.0031022071838378907,0.00020187032733396556,0.0029062271118164063,0.0001906888787150248,5.994842503189409,2000,balanced,0.007742636826811269,linear,"{'C': np.float64(5.994842503189409), 'cache_size': 2000, 'class_weight': 'balanced', 'gamma': np.float64(0.007742636826811269), 'kernel': 'linear'}",0.59375,0.84375,0.5874999999999999,0.5714285714285715,0.45714285714285713,0.6107142857142858,0.12669639711063738,992
0.004316473007202148,0.0006827051397377189,0.002702188491821289,0.0003999175964714829,5.994842503189409,2000,balanced,10.0,linear,"{'C': np.float64(5.994842503189409), 'cache_size': 2000, 'class_weight': 'balanced', 'gamma': np.float64(10.0), 'kernel': 'linear'}",0.59375,0.84375,0.5874999999999999,0.5714285714285715,0.45714285714285713,0.6107142857142858,0.12669639711063738,992
0.003114604949951172,0.00019634001457781593,0.0032052993774414062,0.0002445719120678548,5.994842503189409,2000,balanced,1.2915496650148828,linear,"{'C': np.float64(5.994842503189409), 'cache_size': 2000, 'class_weight': 'balanced', 'gamma': np.float64(1.2915496650148828), 'kernel': 'linear'}",0.59375,0.84375,0.5874999999999999,0.5714285714285715,0.45714285714285713,0.6107142857142858,0.12669639711063738,992
0.0033078670501708986,0.0005115748379588982,0.0029072284698486326,0.0006615247222689954,5.994842503189409,2000,balanced,0.0027825594022071257,linear,"{'C': np.float64(5.994842503189409), 'cache_size': 2000, 'class_weight': 'balanced', 'gamma': np.float64(0.0027825594022071257), 'kernel': 'linear'}",0.59375,0.84375,0.5874999999999999,0.5714285714285715,0.45714285714285713,0.6107142857142858,0.12669639711063738,992
0.003406715393066406,0.0003749927995753079,0.003406858444213867,0.000582436525324863,5.994842503189409,2000,balanced,0.05994842503189409,linear,"{'C': np.float64(5.994842503189409), 'cache_size': 2000, 'class_weight': 'balanced', 'gamma': np.float64(0.05994842503189409), 'kernel': 'linear'}",0.59375,0.84375,0.5874999999999999,0.5714285714285715,0.45714285714285713,0.6107142857142858,0.12669639711063738,992
0.003706693649291992,0.0012154398827395397,0.0031067848205566405,0.0004847422372965753,2.1544346900318834,2000,"{1: 3.5, 0: 1}",0.1668100537200059,poly,"{'C': np.float64(2.1544346900318834), 'cache_size': 2000, 'class_weight': {1: 3.5, 0: 1}, 'gamma': np.float64(0.1668100537200059), 'kernel': 'poly'}",0.475,0.7375,0.7250000000000001,0.6122448979591836,0.5,0.6099489795918367,0.1093720956656102,1002
0.003304862976074219,0.0008682706405908227,0.0037162303924560547,0.0005075731201840808,46.41588833612777,2000,"{1: 3.5, 0: 1}",0.05994842503189409,poly,"{'C': np.float64(46.41588833612777), 'cache_size': 2000, 'class_weight': {1: 3.5, 0: 1}, 'gamma': np.float64(0.05994842503189409), 'kernel': 'poly'}",0.475,0.7375,0.7250000000000001,0.6122448979591836,0.5,0.6099489795918367,0.1093720956656102,1002
0.003006315231323242,0.00055210959721184,0.003302764892578125,0.0003996278714841925,0.1,2000,"{1: 3.5, 0: 1}",0.46415888336127775,poly,"{'C': np.float64(0.1), 'cache_size': 2000, 'class_weight': {1: 3.5, 0: 1}, 'gamma': np.float64(0.46415888336127775), 'kernel': 'poly'}",0.475,0.7375,0.7250000000000001,0.6122448979591836,0.5,0.6099489795918367,0.1093720956656102,1002
0.0036041259765625,0.00037355775395655095,0.003902149200439453,0.0008010831815790152,1000.0,2000,"{1: 3.5, 0: 1}",0.021544346900318832,poly,"{'C': np.float64(1000.0), 'cache_size': 2000, 'class_weight': {1: 3.5, 0: 1}, 'gamma': np.float64(0.021544346900318832), 'kernel': 'poly'}",0.475,0.7375,0.7250000000000001,0.6122448979591836,0.5,0.6099489795918367,0.1093720956656102,1002
0.0037024497985839845,0.0007481002785733886,0.0038169384002685546,0.0006947757380365482,129.15496650148827,2000,balanced,0.05994842503189409,rbf,"{'C': np.float64(129.15496650148827), 'cache_size': 2000, 'class_weight': 'balanced', 'gamma': np.float64(0.05994842503189409), 'kernel': 'rbf'}",0.6000000000000001,0.81875,0.65,0.564625850340136,0.41428571428571426,0.6095323129251701,0.13087273507802072,1006
0.006308364868164063,0.005873542298364538,0.004007768630981445,0.0009478771728764763,129.15496650148827,2000,"{1: 3, 0: 1}",0.021544346900318832,rbf,"{'C': np.float64(129.15496650148827), 'cache_size': 2000, 'class_weight': {1: 3, 0: 1}, 'gamma': np.float64(0.021544346900318832), 'kernel': 'rbf'}",0.59375,0.8500000000000001,0.5875,0.5442176870748299,0.4714285714285714,0.6093792517006802,0.12798260769952768,1007
0.003102016448974609,0.00020113177861614436,0.0034101009368896484,0.000591276864850434,16.68100537200059,2000,"{1: 3.5, 0: 1}",0.021544346900318832,linear,"{'C': np.float64(16.68100537200059), 'cache_size': 2000, 'class_weight': {1: 3.5, 0: 1}, 'gamma': np.float64(0.021544346900318832), 'kernel': 'linear'}",0.6375,0.7937500000000001,0.5875,0.5918367346938775,0.43571428571428567,0.6092602040816326,0.1146553447691455,1008
0.003410673141479492,0.0008634964115594578,0.0038075923919677736,0.0009359966214309481,16.68100537200059,2000,"{1: 3.5, 0: 1}",0.05994842503189409,linear,"{'C': np.float64(16.68100537200059), 'cache_size': 2000, 'class_weight': {1: 3.5, 0: 1}, 'gamma': np.float64(0.05994842503189409), 'kernel': 'linear'}",0.6375,0.7937500000000001,0.5875,0.5918367346938775,0.43571428571428567,0.6092602040816326,0.1146553447691455,1008
0.003908586502075195,0.0015340717977176837,0.0039058208465576174,0.0006639811875479012,16.68100537200059,2000,"{1: 3.5, 0: 1}",1.2915496650148828,linear,"{'C': np.float64(16.68100537200059), 'cache_size': 2000, 'class_weight': {1: 3.5, 0: 1}, 'gamma': np.float64(1.2915496650148828), 'kernel': 'linear'}",0.6375,0.7937500000000001,0.5875,0.5918367346938775,0.43571428571428567,0.6092602040816326,0.1146553447691455,1008
0.0031055927276611326,0.0008084363949477354,0.0032036304473876953,0.00024878582884998524,16.68100537200059,2000,"{1: 3.5, 0: 1}",0.001,linear,"{'C': np.float64(16.68100537200059), 'cache_size': 2000, 'class_weight': {1: 3.5, 0: 1}, 'gamma': np.float64(0.001), 'kernel': 'linear'}",0.6375,0.7937500000000001,0.5875,0.5918367346938775,0.43571428571428567,0.6092602040816326,0.1146553447691455,1008
0.004902362823486328,0.002109653028764675,0.0063229560852050785,0.0036722795280688175,1000.0,2000,"{1: 3, 0: 1}",0.007742636826811269,rbf,"{'C': np.float64(1000.0), 'cache_size': 2000, 'class_weight': {1: 3, 0: 1}, 'gamma': np.float64(0.007742636826811269), 'kernel': 'rbf'}",0.6,0.7875000000000001,0.63125,0.5918367346938775,0.43571428571428567,0.6092602040816326,0.11203614632845786,1008
0.002905607223510742,0.00019969539401487675,0.0032032489776611327,0.0006788858847355983,16.68100537200059,2000,"{1: 3.5, 0: 1}",10.0,linear,"{'C': np.float64(16.68100537200059), 'cache_size': 2000, 'class_weight': {1: 3.5, 0: 1}, 'gamma': np.float64(10.0), 'kernel': 'linear'}",0.6375,0.7937500000000001,0.5875,0.5918367346938775,0.43571428571428567,0.6092602040816326,0.1146553447691455,1008
0.005608844757080078,0.002812121772004855,0.004812288284301758,0.0024881892355830765,16.68100537200059,2000,"{1: 3.5, 0: 1}",3.593813663804626,linear,"{'C': np.float64(16.68100537200059), 'cache_size': 2000, 'class_weight': {1: 3.5, 0: 1}, 'gamma': np.float64(3.593813663804626), 'kernel': 'linear'}",0.6375,0.7937500000000001,0.5875,0.5918367346938775,0.43571428571428567,0.6092602040816326,0.1146553447691455,1008
0.007314634323120117,0.005077746306538906,0.00691375732421875,0.0028493014014481536,16.68100537200059,2000,"{1: 3.5, 0: 1}",0.007742636826811269,linear,"{'C': np.float64(16.68100537200059), 'cache_size': 2000, 'class_weight': {1: 3.5, 0: 1}, 'gamma': np.float64(0.007742636826811269), 'kernel': 'linear'}",0.6375,0.7937500000000001,0.5875,0.5918367346938775,0.43571428571428567,0.6092602040816326,0.1146553447691455,1008
0.0037045955657958986,0.0006782630933362345,0.0033086299896240234,0.0006021186252845598,16.68100537200059,2000,"{1: 3.5, 0: 1}",0.0027825594022071257,linear,"{'C': np.float64(16.68100537200059), 'cache_size': 2000, 'class_weight': {1: 3.5, 0: 1}, 'gamma': np.float64(0.0027825594022071257), 'kernel': 'linear'}",0.6375,0.7937500000000001,0.5875,0.5918367346938775,0.43571428571428567,0.6092602040816326,0.1146553447691455,1008
0.0039051055908203127,0.0009719684625084807,0.0038071155548095705,0.0008194210694497539,16.68100537200059,2000,"{1: 3.5, 0: 1}",0.46415888336127775,linear,"{'C': np.float64(16.68100537200059), 'cache_size': 2000, 'class_weight': {1: 3.5, 0: 1}, 'gamma': np.float64(0.46415888336127775), 'kernel': 'linear'}",0.6375,0.7937500000000001,0.5875,0.5918367346938775,0.43571428571428567,0.6092602040816326,0.1146553447691455,1008
0.004803609848022461,0.002017109112592626,0.0037125587463378907,0.0014435436492319178,16.68100537200059,2000,"{1: 3.5, 0: 1}",0.1668100537200059,linear,"{'C': np.float64(16.68100537200059), 'cache_size': 2000, 'class_weight': {1: 3.5, 0: 1}, 'gamma': np.float64(0.1668100537200059), 'kernel': 'linear'}",0.6375,0.7937500000000001,0.5875,0.5918367346938775,0.43571428571428567,0.6092602040816326,0.1146553447691455,1008
0.0036069869995117186,0.0005846604486386208,0.0033062458038330077,0.0008791729584274274,0.1,2000,"{1: 2, 0: 1}",1.2915496650148828,rbf,"{'C': np.float64(0.1), 'cache_size': 2000, 'class_weight': {1: 2, 0: 1}, 'gamma': np.float64(1.2915496650148828), 'kernel': 'rbf'}",0.43750000000000006,0.675,0.59375,0.6598639455782312,0.6785714285714285,0.6089370748299319,0.09102540012037244,1019
0.0057085990905761715,0.0009296315611932274,0.004612112045288086,0.0012458657294099648,359.38136638046257,2000,"{1: 3.5, 0: 1}",3.593813663804626,poly,"{'C': np.float64(359.38136638046257), 'cache_size': 2000, 'class_weight': {1: 3.5, 0: 1}, 'gamma': np.float64(3.593813663804626), 'kernel': 'poly'}",0.78125,0.74375,0.8375,0.21768707482993194,0.4642857142857143,0.6088945578231292,0.23414006462145173,1020
0.005406522750854492,0.0022251222700772214,0.004810857772827149,0.0023847479462688354,16.68100537200059,2000,"{1: 3.5, 0: 1}",10.0,poly,"{'C': np.float64(16.68100537200059), 'cache_size': 2000, 'class_weight': {1: 3.5, 0: 1}, 'gamma': np.float64(10.0), 'kernel': 'poly'}",0.78125,0.74375,0.8375,0.21768707482993194,0.4642857142857143,0.6088945578231292,0.23414006462145173,1020
0.0037073612213134764,0.00050927164840291,0.003906869888305664,0.0004927289342288196,0.1,2000,"{1: 2, 0: 1}",0.05994842503189409,sigmoid,"{'C': np.float64(0.1), 'cache_size': 2000, 'class_weight': {1: 2, 0: 1}, 'gamma': np.float64(0.05994842503189409), 'kernel': 'sigmoid'}",0.5249999999999999,0.7374999999999999,0.58125,0.5714285714285715,0.6285714285714286,0.6087499999999999,0.07229474816502854,1022
0.0040076255798339845,0.0005531494244468145,0.0034034252166748047,0.0003743656698015644,129.15496650148827,2000,"{1: 3, 0: 1}",0.46415888336127775,sigmoid,"{'C': np.float64(129.15496650148827), 'cache_size': 2000, 'class_weight': {1: 3, 0: 1}, 'gamma': np.float64(0.46415888336127775), 'kernel': 'sigmoid'}",0.5750000000000001,0.7500000000000001,0.65625,0.6802721088435374,0.37857142857142856,0.6080187074829932,0.12762584993221213,1023
0.0032014369964599608,0.0003997335140441015,0.0036116123199462892,0.0004909805707564962,359.38136638046257,2000,"{1: 3, 0: 1}",0.007742636826811269,rbf,"{'C': np.float64(359.38136638046257), 'cache_size': 2000, 'class_weight': {1: 3, 0: 1}, 'gamma': np.float64(0.007742636826811269), 'kernel': 'rbf'}",0.60625,0.8500000000000001,0.58125,0.5442176870748299,0.45714285714285713,0.6077721088435375,0.1312314187389657,1024
0.004206609725952148,0.0010266333295157603,0.004512166976928711,0.0013122708089664474,16.68100537200059,2000,"{1: 3.5, 0: 1}",0.1668100537200059,rbf,"{'C': np.float64(16.68100537200059), 'cache_size': 2000, 'class_weight': {1: 3.5, 0: 1}, 'gamma': np.float64(0.1668100537200059), 'kernel': 'rbf'}",0.63125,0.84375,0.5625,0.5442176870748299,0.45714285714285713,0.6077721088435375,0.13039530384274486,1024
0.004107952117919922,0.0012415221745410488,0.004216337203979492,0.0012967926856594946,0.2782559402207124,2000,"{1: 2, 0: 1}",0.021544346900318832,sigmoid,"{'C': np.float64(0.2782559402207124), 'cache_size': 2000, 'class_weight': {1: 2, 0: 1}, 'gamma': np.float64(0.021544346900318832), 'kernel': 'sigmoid'}",0.5249999999999999,0.7374999999999999,0.58125,0.5714285714285715,0.6214285714285713,0.6073214285714286,0.07195874668509586,1026
0.003210783004760742,0.0005073559239380783,0.0030034542083740234,0.0003169653053778187,0.774263682681127,2000,"{1: 2, 0: 1}",0.007742636826811269,sigmoid,"{'C': np.float64(0.774263682681127), 'cache_size': 2000, 'class_weight': {1: 2, 0: 1}, 'gamma': np.float64(0.007742636826811269), 'kernel': 'sigmoid'}",0.5249999999999999,0.7374999999999999,0.58125,0.5714285714285715,0.6214285714285713,0.6073214285714286,0.07195874668509586,1026
0.005016231536865234,0.0015902513907230067,0.00861821174621582,0.003213414102184497,5.994842503189409,2000,"{1: 2, 0: 1}",0.001,sigmoid,"{'C': np.float64(5.994842503189409), 'cache_size': 2000, 'class_weight': {1: 2, 0: 1}, 'gamma': np.float64(0.001), 'kernel': 'sigmoid'}",0.5249999999999999,0.7374999999999999,0.58125,0.5714285714285715,0.6214285714285713,0.6073214285714286,0.07195874668509586,1026
0.003601694107055664,0.0013575418864879359,0.005612754821777343,0.0016323831276827173,2.1544346900318834,2000,"{1: 2, 0: 1}",0.0027825594022071257,sigmoid,"{'C': np.float64(2.1544346900318834), 'cache_size': 2000, 'class_weight': {1: 2, 0: 1}, 'gamma': np.float64(0.0027825594022071257), 'kernel': 'sigmoid'}",0.5249999999999999,0.7374999999999999,0.58125,0.5714285714285715,0.6214285714285713,0.6073214285714286,0.07195874668509586,1026
0.003510904312133789,0.0011484527221226823,0.004604244232177734,0.000858365316521311,16.68100537200059,2000,"{1: 3, 0: 1}",0.1668100537200059,rbf,"{'C': np.float64(16.68100537200059), 'cache_size': 2000, 'class_weight': {1: 3, 0: 1}, 'gamma': np.float64(0.1668100537200059), 'kernel': 'rbf'}",0.58125,0.8375,0.5875,0.5510204081632653,0.4785714285714286,0.6071683673469388,0.1214915910041296,1030
0.0031052589416503905,0.00019964116640088954,0.003104877471923828,0.0003752652813742807,359.38136638046257,2000,"{1: 3.5, 0: 1}",0.021544346900318832,rbf,"{'C': np.float64(359.38136638046257), 'cache_size': 2000, 'class_weight': {1: 3.5, 0: 1}, 'gamma': np.float64(0.021544346900318832), 'kernel': 'rbf'}",0.6375,0.7875,0.58125,0.5714285714285714,0.4571428571428571,0.6069642857142856,0.10760673391416298,1031
0.0030102252960205076,0.0003162274384639632,0.003302192687988281,0.0004000572708239586,129.15496650148827,2000,"{1: 3, 0: 1}",0.05994842503189409,sigmoid,"{'C': np.float64(129.15496650148827), 'cache_size': 2000, 'class_weight': {1: 3, 0: 1}, 'gamma': np.float64(0.05994842503189409), 'kernel': 'sigmoid'}",0.6,0.825,0.58125,0.5714285714285714,0.45714285714285713,0.6069642857142856,0.11996544995820033,1031
0.009023380279541016,0.010321384627070954,0.004014730453491211,0.0005601339951950541,46.41588833612777,2000,"{1: 3.5, 0: 1}",0.46415888336127775,sigmoid,"{'C': np.float64(46.41588833612777), 'cache_size': 2000, 'class_weight': {1: 3.5, 0: 1}, 'gamma': np.float64(0.46415888336127775), 'kernel': 'sigmoid'}",0.64375,0.7749999999999999,0.58125,0.6122448979591837,0.42142857142857143,0.6067346938775511,0.11375547206174304,1033
0.0031043052673339843,0.0008062389349819973,0.003920078277587891,0.0013247591760024444,1000.0,2000,"{1: 3, 0: 1}",0.0027825594022071257,rbf,"{'C': np.float64(1000.0), 'cache_size': 2000, 'class_weight': {1: 3, 0: 1}, 'gamma': np.float64(0.0027825594022071257), 'kernel': 'rbf'}",0.60625,0.84375,0.58125,0.5442176870748299,0.45714285714285713,0.6065221088435374,0.12892775316568034,1034
0.002702140808105469,0.0004002364607531605,0.004212045669555664,0.0009309778934466075,0.2782559402207124,2000,"{1: 3.5, 0: 1}",3.593813663804626,sigmoid,"{'C': np.float64(0.2782559402207124), 'cache_size': 2000, 'class_weight': {1: 3.5, 0: 1}, 'gamma': np.float64(3.593813663804626), 'kernel': 'sigmoid'}",0.6,0.8,0.53125,0.5442176870748299,0.5571428571428572,0.6065221088435374,0.09946082053786248,1034
0.007621335983276367,0.005274000473848344,0.005304765701293945,0.0031738831277182537,0.1,2000,"{1: 3.5, 0: 1}",3.593813663804626,sigmoid,"{'C': np.float64(0.1), 'cache_size': 2000, 'class_weight': {1: 3.5, 0: 1}, 'gamma': np.float64(3.593813663804626), 'kernel': 'sigmoid'}",0.6,0.8,0.53125,0.5442176870748299,0.5571428571428572,0.6065221088435374,0.09946082053786248,1034
0.004103755950927735,0.0010230983396979185,0.0044116973876953125,0.0009686032995482981,129.15496650148827,2000,"{1: 3, 0: 1}",3.593813663804626,rbf,"{'C': np.float64(129.15496650148827), 'cache_size': 2000, 'class_weight': {1: 3, 0: 1}, 'gamma': np.float64(3.593813663804626), 'kernel': 'rbf'}",0.825,0.7937500000000001,0.6,0.30612244897959184,0.5071428571428571,0.6064030612244898,0.19128279091864048,1037
0.004102563858032227,0.0012003505480171458,0.003616523742675781,0.000572537750370246,359.38136638046257,2000,"{1: 3, 0: 1}",0.1668100537200059,sigmoid,"{'C': np.float64(359.38136638046257), 'cache_size': 2000, 'class_weight': {1: 3, 0: 1}, 'gamma': np.float64(0.1668100537200059), 'kernel': 'sigmoid'}",0.61875,0.7062499999999999,0.6187499999999999,0.6666666666666666,0.42142857142857143,0.6063690476190475,0.09810358118704612,1038
0.0036033153533935546,0.00037401896947879346,0.003410959243774414,0.001073124705881033,359.38136638046257,2000,balanced,0.1668100537200059,sigmoid,"{'C': np.float64(359.38136638046257), 'cache_size': 2000, 'class_weight': 'balanced', 'gamma': np.float64(0.1668100537200059), 'kernel': 'sigmoid'}",0.6000000000000001,0.7000000000000001,0.6625,0.6462585034013606,0.42142857142857143,0.6060374149659864,0.09772574107328828,1039
0.003205537796020508,0.00025000599943527963,0.0034064292907714845,0.0007334891474363652,1000.0,2000,"{1: 3, 0: 1}",0.007742636826811269,sigmoid,"{'C': np.float64(1000.0), 'cache_size': 2000, 'class_weight': {1: 3, 0: 1}, 'gamma': np.float64(0.007742636826811269), 'kernel': 'sigmoid'}",0.59375,0.825,0.58125,0.5714285714285714,0.45714285714285713,0.6057142857142856,0.12006402416194112,1040
0.003012990951538086,0.0003008294395671182,0.0036092758178710937,0.0008123156550009073,359.38136638046257,2000,"{1: 3, 0: 1}",0.021544346900318832,sigmoid,"{'C': np.float64(359.38136638046257), 'cache_size': 2000, 'class_weight': {1: 3, 0: 1}, 'gamma': np.float64(0.021544346900318832), 'kernel': 'sigmoid'}",0.59375,0.825,0.58125,0.5714285714285714,0.45714285714285713,0.6057142857142856,0.12006402416194112,1040
0.003410673141479492,0.00037719469721546214,0.004003667831420898,0.0010479629192828048,46.41588833612777,2000,"{1: 3, 0: 1}",0.05994842503189409,rbf,"{'C': np.float64(46.41588833612777), 'cache_size': 2000, 'class_weight': {1: 3, 0: 1}, 'gamma': np.float64(0.05994842503189409), 'kernel': 'rbf'}",0.59375,0.8375,0.5875,0.5374149659863945,0.4714285714285714,0.6055187074829932,0.12401353197612582,1042
0.004508543014526367,0.0017663445093074094,0.0033063411712646483,0.0004036458342596488,0.774263682681127,2000,balanced,3.593813663804626,sigmoid,"{'C': np.float64(0.774263682681127), 'cache_size': 2000, 'class_weight': 'balanced', 'gamma': np.float64(3.593813663804626), 'kernel': 'sigmoid'}",0.56875,0.81875,0.59375,0.5170068027210883,0.5285714285714286,0.6053656462585033,0.11019360082331996,1043
0.006014823913574219,0.001481236536196695,0.006407403945922851,0.003187911275947139,0.774263682681127,2000,"{1: 2, 0: 1}",0.1668100537200059,rbf,"{'C': np.float64(0.774263682681127), 'cache_size': 2000, 'class_weight': {1: 2, 0: 1}, 'gamma': np.float64(0.1668100537200059), 'kernel': 'rbf'}",0.49375,0.69375,0.575,0.5850340136054423,0.6785714285714286,0.6052210884353741,0.07343606241386748,1044
0.004111480712890625,0.0005844411658869104,0.0035057544708251955,0.000900078878282853,0.1,2000,balanced,3.593813663804626,poly,"{'C': np.float64(0.1), 'cache_size': 2000, 'class_weight': 'balanced', 'gamma': np.float64(3.593813663804626), 'kernel': 'poly'}",0.5625,0.6625000000000001,0.6125,0.5714285714285714,0.6142857142857142,0.6046428571428571,0.03572499839333914,1045
0.003608417510986328,0.000497143624817425,0.0030045509338378906,7.400967397190356e-06,1000.0,2000,balanced,0.1668100537200059,poly,"{'C': np.float64(1000.0), 'cache_size': 2000, 'class_weight': 'balanced', 'gamma': np.float64(0.1668100537200059), 'kernel': 'poly'}",0.5625,0.6625000000000001,0.6125,0.5714285714285714,0.6142857142857142,0.6046428571428571,0.03572499839333914,1045
0.0039037227630615234,0.0007343996713955668,0.004311990737915039,0.0010774552262722869,0.1,2000,"{1: 2, 0: 1}",0.46415888336127775,rbf,"{'C': np.float64(0.1), 'cache_size': 2000, 'class_weight': {1: 2, 0: 1}, 'gamma': np.float64(0.46415888336127775), 'kernel': 'rbf'}",0.48125,0.69375,0.5687500000000001,0.6122448979591837,0.6642857142857143,0.6040561224489795,0.07492331738604441,1047
0.0034102439880371095,0.0003718178705440487,0.0036037445068359377,0.0003740334316200308,0.2782559402207124,2000,"{1: 2, 0: 1}",0.46415888336127775,rbf,"{'C': np.float64(0.2782559402207124), 'cache_size': 2000, 'class_weight': {1: 2, 0: 1}, 'gamma': np.float64(0.46415888336127775), 'kernel': 'rbf'}",0.48125,0.69375,0.5687500000000001,0.6122448979591837,0.6642857142857143,0.6040561224489795,0.07492331738604441,1047
0.004613685607910156,0.001198733045874227,0.004303264617919922,0.0008736614967039362,1000.0,2000,"{1: 3, 0: 1}",0.05994842503189409,sigmoid,"{'C': np.float64(1000.0), 'cache_size': 2000, 'class_weight': {1: 3, 0: 1}, 'gamma': np.float64(0.05994842503189409), 'kernel': 'sigmoid'}",0.61875,0.6937500000000001,0.61875,0.6666666666666666,0.42142857142857143,0.6038690476190476,0.09565515082743112,1049
0.0029065608978271484,0.00048436152923056155,0.004203271865844726,0.0005100151229031368,0.2782559402207124,2000,"{1: 2, 0: 1}",0.1668100537200059,rbf,"{'C': np.float64(0.2782559402207124), 'cache_size': 2000, 'class_weight': {1: 2, 0: 1}, 'gamma': np.float64(0.1668100537200059), 'kernel': 'rbf'}",0.49375,0.69375,0.575,0.5782312925170069,0.6785714285714286,0.6038605442176872,0.07385926076661158,1050
0.0027057647705078123,0.0003987428074533901,0.003006124496459961,0.0005527409172094802,5.994842503189409,2000,"{1: 3, 0: 1}",0.05994842503189409,linear,"{'C': np.float64(5.994842503189409), 'cache_size': 2000, 'class_weight': {1: 3, 0: 1}, 'gamma': np.float64(0.05994842503189409), 'kernel': 'linear'}",0.6,0.84375,0.58125,0.5442176870748299,0.44999999999999996,0.603843537414966,0.1306165590849647,1051
0.0029057025909423827,0.00018970980571709367,0.003505229949951172,0.0005504277985056352,5.994842503189409,2000,"{1: 3, 0: 1}",0.007742636826811269,linear,"{'C': np.float64(5.994842503189409), 'cache_size': 2000, 'class_weight': {1: 3, 0: 1}, 'gamma': np.float64(0.007742636826811269), 'kernel': 'linear'}",0.6,0.84375,0.58125,0.5442176870748299,0.44999999999999996,0.603843537414966,0.1306165590849647,1051
0.0032041072845458984,0.0002486901673293576,0.003210020065307617,0.00025564233109181216,5.994842503189409,2000,"{1: 3, 0: 1}",0.021544346900318832,linear,"{'C': np.float64(5.994842503189409), 'cache_size': 2000, 'class_weight': {1: 3, 0: 1}, 'gamma': np.float64(0.021544346900318832), 'kernel': 'linear'}",0.6,0.84375,0.58125,0.5442176870748299,0.44999999999999996,0.603843537414966,0.1306165590849647,1051
0.003607320785522461,0.0007395021561920344,0.004206705093383789,0.0009329784846209201,5.994842503189409,2000,"{1: 3, 0: 1}",0.001,linear,"{'C': np.float64(5.994842503189409), 'cache_size': 2000, 'class_weight': {1: 3, 0: 1}, 'gamma': np.float64(0.001), 'kernel': 'linear'}",0.6,0.84375,0.58125,0.5442176870748299,0.44999999999999996,0.603843537414966,0.1306165590849647,1051
0.0028171539306640625,0.0004988862821351451,0.0036097049713134767,0.0003766962666711115,5.994842503189409,2000,"{1: 3, 0: 1}",0.0027825594022071257,linear,"{'C': np.float64(5.994842503189409), 'cache_size': 2000, 'class_weight': {1: 3, 0: 1}, 'gamma': np.float64(0.0027825594022071257), 'kernel': 'linear'}",0.6,0.84375,0.58125,0.5442176870748299,0.44999999999999996,0.603843537414966,0.1306165590849647,1051
0.00480499267578125,0.0011244323365727543,0.004609203338623047,0.0017239378979615877,5.994842503189409,2000,"{1: 3, 0: 1}",0.46415888336127775,linear,"{'C': np.float64(5.994842503189409), 'cache_size': 2000, 'class_weight': {1: 3, 0: 1}, 'gamma': np.float64(0.46415888336127775), 'kernel': 'linear'}",0.6,0.84375,0.58125,0.5442176870748299,0.44999999999999996,0.603843537414966,0.1306165590849647,1051
0.007509708404541016,0.0018210787206132972,0.006710529327392578,0.0016342874917409473,5.994842503189409,2000,"{1: 3, 0: 1}",10.0,linear,"{'C': np.float64(5.994842503189409), 'cache_size': 2000, 'class_weight': {1: 3, 0: 1}, 'gamma': np.float64(10.0), 'kernel': 'linear'}",0.6,0.84375,0.58125,0.5442176870748299,0.44999999999999996,0.603843537414966,0.1306165590849647,1051
0.002505588531494141,0.00044770170443933933,0.003803730010986328,0.00024216845350912973,5.994842503189409,2000,"{1: 3, 0: 1}",1.2915496650148828,linear,"{'C': np.float64(5.994842503189409), 'cache_size': 2000, 'class_weight': {1: 3, 0: 1}, 'gamma': np.float64(1.2915496650148828), 'kernel': 'linear'}",0.6,0.84375,0.58125,0.5442176870748299,0.44999999999999996,0.603843537414966,0.1306165590849647,1051
0.0043222904205322266,0.0005170570043400714,0.0038079738616943358,0.0008119696121693126,5.994842503189409,2000,"{1: 3, 0: 1}",0.1668100537200059,linear,"{'C': np.float64(5.994842503189409), 'cache_size': 2000, 'class_weight': {1: 3, 0: 1}, 'gamma': np.float64(0.1668100537200059), 'kernel': 'linear'}",0.6,0.84375,0.58125,0.5442176870748299,0.44999999999999996,0.603843537414966,0.1306165590849647,1051
0.00721893310546875,0.007939320450552775,0.004418754577636718,0.0011796416584315328,5.994842503189409,2000,"{1: 3, 0: 1}",3.593813663804626,linear,"{'C': np.float64(5.994842503189409), 'cache_size': 2000, 'class_weight': {1: 3, 0: 1}, 'gamma': np.float64(3.593813663804626), 'kernel': 'linear'}",0.6,0.84375,0.58125,0.5442176870748299,0.44999999999999996,0.603843537414966,0.1306165590849647,1051
0.003211212158203125,0.0006870547604860667,0.003106212615966797,0.00020095496303514405,46.41588833612777,2000,"{1: 3, 0: 1}",0.46415888336127775,sigmoid,"{'C': np.float64(46.41588833612777), 'cache_size': 2000, 'class_weight': {1: 3, 0: 1}, 'gamma': np.float64(0.46415888336127775), 'kernel': 'sigmoid'}",0.60625,0.7750000000000001,0.575,0.6054421768707483,0.45714285714285713,0.6037670068027211,0.10164240390028165,1061
0.004308319091796875,0.0010244863888301833,0.004006195068359375,0.0008336957028218035,2.1544346900318834,2000,balanced,1.2915496650148828,poly,"{'C': np.float64(2.1544346900318834), 'cache_size': 2000, 'class_weight': 'balanced', 'gamma': np.float64(1.2915496650148828), 'kernel': 'poly'}",0.5625,0.6625000000000001,0.6125,0.564625850340136,0.6142857142857142,0.6032823129251701,0.03706829968077261,1062
0.0032091140747070312,0.00025472384808222206,0.0031072139739990235,0.00037015021822432644,46.41588833612777,2000,balanced,0.46415888336127775,poly,"{'C': np.float64(46.41588833612777), 'cache_size': 2000, 'class_weight': 'balanced', 'gamma': np.float64(0.46415888336127775), 'kernel': 'poly'}",0.5625,0.6625000000000001,0.6125,0.564625850340136,0.6142857142857142,0.6032823129251701,0.03706829968077261,1062
0.003606891632080078,0.0005894573234469572,0.0033023834228515627,0.0007477389040471164,1000.0,2000,balanced,0.021544346900318832,sigmoid,"{'C': np.float64(1000.0), 'cache_size': 2000, 'class_weight': 'balanced', 'gamma': np.float64(0.021544346900318832), 'kernel': 'sigmoid'}",0.5874999999999999,0.78125,0.66875,0.5714285714285714,0.4071428571428571,0.6032142857142856,0.1230389539279064,1064
0.004210996627807617,0.0012921844488922006,0.0025014877319335938,0.0004470809276978859,129.15496650148827,2000,"{1: 2, 0: 1}",3.593813663804626,rbf,"{'C': np.float64(129.15496650148827), 'cache_size': 2000, 'class_weight': {1: 2, 0: 1}, 'gamma': np.float64(3.593813663804626), 'kernel': 'rbf'}",0.78125,0.8,0.6062500000000001,0.3129251700680272,0.5142857142857142,0.6029421768707482,0.1803364853446398,1065
0.004302453994750976,0.0005979419209701902,0.004111576080322266,0.0009757722021440286,359.38136638046257,2000,balanced,0.021544346900318832,rbf,"{'C': np.float64(359.38136638046257), 'cache_size': 2000, 'class_weight': 'balanced', 'gamma': np.float64(0.021544346900318832), 'kernel': 'rbf'}",0.5875,0.80625,0.66875,0.5374149659863945,0.4142857142857142,0.6028401360544218,0.13098719444038293,1066
0.0039154052734375,0.000593024117686528,0.0031022071838378907,0.0004886881289773601,46.41588833612777,2000,"{1: 3.5, 0: 1}",0.05994842503189409,rbf,"{'C': np.float64(46.41588833612777), 'cache_size': 2000, 'class_weight': {1: 3.5, 0: 1}, 'gamma': np.float64(0.05994842503189409), 'kernel': 'rbf'}",0.625,0.83125,0.5625,0.5442176870748299,0.44999999999999996,0.6025935374149659,0.12734665033181478,1067
0.0037066459655761717,0.00040224405047942685,0.004203701019287109,0.0013660367258749725,0.1,2000,"{1: 2, 0: 1}",0.1668100537200059,rbf,"{'C': np.float64(0.1), 'cache_size': 2000, 'class_weight': {1: 2, 0: 1}, 'gamma': np.float64(0.1668100537200059), 'kernel': 'rbf'}",0.49375,0.69375,0.575,0.5782312925170069,0.6714285714285714,0.6024319727891156,0.07245615223508856,1068
0.0033028125762939453,0.0010762413569831847,0.0035108089447021484,0.001047461941394333,5.994842503189409,2000,"{1: 3.5, 0: 1}",0.001,linear,"{'C': np.float64(5.994842503189409), 'cache_size': 2000, 'class_weight': {1: 3.5, 0: 1}, 'gamma': np.float64(0.001), 'kernel': 'linear'}",0.6375,0.8250000000000001,0.56875,0.5374149659863945,0.44285714285714284,0.6023044217687075,0.127743512348036,1069
0.003321552276611328,0.0006804524156127541,0.0034070968627929687,0.0007404879382870616,5.994842503189409,2000,"{1: 3.5, 0: 1}",0.0027825594022071257,linear,"{'C': np.float64(5.994842503189409), 'cache_size': 2000, 'class_weight': {1: 3.5, 0: 1}, 'gamma': np.float64(0.0027825594022071257), 'kernel': 'linear'}",0.6375,0.8250000000000001,0.56875,0.5374149659863945,0.44285714285714284,0.6023044217687075,0.127743512348036,1069
0.0031051158905029295,0.0002081649749291238,0.003407573699951172,0.0009712206151471008,5.994842503189409,2000,"{1: 3.5, 0: 1}",0.007742636826811269,linear,"{'C': np.float64(5.994842503189409), 'cache_size': 2000, 'class_weight': {1: 3.5, 0: 1}, 'gamma': np.float64(0.007742636826811269), 'kernel': 'linear'}",0.6375,0.8250000000000001,0.56875,0.5374149659863945,0.44285714285714284,0.6023044217687075,0.127743512348036,1069
0.0056059837341308595,0.0014985037860446868,0.007221794128417969,0.0020415598501967052,5.994842503189409,2000,"{1: 3.5, 0: 1}",0.021544346900318832,linear,"{'C': np.float64(5.994842503189409), 'cache_size': 2000, 'class_weight': {1: 3.5, 0: 1}, 'gamma': np.float64(0.021544346900318832), 'kernel': 'linear'}",0.6375,0.8250000000000001,0.56875,0.5374149659863945,0.44285714285714284,0.6023044217687075,0.127743512348036,1069
0.0033019065856933595,0.000870816598570807,0.004416751861572266,0.001023529503912593,5.994842503189409,2000,"{1: 3.5, 0: 1}",3.593813663804626,linear,"{'C': np.float64(5.994842503189409), 'cache_size': 2000, 'class_weight': {1: 3.5, 0: 1}, 'gamma': np.float64(3.593813663804626), 'kernel': 'linear'}",0.6375,0.8250000000000001,0.56875,0.5374149659863945,0.44285714285714284,0.6023044217687075,0.127743512348036,1069
0.0053084373474121095,0.0012876671995746046,0.006609392166137695,0.0012797600304396868,5.994842503189409,2000,"{1: 3.5, 0: 1}",0.1668100537200059,linear,"{'C': np.float64(5.994842503189409), 'cache_size': 2000, 'class_weight': {1: 3.5, 0: 1}, 'gamma': np.float64(0.1668100537200059), 'kernel': 'linear'}",0.6375,0.8250000000000001,0.56875,0.5374149659863945,0.44285714285714284,0.6023044217687075,0.127743512348036,1069
0.005312919616699219,0.0009748658094420897,0.005303764343261718,0.0016005530613345564,5.994842503189409,2000,"{1: 3.5, 0: 1}",1.2915496650148828,linear,"{'C': np.float64(5.994842503189409), 'cache_size': 2000, 'class_weight': {1: 3.5, 0: 1}, 'gamma': np.float64(1.2915496650148828), 'kernel': 'linear'}",0.6375,0.8250000000000001,0.56875,0.5374149659863945,0.44285714285714284,0.6023044217687075,0.127743512348036,1069
0.0038070201873779295,0.0013600963890677447,0.004111099243164063,0.000581493880063705,5.994842503189409,2000,"{1: 3.5, 0: 1}",0.46415888336127775,linear,"{'C': np.float64(5.994842503189409), 'cache_size': 2000, 'class_weight': {1: 3.5, 0: 1}, 'gamma': np.float64(0.46415888336127775), 'kernel': 'linear'}",0.6375,0.8250000000000001,0.56875,0.5374149659863945,0.44285714285714284,0.6023044217687075,0.127743512348036,1069
0.009814977645874023,0.012747870946936878,0.012424612045288086,0.01808687143024206,5.994842503189409,2000,"{1: 3.5, 0: 1}",0.05994842503189409,linear,"{'C': np.float64(5.994842503189409), 'cache_size': 2000, 'class_weight': {1: 3.5, 0: 1}, 'gamma': np.float64(0.05994842503189409), 'kernel': 'linear'}",0.6375,0.8250000000000001,0.56875,0.5374149659863945,0.44285714285714284,0.6023044217687075,0.127743512348036,1069
0.0039060115814208984,0.0023412321295389936,0.0037108898162841798,0.0005080232034814624,5.994842503189409,2000,"{1: 3.5, 0: 1}",10.0,linear,"{'C': np.float64(5.994842503189409), 'cache_size': 2000, 'class_weight': {1: 3.5, 0: 1}, 'gamma': np.float64(10.0), 'kernel': 'linear'}",0.6375,0.8250000000000001,0.56875,0.5374149659863945,0.44285714285714284,0.6023044217687075,0.127743512348036,1069
0.0034030914306640626,0.00037459274037313973,0.0040111541748046875,0.0007109172052038149,0.1,2000,"{1: 2, 0: 1}",0.05994842503189409,rbf,"{'C': np.float64(0.1), 'cache_size': 2000, 'class_weight': {1: 2, 0: 1}, 'gamma': np.float64(0.05994842503189409), 'kernel': 'rbf'}",0.51875,0.725,0.5812499999999999,0.5782312925170069,0.6071428571428571,0.6020748299319727,0.06794335499136074,1079
0.0037065982818603516,0.0015370943876225436,0.004410552978515625,0.0009225541578658636,0.774263682681127,2000,"{1: 2, 0: 1}",0.007742636826811269,rbf,"{'C': np.float64(0.774263682681127), 'cache_size': 2000, 'class_weight': {1: 2, 0: 1}, 'gamma': np.float64(0.007742636826811269), 'kernel': 'rbf'}",0.525,0.725,0.58125,0.5714285714285715,0.6071428571428571,0.6019642857142857,0.0670068912082015,1080
0.0038030147552490234,0.000510974124348304,0.0038118362426757812,0.0006789661339518014,359.38136638046257,2000,balanced,0.05994842503189409,sigmoid,"{'C': np.float64(359.38136638046257), 'cache_size': 2000, 'class_weight': 'balanced', 'gamma': np.float64(0.05994842503189409), 'kernel': 'sigmoid'}",0.5812499999999999,0.78125,0.66875,0.5714285714285714,0.4071428571428571,0.6019642857142856,0.12322386091159125,1081
0.0032027721405029296,0.0005093904888779301,0.003506755828857422,0.0006259917522769776,46.41588833612777,2000,"{1: 3, 0: 1}",0.1668100537200059,sigmoid,"{'C': np.float64(46.41588833612777), 'cache_size': 2000, 'class_weight': {1: 3, 0: 1}, 'gamma': np.float64(0.1668100537200059), 'kernel': 'sigmoid'}",0.6,0.8125,0.575,0.5714285714285714,0.4499999999999999,0.6017857142857143,0.11754287103270981,1082
0.005103969573974609,0.0005814937275672677,0.00982365608215332,0.012638029891011546,46.41588833612777,2000,"{1: 3, 0: 1}",10.0,poly,"{'C': np.float64(46.41588833612777), 'cache_size': 2000, 'class_weight': {1: 3, 0: 1}, 'gamma': np.float64(10.0), 'kernel': 'poly'}",0.78125,0.63125,0.8625,0.21768707482993196,0.5142857142857142,0.6013945578231292,0.22637789758277815,1083
0.00910935401916504,0.006015296242417783,0.008715391159057617,0.005980378699099306,1000.0,2000,"{1: 3, 0: 1}",3.593813663804626,poly,"{'C': np.float64(1000.0), 'cache_size': 2000, 'class_weight': {1: 3, 0: 1}, 'gamma': np.float64(3.593813663804626), 'kernel': 'poly'}",0.78125,0.63125,0.8625,0.21768707482993196,0.5142857142857142,0.6013945578231292,0.22637789758277815,1083
0.003214120864868164,0.0002528645015216354,0.0032027721405029296,0.0005100943206939873,46.41588833612777,2000,"{1: 2, 0: 1}",0.007742636826811269,sigmoid,"{'C': np.float64(46.41588833612777), 'cache_size': 2000, 'class_weight': {1: 2, 0: 1}, 'gamma': np.float64(0.007742636826811269), 'kernel': 'sigmoid'}",0.53125,0.7,0.5812499999999999,0.5850340136054422,0.6071428571428572,0.6009353741496599,0.05540532742061198,1085
0.003501415252685547,0.0006334277421167853,0.0033082485198974608,0.0005112040475968488,359.38136638046257,2000,"{1: 2, 0: 1}",0.001,sigmoid,"{'C': np.float64(359.38136638046257), 'cache_size': 2000, 'class_weight': {1: 2, 0: 1}, 'gamma': np.float64(0.001), 'kernel': 'sigmoid'}",0.53125,0.7,0.5812499999999999,0.5850340136054422,0.6071428571428572,0.6009353741496599,0.05540532742061198,1085
0.0020179271697998045,0.0007183630427257067,0.0028429031372070312,0.000527832824050454,129.15496650148827,2000,"{1: 2, 0: 1}",0.0027825594022071257,sigmoid,"{'C': np.float64(129.15496650148827), 'cache_size': 2000, 'class_weight': {1: 2, 0: 1}, 'gamma': np.float64(0.0027825594022071257), 'kernel': 'sigmoid'}",0.53125,0.7,0.5812499999999999,0.5850340136054422,0.6071428571428572,0.6009353741496599,0.05540532742061198,1085
0.003006649017333984,0.00031128327779701996,0.003105497360229492,0.00019985237975281818,16.68100537200059,2000,"{1: 2, 0: 1}",0.001,rbf,"{'C': np.float64(16.68100537200059), 'cache_size': 2000, 'class_weight': {1: 2, 0: 1}, 'gamma': np.float64(0.001), 'kernel': 'rbf'}",0.5249999999999999,0.7,0.5875,0.5850340136054422,0.6071428571428572,0.6009353741496599,0.0566601739018265,1085
0.003704071044921875,0.0009267230618498868,0.003757143020629883,0.0008436873976579687,16.68100537200059,2000,"{1: 2, 0: 1}",0.021544346900318832,sigmoid,"{'C': np.float64(16.68100537200059), 'cache_size': 2000, 'class_weight': {1: 2, 0: 1}, 'gamma': np.float64(0.021544346900318832), 'kernel': 'sigmoid'}",0.53125,0.7,0.5812499999999999,0.5850340136054422,0.6071428571428572,0.6009353741496599,0.05540532742061198,1085
0.003107452392578125,0.0012480631298310819,0.0029020309448242188,0.00019872362339745151,5.994842503189409,2000,"{1: 2, 0: 1}",0.05994842503189409,sigmoid,"{'C': np.float64(5.994842503189409), 'cache_size': 2000, 'class_weight': {1: 2, 0: 1}, 'gamma': np.float64(0.05994842503189409), 'kernel': 'sigmoid'}",0.53125,0.7,0.5812499999999999,0.5850340136054422,0.6071428571428572,0.6009353741496599,0.05540532742061198,1085
0.0047152042388916016,0.002463584044054904,0.0038070201873779295,0.0006762322508255024,2.1544346900318834,2000,"{1: 2, 0: 1}",0.007742636826811269,rbf,"{'C': np.float64(2.1544346900318834), 'cache_size': 2000, 'class_weight': {1: 2, 0: 1}, 'gamma': np.float64(0.007742636826811269), 'kernel': 'rbf'}",0.5249999999999999,0.7,0.5875,0.5850340136054422,0.6071428571428572,0.6009353741496599,0.0566601739018265,1085
0.005110597610473633,0.00208922697664967,0.004606866836547851,0.0005842005156036486,1000.0,2000,"{1: 2, 0: 1}",0.007742636826811269,sigmoid,"{'C': np.float64(1000.0), 'cache_size': 2000, 'class_weight': {1: 2, 0: 1}, 'gamma': np.float64(0.007742636826811269), 'kernel': 'sigmoid'}",0.575,0.7999999999999999,0.65625,0.5578231292517006,0.4142857142857143,0.600671768707483,0.12653496787726648,1092
0.005309677124023438,0.0023466693875876634,0.0051116943359375,0.0019899108201825214,129.15496650148827,2000,"{1: 2, 0: 1}",0.05994842503189409,sigmoid,"{'C': np.float64(129.15496650148827), 'cache_size': 2000, 'class_weight': {1: 2, 0: 1}, 'gamma': np.float64(0.05994842503189409), 'kernel': 'sigmoid'}",0.575,0.7999999999999999,0.65625,0.5578231292517006,0.4142857142857143,0.600671768707483,0.12653496787726648,1092
0.004203653335571289,0.0015687938852512666,0.00901932716369629,0.009025226289163475,46.41588833612777,2000,"{1: 2, 0: 1}",0.1668100537200059,sigmoid,"{'C': np.float64(46.41588833612777), 'cache_size': 2000, 'class_weight': {1: 2, 0: 1}, 'gamma': np.float64(0.1668100537200059), 'kernel': 'sigmoid'}",0.575,0.7999999999999999,0.65625,0.5578231292517006,0.4142857142857143,0.600671768707483,0.12653496787726648,1092
0.003009796142578125,0.0005563131627493479,0.0031026363372802734,0.0007998848685715206,359.38136638046257,2000,"{1: 2, 0: 1}",0.021544346900318832,sigmoid,"{'C': np.float64(359.38136638046257), 'cache_size': 2000, 'class_weight': {1: 2, 0: 1}, 'gamma': np.float64(0.021544346900318832), 'kernel': 'sigmoid'}",0.575,0.7999999999999999,0.65625,0.5578231292517006,0.4142857142857143,0.600671768707483,0.12653496787726648,1092
0.0037154197692871095,0.0007653248064976993,0.003105020523071289,0.00037497749520496647,129.15496650148827,2000,balanced,0.1668100537200059,sigmoid,"{'C': np.float64(129.15496650148827), 'cache_size': 2000, 'class_weight': 'balanced', 'gamma': np.float64(0.1668100537200059), 'kernel': 'sigmoid'}",0.5812499999999999,0.78125,0.66875,0.5714285714285714,0.39999999999999997,0.6005357142857142,0.12549468441462583,1096
0.00500946044921875,0.0010544844709359394,0.003506326675415039,0.0007758172450735709,359.38136638046257,2000,balanced,0.46415888336127775,sigmoid,"{'C': np.float64(359.38136638046257), 'cache_size': 2000, 'class_weight': 'balanced', 'gamma': np.float64(0.46415888336127775), 'kernel': 'sigmoid'}",0.56875,0.7250000000000001,0.6625000000000001,0.6530612244897959,0.3928571428571428,0.6004336734693878,0.11509172771860923,1097
0.003406810760498047,0.0003765574131965128,0.003606557846069336,0.0005891864644427162,5.994842503189409,2000,"{1: 3, 0: 1}",0.05994842503189409,poly,"{'C': np.float64(5.994842503189409), 'cache_size': 2000, 'class_weight': {1: 3, 0: 1}, 'gamma': np.float64(0.05994842503189409), 'kernel': 'poly'}",0.48125,0.7625,0.625,0.6326530612244898,0.5,0.6002806122448979,0.10217498832020519,1098
0.002706146240234375,0.0004034294183685244,0.0036069393157958985,0.0005890811514323571,0.2782559402207124,2000,"{1: 3, 0: 1}",0.1668100537200059,poly,"{'C': np.float64(0.2782559402207124), 'cache_size': 2000, 'class_weight': {1: 3, 0: 1}, 'gamma': np.float64(0.1668100537200059), 'kernel': 'poly'}",0.48125,0.7625,0.625,0.6326530612244898,0.5,0.6002806122448979,0.10217498832020519,1098
0.006113815307617188,0.003253686255614724,0.00641326904296875,0.0026947764802432946,16.68100537200059,2000,"{1: 3, 0: 1}",0.05994842503189409,poly,"{'C': np.float64(16.68100537200059), 'cache_size': 2000, 'class_weight': {1: 3, 0: 1}, 'gamma': np.float64(0.05994842503189409), 'kernel': 'poly'}",0.48125,0.7625,0.625,0.6326530612244898,0.5,0.6002806122448979,0.10217498832020519,1098
0.0032034397125244142,0.0005084324671032376,0.003814506530761719,0.0006833611425475179,0.774263682681127,2000,"{1: 3, 0: 1}",0.1668100537200059,poly,"{'C': np.float64(0.774263682681127), 'cache_size': 2000, 'class_weight': {1: 3, 0: 1}, 'gamma': np.float64(0.1668100537200059), 'kernel': 'poly'}",0.48125,0.7625,0.625,0.6326530612244898,0.5,0.6002806122448979,0.10217498832020519,1098
0.0030032634735107423,0.0003168180718596273,0.0032097339630126954,0.0006822275481808124,359.38136638046257,2000,"{1: 3, 0: 1}",0.021544346900318832,poly,"{'C': np.float64(359.38136638046257), 'cache_size': 2000, 'class_weight': {1: 3, 0: 1}, 'gamma': np.float64(0.021544346900318832), 'kernel': 'poly'}",0.48125,0.7625,0.625,0.6326530612244898,0.5,0.6002806122448979,0.10217498832020519,1098
0.009623098373413085,0.012257191075193831,0.004402780532836914,0.0012391100118441403,129.15496650148827,2000,"{1: 3, 0: 1}",0.021544346900318832,poly,"{'C': np.float64(129.15496650148827), 'cache_size': 2000, 'class_weight': {1: 3, 0: 1}, 'gamma': np.float64(0.021544346900318832), 'kernel': 'poly'}",0.48125,0.7625,0.625,0.6326530612244898,0.5,0.6002806122448979,0.10217498832020519,1098
0.0035062789916992187,0.0007833435438352927,0.003912973403930664,0.0011259872300169412,2.1544346900318834,2000,"{1: 2, 0: 1}",0.05994842503189409,rbf,"{'C': np.float64(2.1544346900318834), 'cache_size': 2000, 'class_weight': {1: 2, 0: 1}, 'gamma': np.float64(0.05994842503189409), 'kernel': 'rbf'}",0.5125,0.7,0.5812499999999999,0.5782312925170069,0.6285714285714286,0.6001105442176871,0.06212560592215105,1104
0.0034073829650878907,0.0003748266615970977,0.004007911682128907,0.001303526300503278,0.1,2000,"{1: 2, 0: 1}",1.2915496650148828,linear,"{'C': np.float64(0.1), 'cache_size': 2000, 'class_weight': {1: 2, 0: 1}, 'gamma': np.float64(1.2915496650148828), 'kernel': 'linear'}",0.5249999999999999,0.7,0.5812499999999999,0.5850340136054422,0.6071428571428572,0.5996853741496598,0.05701064586513093,1105
0.004908370971679688,0.00239657006314961,0.005012083053588867,0.0020291918321854144,0.1,2000,"{1: 2, 0: 1}",0.1668100537200059,linear,"{'C': np.float64(0.1), 'cache_size': 2000, 'class_weight': {1: 2, 0: 1}, 'gamma': np.float64(0.1668100537200059), 'kernel': 'linear'}",0.5249999999999999,0.7,0.5812499999999999,0.5850340136054422,0.6071428571428572,0.5996853741496598,0.05701064586513093,1105
0.0036036014556884766,0.0007352820877585296,0.003914403915405274,0.0010285385173393292,0.1,2000,"{1: 2, 0: 1}",0.021544346900318832,linear,"{'C': np.float64(0.1), 'cache_size': 2000, 'class_weight': {1: 2, 0: 1}, 'gamma': np.float64(0.021544346900318832), 'kernel': 'linear'}",0.5249999999999999,0.7,0.5812499999999999,0.5850340136054422,0.6071428571428572,0.5996853741496598,0.05701064586513093,1105
0.002803659439086914,0.0006812932041756519,0.0036059856414794923,0.00037264845574117017,46.41588833612777,2000,"{1: 2, 0: 1}",0.0027825594022071257,sigmoid,"{'C': np.float64(46.41588833612777), 'cache_size': 2000, 'class_weight': {1: 2, 0: 1}, 'gamma': np.float64(0.0027825594022071257), 'kernel': 'sigmoid'}",0.5249999999999999,0.7,0.5812499999999999,0.5850340136054422,0.6071428571428572,0.5996853741496598,0.05701064586513093,1105
0.0029022693634033203,0.0001984874407052604,0.004117059707641602,0.0008713053524948817,16.68100537200059,2000,"{1: 2, 0: 1}",0.007742636826811269,sigmoid,"{'C': np.float64(16.68100537200059), 'cache_size': 2000, 'class_weight': {1: 2, 0: 1}, 'gamma': np.float64(0.007742636826811269), 'kernel': 'sigmoid'}",0.5249999999999999,0.7,0.5812499999999999,0.5850340136054422,0.6071428571428572,0.5996853741496598,0.05701064586513093,1105
0.0028029918670654298,0.0006785710857438652,0.004508161544799804,0.0008389951844688052,129.15496650148827,2000,"{1: 2, 0: 1}",0.001,sigmoid,"{'C': np.float64(129.15496650148827), 'cache_size': 2000, 'class_weight': {1: 2, 0: 1}, 'gamma': np.float64(0.001), 'kernel': 'sigmoid'}",0.5249999999999999,0.7,0.5812499999999999,0.5850340136054422,0.6071428571428572,0.5996853741496598,0.05701064586513093,1105
0.003607177734375,0.0010642416636102068,0.004012012481689453,0.0009584649116634542,5.994842503189409,2000,"{1: 2, 0: 1}",0.021544346900318832,sigmoid,"{'C': np.float64(5.994842503189409), 'cache_size': 2000, 'class_weight': {1: 2, 0: 1}, 'gamma': np.float64(0.021544346900318832), 'kernel': 'sigmoid'}",0.5249999999999999,0.7,0.5812499999999999,0.5850340136054422,0.6071428571428572,0.5996853741496598,0.05701064586513093,1105
0.003905630111694336,0.0011123763843962095,0.0040128231048583984,0.0008401468437297545,0.774263682681127,2000,"{1: 2, 0: 1}",0.1668100537200059,sigmoid,"{'C': np.float64(0.774263682681127), 'cache_size': 2000, 'class_weight': {1: 2, 0: 1}, 'gamma': np.float64(0.1668100537200059), 'kernel': 'sigmoid'}",0.5249999999999999,0.7,0.5812499999999999,0.5850340136054422,0.6071428571428572,0.5996853741496598,0.05701064586513093,1105
0.0033042430877685547,0.0006793359441228211,0.003205728530883789,0.00040003921953134794,0.1,2000,"{1: 2, 0: 1}",0.05994842503189409,linear,"{'C': np.float64(0.1), 'cache_size': 2000, 'class_weight': {1: 2, 0: 1}, 'gamma': np.float64(0.05994842503189409), 'kernel': 'linear'}",0.5249999999999999,0.7,0.5812499999999999,0.5850340136054422,0.6071428571428572,0.5996853741496598,0.05701064586513093,1105
0.0033019542694091796,0.001076522891839891,0.0031276226043701174,0.00038846979484457586,0.1,2000,"{1: 2, 0: 1}",0.001,linear,"{'C': np.float64(0.1), 'cache_size': 2000, 'class_weight': {1: 2, 0: 1}, 'gamma': np.float64(0.001), 'kernel': 'linear'}",0.5249999999999999,0.7,0.5812499999999999,0.5850340136054422,0.6071428571428572,0.5996853741496598,0.05701064586513093,1105
0.003807687759399414,0.0006782479944396103,0.0030049800872802733,8.487701416015625e-06,0.1,2000,"{1: 2, 0: 1}",0.46415888336127775,linear,"{'C': np.float64(0.1), 'cache_size': 2000, 'class_weight': {1: 2, 0: 1}, 'gamma': np.float64(0.46415888336127775), 'kernel': 'linear'}",0.5249999999999999,0.7,0.5812499999999999,0.5850340136054422,0.6071428571428572,0.5996853741496598,0.05701064586513093,1105
0.0033366203308105467,0.0003984161905596474,0.003821992874145508,0.0009546423838556457,0.1,2000,"{1: 2, 0: 1}",0.0027825594022071257,linear,"{'C': np.float64(0.1), 'cache_size': 2000, 'class_weight': {1: 2, 0: 1}, 'gamma': np.float64(0.0027825594022071257), 'kernel': 'linear'}",0.5249999999999999,0.7,0.5812499999999999,0.5850340136054422,0.6071428571428572,0.5996853741496598,0.05701064586513093,1105
0.002722930908203125,0.0006120659436452343,0.003213357925415039,0.00026014648176536415,0.1,2000,"{1: 2, 0: 1}",0.007742636826811269,linear,"{'C': np.float64(0.1), 'cache_size': 2000, 'class_weight': {1: 2, 0: 1}, 'gamma': np.float64(0.007742636826811269), 'kernel': 'linear'}",0.5249999999999999,0.7,0.5812499999999999,0.5850340136054422,0.6071428571428572,0.5996853741496598,0.05701064586513093,1105
0.0072173595428466795,0.006080488908387998,0.00641326904296875,0.0019953782236000798,2.1544346900318834,2000,"{1: 2, 0: 1}",0.05994842503189409,sigmoid,"{'C': np.float64(2.1544346900318834), 'cache_size': 2000, 'class_weight': {1: 2, 0: 1}, 'gamma': np.float64(0.05994842503189409), 'kernel': 'sigmoid'}",0.5249999999999999,0.7,0.5812499999999999,0.5850340136054422,0.6071428571428572,0.5996853741496598,0.05701064586513093,1105
0.003612375259399414,0.0017567121601686235,0.0037076473236083984,0.0005085252000740097,2.1544346900318834,2000,"{1: 2, 0: 1}",0.1668100537200059,sigmoid,"{'C': np.float64(2.1544346900318834), 'cache_size': 2000, 'class_weight': {1: 2, 0: 1}, 'gamma': np.float64(0.1668100537200059), 'kernel': 'sigmoid'}",0.5249999999999999,0.7,0.5812499999999999,0.5850340136054422,0.6071428571428572,0.5996853741496598,0.05701064586513093,1105
0.003203725814819336,0.0002478336806129776,0.003612232208251953,0.0003714474051430104,0.1,2000,"{1: 2, 0: 1}",3.593813663804626,linear,"{'C': np.float64(0.1), 'cache_size': 2000, 'class_weight': {1: 2, 0: 1}, 'gamma': np.float64(3.593813663804626), 'kernel': 'linear'}",0.5249999999999999,0.7,0.5812499999999999,0.5850340136054422,0.6071428571428572,0.5996853741496598,0.05701064586513093,1105
0.002902793884277344,0.0004917445563874483,0.003807353973388672,0.0010294159693273758,0.1,2000,"{1: 2, 0: 1}",10.0,linear,"{'C': np.float64(0.1), 'cache_size': 2000, 'class_weight': {1: 2, 0: 1}, 'gamma': np.float64(10.0), 'kernel': 'linear'}",0.5249999999999999,0.7,0.5812499999999999,0.5850340136054422,0.6071428571428572,0.5996853741496598,0.05701064586513093,1105
0.002803468704223633,0.0005119167610110272,0.0034098148345947264,0.0010709404769552538,129.15496650148827,2000,"{1: 3.5, 0: 1}",3.593813663804626,sigmoid,"{'C': np.float64(129.15496650148827), 'cache_size': 2000, 'class_weight': {1: 3.5, 0: 1}, 'gamma': np.float64(3.593813663804626), 'kernel': 'sigmoid'}",0.65,0.58125,0.70625,0.6394557823129252,0.42142857142857143,0.5996768707482993,0.09755471982164599,1122
0.0036077022552490233,0.000971519983254928,0.003201007843017578,0.0004003052629123874,5.994842503189409,2000,"{1: 3.5, 0: 1}",1.2915496650148828,sigmoid,"{'C': np.float64(5.994842503189409), 'cache_size': 2000, 'class_weight': {1: 3.5, 0: 1}, 'gamma': np.float64(1.2915496650148828), 'kernel': 'sigmoid'}",0.63125,0.8125,0.59375,0.5306122448979591,0.4285714285714286,0.5993367346938776,0.12678492895909205,1123
0.0034032344818115236,0.0005806298346847586,0.004217386245727539,0.00025789974752357463,2.1544346900318834,2000,"{1: 2, 0: 1}",0.0027825594022071257,rbf,"{'C': np.float64(2.1544346900318834), 'cache_size': 2000, 'class_weight': {1: 2, 0: 1}, 'gamma': np.float64(0.0027825594022071257), 'kernel': 'rbf'}",0.5249999999999999,0.725,0.58125,0.564625850340136,0.6,0.5991751700680272,0.0676010225397147,1124
0.0027057647705078123,0.00039353481887906115,0.0030069828033447267,0.00031219593910911293,46.41588833612777,2000,"{1: 3, 0: 1}",0.05994842503189409,poly,"{'C': np.float64(46.41588833612777), 'cache_size': 2000, 'class_weight': {1: 3, 0: 1}, 'gamma': np.float64(0.05994842503189409), 'kernel': 'poly'}",0.48750000000000004,0.75,0.625,0.6326530612244898,0.5,0.599030612244898,0.0967912949022086,1125
0.003107786178588867,0.0012414812052120407,0.0038068294525146484,0.0009355689284858557,1000.0,2000,"{1: 3, 0: 1}",0.021544346900318832,poly,"{'C': np.float64(1000.0), 'cache_size': 2000, 'class_weight': {1: 3, 0: 1}, 'gamma': np.float64(0.021544346900318832), 'kernel': 'poly'}",0.48750000000000004,0.75,0.625,0.6326530612244898,0.5,0.599030612244898,0.0967912949022086,1125
0.003003644943237305,0.0005506059210159085,0.003911399841308593,0.0008660924136356009,359.38136638046257,2000,"{1: 3, 0: 1}",0.05994842503189409,poly,"{'C': np.float64(359.38136638046257), 'cache_size': 2000, 'class_weight': {1: 3, 0: 1}, 'gamma': np.float64(0.05994842503189409), 'kernel': 'poly'}",0.48750000000000004,0.75,0.625,0.6326530612244898,0.5,0.599030612244898,0.0967912949022086,1125
0.00290532112121582,0.000924161655178454,0.0032059669494628905,0.00025120695686939277,129.15496650148827,2000,"{1: 3, 0: 1}",0.05994842503189409,poly,"{'C': np.float64(129.15496650148827), 'cache_size': 2000, 'class_weight': {1: 3, 0: 1}, 'gamma': np.float64(0.05994842503189409), 'kernel': 'poly'}",0.48750000000000004,0.75,0.625,0.6326530612244898,0.5,0.599030612244898,0.0967912949022086,1125
0.005812835693359375,0.00315072385056227,0.005410957336425781,0.0012460541654700549,0.774263682681127,2000,"{1: 2, 0: 1}",0.05994842503189409,rbf,"{'C': np.float64(0.774263682681127), 'cache_size': 2000, 'class_weight': {1: 2, 0: 1}, 'gamma': np.float64(0.05994842503189409), 'kernel': 'rbf'}",0.5125,0.7,0.5812499999999999,0.5782312925170069,0.6214285714285714,0.5986819727891156,0.06153403419296731,1129
0.003410005569458008,0.0003772694071106303,0.0033026695251464843,0.00040137311699442436,16.68100537200059,2000,"{1: 3.5, 0: 1}",0.46415888336127775,sigmoid,"{'C': np.float64(16.68100537200059), 'cache_size': 2000, 'class_weight': {1: 3.5, 0: 1}, 'gamma': np.float64(0.46415888336127775), 'kernel': 'sigmoid'}",0.63125,0.8062500000000001,0.575,0.5374149659863945,0.44285714285714284,0.5985544217687074,0.12061587005978168,1130
0.003407144546508789,0.0010751409265486909,0.004406976699829102,0.0007388648220337729,2.1544346900318834,2000,"{1: 2, 0: 1}",0.021544346900318832,rbf,"{'C': np.float64(2.1544346900318834), 'cache_size': 2000, 'class_weight': {1: 2, 0: 1}, 'gamma': np.float64(0.021544346900318832), 'kernel': 'rbf'}",0.51875,0.7,0.5812499999999999,0.5782312925170069,0.6142857142857143,0.5985034013605441,0.05936309328310826,1131
0.0030071258544921873,0.0003167541848107923,0.0037069320678710938,0.0007472403115114961,0.774263682681127,2000,"{1: 2, 0: 1}",0.46415888336127775,sigmoid,"{'C': np.float64(0.774263682681127), 'cache_size': 2000, 'class_weight': {1: 2, 0: 1}, 'gamma': np.float64(0.46415888336127775), 'kernel': 'sigmoid'}",0.5249999999999999,0.69375,0.5812499999999999,0.5850340136054422,0.6071428571428572,0.5984353741496599,0.05482405655671168,1132
0.003105640411376953,0.00020885603612517408,0.003403329849243164,0.00037497919302645734,0.774263682681127,2000,"{1: 2, 0: 1}",0.021544346900318832,rbf,"{'C': np.float64(0.774263682681127), 'cache_size': 2000, 'class_weight': {1: 2, 0: 1}, 'gamma': np.float64(0.021544346900318832), 'kernel': 'rbf'}",0.51875,0.7,0.5875,0.5782312925170069,0.6071428571428572,0.5983248299319728,0.05876849251062903,1133
0.0033075809478759766,0.0002501111578573876,0.003910064697265625,0.001118774806549099,46.41588833612777,2000,"{1: 2, 0: 1}",0.0027825594022071257,rbf,"{'C': np.float64(46.41588833612777), 'cache_size': 2000, 'class_weight': {1: 2, 0: 1}, 'gamma': np.float64(0.0027825594022071257), 'kernel': 'rbf'}",0.5249999999999999,0.7,0.5812499999999999,0.5850340136054422,0.6,0.5982568027210884,0.05689525387059288,1134
0.004204988479614258,0.0011621884570134963,0.003408527374267578,0.00020411580309286317,0.2782559402207124,2000,"{1: 2, 0: 1}",10.0,linear,"{'C': np.float64(0.2782559402207124), 'cache_size': 2000, 'class_weight': {1: 2, 0: 1}, 'gamma': np.float64(10.0), 'kernel': 'linear'}",0.5249999999999999,0.7,0.5812499999999999,0.5850340136054422,0.6,0.5982568027210884,0.05689525387059288,1134
0.0030069828033447267,0.00031697555608106135,0.0035069942474365234,0.000774207142060279,129.15496650148827,2000,"{1: 2, 0: 1}",0.001,rbf,"{'C': np.float64(129.15496650148827), 'cache_size': 2000, 'class_weight': {1: 2, 0: 1}, 'gamma': np.float64(0.001), 'kernel': 'rbf'}",0.5249999999999999,0.7,0.5812499999999999,0.5850340136054422,0.6,0.5982568027210884,0.05689525387059288,1134
0.0031076908111572266,0.00037875801908731634,0.0030059337615966795,9.482227914223095e-06,0.2782559402207124,2000,"{1: 2, 0: 1}",0.001,linear,"{'C': np.float64(0.2782559402207124), 'cache_size': 2000, 'class_weight': {1: 2, 0: 1}, 'gamma': np.float64(0.001), 'kernel': 'linear'}",0.5249999999999999,0.7,0.5812499999999999,0.5850340136054422,0.6,0.5982568027210884,0.05689525387059288,1134
0.00411381721496582,0.0014612432293616797,0.004010057449340821,0.0007071164767165219,0.2782559402207124,2000,"{1: 2, 0: 1}",0.0027825594022071257,linear,"{'C': np.float64(0.2782559402207124), 'cache_size': 2000, 'class_weight': {1: 2, 0: 1}, 'gamma': np.float64(0.0027825594022071257), 'kernel': 'linear'}",0.5249999999999999,0.7,0.5812499999999999,0.5850340136054422,0.6,0.5982568027210884,0.05689525387059288,1134
0.0034059524536132813,0.0003751788153739761,0.0027070045471191406,0.00039821627199655447,0.2782559402207124,2000,"{1: 2, 0: 1}",0.007742636826811269,linear,"{'C': np.float64(0.2782559402207124), 'cache_size': 2000, 'class_weight': {1: 2, 0: 1}, 'gamma': np.float64(0.007742636826811269), 'kernel': 'linear'}",0.5249999999999999,0.7,0.5812499999999999,0.5850340136054422,0.6,0.5982568027210884,0.05689525387059288,1134
0.002802610397338867,0.0005105522196129534,0.0031122207641601563,0.0007929388833769106,0.2782559402207124,2000,"{1: 2, 0: 1}",0.1668100537200059,linear,"{'C': np.float64(0.2782559402207124), 'cache_size': 2000, 'class_weight': {1: 2, 0: 1}, 'gamma': np.float64(0.1668100537200059), 'kernel': 'linear'}",0.5249999999999999,0.7,0.5812499999999999,0.5850340136054422,0.6,0.5982568027210884,0.05689525387059288,1134
0.004004764556884766,0.0009372496340458702,0.0038042545318603517,0.0008135217761919911,16.68100537200059,2000,"{1: 2, 0: 1}",0.007742636826811269,rbf,"{'C': np.float64(16.68100537200059), 'cache_size': 2000, 'class_weight': {1: 2, 0: 1}, 'gamma': np.float64(0.007742636826811269), 'kernel': 'rbf'}",0.5249999999999999,0.7,0.5812499999999999,0.5850340136054422,0.6,0.5982568027210884,0.05689525387059288,1134
0.002704906463623047,0.0004024651771079053,0.0029057025909423827,0.0008067138962516862,0.2782559402207124,2000,"{1: 2, 0: 1}",0.021544346900318832,linear,"{'C': np.float64(0.2782559402207124), 'cache_size': 2000, 'class_weight': {1: 2, 0: 1}, 'gamma': np.float64(0.021544346900318832), 'kernel': 'linear'}",0.5249999999999999,0.7,0.5812499999999999,0.5850340136054422,0.6,0.5982568027210884,0.05689525387059288,1134
0.004202556610107422,0.0016010767119022833,0.005208063125610352,0.00040378167934689864,0.2782559402207124,2000,"{1: 2, 0: 1}",0.05994842503189409,linear,"{'C': np.float64(0.2782559402207124), 'cache_size': 2000, 'class_weight': {1: 2, 0: 1}, 'gamma': np.float64(0.05994842503189409), 'kernel': 'linear'}",0.5249999999999999,0.7,0.5812499999999999,0.5850340136054422,0.6,0.5982568027210884,0.05689525387059288,1134
0.0032145500183105467,0.0008190557538150708,0.004008579254150391,0.0007055282238271621,0.2782559402207124,2000,"{1: 2, 0: 1}",1.2915496650148828,linear,"{'C': np.float64(0.2782559402207124), 'cache_size': 2000, 'class_weight': {1: 2, 0: 1}, 'gamma': np.float64(1.2915496650148828), 'kernel': 'linear'}",0.5249999999999999,0.7,0.5812499999999999,0.5850340136054422,0.6,0.5982568027210884,0.05689525387059288,1134
0.002702617645263672,0.00039856531919835793,0.0031193256378173827,0.0004798229104666357,0.2782559402207124,2000,"{1: 2, 0: 1}",3.593813663804626,linear,"{'C': np.float64(0.2782559402207124), 'cache_size': 2000, 'class_weight': {1: 2, 0: 1}, 'gamma': np.float64(3.593813663804626), 'kernel': 'linear'}",0.5249999999999999,0.7,0.5812499999999999,0.5850340136054422,0.6,0.5982568027210884,0.05689525387059288,1134
0.002902793884277344,0.0001971978732396513,0.003811216354370117,0.0005141462821902177,0.2782559402207124,2000,"{1: 2, 0: 1}",0.46415888336127775,linear,"{'C': np.float64(0.2782559402207124), 'cache_size': 2000, 'class_weight': {1: 2, 0: 1}, 'gamma': np.float64(0.46415888336127775), 'kernel': 'linear'}",0.5249999999999999,0.7,0.5812499999999999,0.5850340136054422,0.6,0.5982568027210884,0.05689525387059288,1134
0.0030151844024658204,0.0003171812962886382,0.00410618782043457,0.0006657912412730204,0.2782559402207124,2000,"{1: 2, 0: 1}",0.1668100537200059,sigmoid,"{'C': np.float64(0.2782559402207124), 'cache_size': 2000, 'class_weight': {1: 2, 0: 1}, 'gamma': np.float64(0.1668100537200059), 'kernel': 'sigmoid'}",0.5249999999999999,0.7,0.5875,0.5850340136054422,0.5928571428571427,0.598078231292517,0.0566352985020827,1147
0.004607486724853516,0.0013916918962238994,0.004113149642944336,0.0007404438709019727,0.774263682681127,2000,"{1: 2, 0: 1}",0.05994842503189409,sigmoid,"{'C': np.float64(0.774263682681127), 'cache_size': 2000, 'class_weight': {1: 2, 0: 1}, 'gamma': np.float64(0.05994842503189409), 'kernel': 'sigmoid'}",0.5249999999999999,0.7,0.5875,0.5850340136054422,0.5928571428571427,0.598078231292517,0.0566352985020827,1147
0.003907442092895508,0.0011151198211439043,0.004010343551635742,0.0016439849194661894,46.41588833612777,2000,"{1: 2, 0: 1}",0.001,sigmoid,"{'C': np.float64(46.41588833612777), 'cache_size': 2000, 'class_weight': {1: 2, 0: 1}, 'gamma': np.float64(0.001), 'kernel': 'sigmoid'}",0.5249999999999999,0.7,0.5875,0.5850340136054422,0.5928571428571427,0.598078231292517,0.0566352985020827,1147
0.0034160614013671875,0.0006051907055967669,0.0032043933868408205,0.0005083441363907768,2.1544346900318834,2000,"{1: 2, 0: 1}",0.021544346900318832,sigmoid,"{'C': np.float64(2.1544346900318834), 'cache_size': 2000, 'class_weight': {1: 2, 0: 1}, 'gamma': np.float64(0.021544346900318832), 'kernel': 'sigmoid'}",0.5249999999999999,0.7,0.5875,0.5850340136054422,0.5928571428571427,0.598078231292517,0.0566352985020827,1147
0.0035051822662353514,0.000892519094571966,0.003916788101196289,0.0011793520651407511,16.68100537200059,2000,"{1: 2, 0: 1}",0.0027825594022071257,sigmoid,"{'C': np.float64(16.68100537200059), 'cache_size': 2000, 'class_weight': {1: 2, 0: 1}, 'gamma': np.float64(0.0027825594022071257), 'kernel': 'sigmoid'}",0.5249999999999999,0.7,0.5875,0.5850340136054422,0.5928571428571427,0.598078231292517,0.0566352985020827,1147
0.0028023719787597656,0.0002434324913589599,0.0034074783325195312,0.00037398131908764943,5.994842503189409,2000,"{1: 2, 0: 1}",0.007742636826811269,sigmoid,"{'C': np.float64(5.994842503189409), 'cache_size': 2000, 'class_weight': {1: 2, 0: 1}, 'gamma': np.float64(0.007742636826811269), 'kernel': 'sigmoid'}",0.5249999999999999,0.7,0.5875,0.5850340136054422,0.5928571428571427,0.598078231292517,0.0566352985020827,1147
0.003705549240112305,0.0015381697971160201,0.003707695007324219,0.0011264740048039042,2.1544346900318834,2000,"{1: 2, 0: 1}",0.007742636826811269,sigmoid,"{'C': np.float64(2.1544346900318834), 'cache_size': 2000, 'class_weight': {1: 2, 0: 1}, 'gamma': np.float64(0.007742636826811269), 'kernel': 'sigmoid'}",0.525,0.725,0.575,0.564625850340136,0.6,0.5979251700680271,0.06797765201582855,1153
0.003655672073364258,0.0004909827612201314,0.00355682373046875,0.0006729880487166237,16.68100537200059,2000,"{1: 2, 0: 1}",0.001,sigmoid,"{'C': np.float64(16.68100537200059), 'cache_size': 2000, 'class_weight': {1: 2, 0: 1}, 'gamma': np.float64(0.001), 'kernel': 'sigmoid'}",0.525,0.725,0.575,0.564625850340136,0.6,0.5979251700680271,0.06797765201582855,1153
0.0030066967010498047,0.00031625355936137277,0.0033072471618652345,0.0008709837830637513,0.2782559402207124,2000,"{1: 2, 0: 1}",0.05994842503189409,sigmoid,"{'C': np.float64(0.2782559402207124), 'cache_size': 2000, 'class_weight': {1: 2, 0: 1}, 'gamma': np.float64(0.05994842503189409), 'kernel': 'sigmoid'}",0.525,0.725,0.575,0.564625850340136,0.6,0.5979251700680271,0.06797765201582855,1153
0.0029051780700683595,0.00020049782873520693,0.0037203311920166017,0.0006756822980330279,5.994842503189409,2000,"{1: 2, 0: 1}",0.001,rbf,"{'C': np.float64(5.994842503189409), 'cache_size': 2000, 'class_weight': {1: 2, 0: 1}, 'gamma': np.float64(0.001), 'kernel': 'rbf'}",0.5249999999999999,0.725,0.575,0.564625850340136,0.6,0.5979251700680271,0.06797765201582857,1153
0.0032027244567871095,0.0008143496046773703,0.004123163223266601,0.0003856945746441816,5.994842503189409,2000,"{1: 2, 0: 1}",0.0027825594022071257,sigmoid,"{'C': np.float64(5.994842503189409), 'cache_size': 2000, 'class_weight': {1: 2, 0: 1}, 'gamma': np.float64(0.0027825594022071257), 'kernel': 'sigmoid'}",0.525,0.725,0.575,0.564625850340136,0.6,0.5979251700680271,0.06797765201582855,1153
0.00561370849609375,0.002804423743468134,0.010319805145263672,0.012151126801154485,0.774263682681127,2000,"{1: 2, 0: 1}",0.021544346900318832,sigmoid,"{'C': np.float64(0.774263682681127), 'cache_size': 2000, 'class_weight': {1: 2, 0: 1}, 'gamma': np.float64(0.021544346900318832), 'kernel': 'sigmoid'}",0.525,0.725,0.575,0.564625850340136,0.6,0.5979251700680271,0.06797765201582855,1153
0.002601337432861328,0.0004907209802371792,0.003711891174316406,0.0009365592285157133,0.774263682681127,2000,"{1: 3, 0: 1}",0.46415888336127775,poly,"{'C': np.float64(0.774263682681127), 'cache_size': 2000, 'class_weight': {1: 3, 0: 1}, 'gamma': np.float64(0.46415888336127775), 'kernel': 'poly'}",0.48125,0.75,0.625,0.6326530612244898,0.5,0.597780612244898,0.09825289461109306,1159
0.0037063121795654296,0.0008651719732458769,0.00360722541809082,0.0003731866456686692,129.15496650148827,2000,"{1: 3, 0: 1}",0.1668100537200059,poly,"{'C': np.float64(129.15496650148827), 'cache_size': 2000, 'class_weight': {1: 3, 0: 1}, 'gamma': np.float64(0.1668100537200059), 'kernel': 'poly'}",0.48125,0.75,0.625,0.6326530612244898,0.5,0.597780612244898,0.09825289461109306,1159
0.0034027099609375,0.0007348410723673266,0.004220294952392578,0.0008016665861264584,16.68100537200059,2000,"{1: 3, 0: 1}",0.46415888336127775,poly,"{'C': np.float64(16.68100537200059), 'cache_size': 2000, 'class_weight': {1: 3, 0: 1}, 'gamma': np.float64(0.46415888336127775), 'kernel': 'poly'}",0.48125,0.75,0.625,0.6326530612244898,0.5,0.597780612244898,0.09825289461109306,1159
0.002708578109741211,0.0004010003637319321,0.0029020309448242188,0.0001981270729237694,16.68100537200059,2000,"{1: 3, 0: 1}",0.1668100537200059,poly,"{'C': np.float64(16.68100537200059), 'cache_size': 2000, 'class_weight': {1: 3, 0: 1}, 'gamma': np.float64(0.1668100537200059), 'kernel': 'poly'}",0.48125,0.75,0.625,0.6326530612244898,0.5,0.597780612244898,0.09825289461109306,1159
0.005409717559814453,0.002139839381975903,0.007916069030761719,0.0019590332948846703,2.1544346900318834,2000,"{1: 3, 0: 1}",0.46415888336127775,poly,"{'C': np.float64(2.1544346900318834), 'cache_size': 2000, 'class_weight': {1: 3, 0: 1}, 'gamma': np.float64(0.46415888336127775), 'kernel': 'poly'}",0.48125,0.75,0.625,0.6326530612244898,0.5,0.597780612244898,0.09825289461109306,1159
0.0027023792266845704,0.00040095298673532197,0.003512716293334961,0.0004560446898679296,359.38136638046257,2000,"{1: 3, 0: 1}",0.1668100537200059,poly,"{'C': np.float64(359.38136638046257), 'cache_size': 2000, 'class_weight': {1: 3, 0: 1}, 'gamma': np.float64(0.1668100537200059), 'kernel': 'poly'}",0.48125,0.75,0.625,0.6326530612244898,0.5,0.597780612244898,0.09825289461109306,1159
0.004107332229614258,0.0010220601174219207,0.004002428054809571,0.0009507762936172092,1000.0,2000,"{1: 3, 0: 1}",0.05994842503189409,poly,"{'C': np.float64(1000.0), 'cache_size': 2000, 'class_weight': {1: 3, 0: 1}, 'gamma': np.float64(0.05994842503189409), 'kernel': 'poly'}",0.48125,0.75,0.625,0.6326530612244898,0.5,0.597780612244898,0.09825289461109306,1159
0.002802753448486328,0.0006773018662366496,0.0033078670501708986,0.00040258216175194123,5.994842503189409,2000,"{1: 3, 0: 1}",0.46415888336127775,poly,"{'C': np.float64(5.994842503189409), 'cache_size': 2000, 'class_weight': {1: 3, 0: 1}, 'gamma': np.float64(0.46415888336127775), 'kernel': 'poly'}",0.48125,0.75,0.625,0.6326530612244898,0.5,0.597780612244898,0.09825289461109306,1159
0.0028032779693603514,0.0006783746484800361,0.0035126209259033203,0.0005538396777449134,46.41588833612777,2000,"{1: 3, 0: 1}",0.1668100537200059,poly,"{'C': np.float64(46.41588833612777), 'cache_size': 2000, 'class_weight': {1: 3, 0: 1}, 'gamma': np.float64(0.1668100537200059), 'kernel': 'poly'}",0.48125,0.75,0.625,0.6326530612244898,0.5,0.597780612244898,0.09825289461109306,1159
0.0053043365478515625,0.0019911095490842317,0.00612335205078125,0.0023075446515951757,0.2782559402207124,2000,"{1: 3, 0: 1}",1.2915496650148828,poly,"{'C': np.float64(0.2782559402207124), 'cache_size': 2000, 'class_weight': {1: 3, 0: 1}, 'gamma': np.float64(1.2915496650148828), 'kernel': 'poly'}",0.48125,0.75,0.625,0.6326530612244898,0.5,0.597780612244898,0.09825289461109306,1159
0.0051189899444580075,0.002468645498719608,0.004106283187866211,0.0004879834852302979,0.2782559402207124,2000,"{1: 3, 0: 1}",0.46415888336127775,poly,"{'C': np.float64(0.2782559402207124), 'cache_size': 2000, 'class_weight': {1: 3, 0: 1}, 'gamma': np.float64(0.46415888336127775), 'kernel': 'poly'}",0.48125,0.75,0.625,0.6326530612244898,0.5,0.597780612244898,0.09825289461109306,1159
0.0028063774108886717,0.0002462939577888611,0.0035079002380371095,0.0007711772446698191,0.774263682681127,2000,"{1: 3, 0: 1}",1.2915496650148828,poly,"{'C': np.float64(0.774263682681127), 'cache_size': 2000, 'class_weight': {1: 3, 0: 1}, 'gamma': np.float64(1.2915496650148828), 'kernel': 'poly'}",0.48125,0.75,0.625,0.6326530612244898,0.5,0.597780612244898,0.09825289461109306,1159
0.003507852554321289,0.0010569890113103955,0.0031056880950927736,0.00020083843352607797,5.994842503189409,2000,"{1: 3, 0: 1}",0.1668100537200059,poly,"{'C': np.float64(5.994842503189409), 'cache_size': 2000, 'class_weight': {1: 3, 0: 1}, 'gamma': np.float64(0.1668100537200059), 'kernel': 'poly'}",0.48125,0.75,0.625,0.6326530612244898,0.5,0.597780612244898,0.09825289461109306,1159
0.0037048816680908202,0.0007481184111011675,0.003806400299072266,0.0006814937480757514,0.1,2000,"{1: 3, 0: 1}",1.2915496650148828,poly,"{'C': np.float64(0.1), 'cache_size': 2000, 'class_weight': {1: 3, 0: 1}, 'gamma': np.float64(1.2915496650148828), 'kernel': 'poly'}",0.48125,0.75,0.625,0.6326530612244898,0.5,0.597780612244898,0.09825289461109306,1159
0.004407739639282227,0.001528162890465661,0.0034210205078125,0.0017793761442773963,0.2782559402207124,2000,"{1: 2, 0: 1}",0.05994842503189409,rbf,"{'C': np.float64(0.2782559402207124), 'cache_size': 2000, 'class_weight': {1: 2, 0: 1}, 'gamma': np.float64(0.05994842503189409), 'kernel': 'rbf'}",0.5125,0.69375,0.5812499999999999,0.5782312925170069,0.6214285714285714,0.5974319727891155,0.05949279196704472,1173
0.004702568054199219,0.0013290633202792527,0.005314540863037109,0.001328326217337989,5.994842503189409,2000,"{1: 2, 0: 1}",0.0027825594022071257,rbf,"{'C': np.float64(5.994842503189409), 'cache_size': 2000, 'class_weight': {1: 2, 0: 1}, 'gamma': np.float64(0.0027825594022071257), 'kernel': 'rbf'}",0.5249999999999999,0.68125,0.5875,0.5850340136054422,0.6071428571428572,0.5971853741496598,0.05023584987543927,1174
0.0028032302856445313,0.0005092973687953843,0.003202056884765625,0.00039954283653054,1000.0,2000,"{1: 3.5, 0: 1}",0.0027825594022071257,rbf,"{'C': np.float64(1000.0), 'cache_size': 2000, 'class_weight': {1: 3.5, 0: 1}, 'gamma': np.float64(0.0027825594022071257), 'kernel': 'rbf'}",0.625,0.8250000000000001,0.56875,0.5238095238095238,0.44285714285714284,0.5970833333333333,0.12859462974084862,1175
0.003504371643066406,0.00031568552372949896,0.0033101558685302733,0.000252122857564605,5.994842503189409,2000,"{1: 2, 0: 1}",0.021544346900318832,rbf,"{'C': np.float64(5.994842503189409), 'cache_size': 2000, 'class_weight': {1: 2, 0: 1}, 'gamma': np.float64(0.021544346900318832), 'kernel': 'rbf'}",0.51875,0.7,0.5812499999999999,0.5782312925170069,0.6071428571428572,0.5970748299319728,0.05905123018872504,1176
0.0034134387969970703,0.0009680307308941429,0.003890800476074219,0.00048241845064670845,46.41588833612777,2000,"{1: 2, 0: 1}",0.001,rbf,"{'C': np.float64(46.41588833612777), 'cache_size': 2000, 'class_weight': {1: 2, 0: 1}, 'gamma': np.float64(0.001), 'kernel': 'rbf'}",0.5249999999999999,0.7,0.5812499999999999,0.5850340136054422,0.5928571428571427,0.5968282312925168,0.056923216833303654,1177
0.0032070636749267577,0.0008172536328893599,0.0043089866638183595,0.000501541335160027,16.68100537200059,2000,"{1: 2, 0: 1}",0.0027825594022071257,rbf,"{'C': np.float64(16.68100537200059), 'cache_size': 2000, 'class_weight': {1: 2, 0: 1}, 'gamma': np.float64(0.0027825594022071257), 'kernel': 'rbf'}",0.5249999999999999,0.7,0.5812499999999999,0.5850340136054422,0.5928571428571427,0.5968282312925168,0.056923216833303654,1177
0.0028071880340576174,0.000929344102798881,0.0037061691284179686,0.00039704937408189785,5.994842503189409,2000,"{1: 2, 0: 1}",0.007742636826811269,rbf,"{'C': np.float64(5.994842503189409), 'cache_size': 2000, 'class_weight': {1: 2, 0: 1}, 'gamma': np.float64(0.007742636826811269), 'kernel': 'rbf'}",0.5249999999999999,0.7,0.5812499999999999,0.5850340136054422,0.5928571428571427,0.5968282312925168,0.056923216833303654,1177
0.003905963897705078,0.00019047459487790152,0.003608417510986328,0.0009811612576707497,16.68100537200059,2000,"{1: 2, 0: 1}",0.46415888336127775,sigmoid,"{'C': np.float64(16.68100537200059), 'cache_size': 2000, 'class_weight': {1: 2, 0: 1}, 'gamma': np.float64(0.46415888336127775), 'kernel': 'sigmoid'}",0.575,0.7875,0.65625,0.5578231292517006,0.40714285714285714,0.5967431972789116,0.12479186244088092,1180
0.003109598159790039,0.00020902653812580093,0.0025022029876708984,0.00044803805633034387,0.2782559402207124,2000,"{1: 2, 0: 1}",1.2915496650148828,rbf,"{'C': np.float64(0.2782559402207124), 'cache_size': 2000, 'class_weight': {1: 2, 0: 1}, 'gamma': np.float64(1.2915496650148828), 'kernel': 'rbf'}",0.42500000000000004,0.675,0.5874999999999999,0.653061224489796,0.6428571428571428,0.5966836734693877,0.09055770329457992,1181
0.0032061100006103515,0.0008161503150273812,0.004408788681030273,0.0008627498972388493,0.774263682681127,2000,"{1: 3, 0: 1}",3.593813663804626,sigmoid,"{'C': np.float64(0.774263682681127), 'cache_size': 2000, 'class_weight': {1: 3, 0: 1}, 'gamma': np.float64(3.593813663804626), 'kernel': 'sigmoid'}",0.58125,0.79375,0.55,0.5510204081632653,0.5071428571428571,0.5966326530612245,0.101346316429414,1182
0.003509807586669922,0.0007821682508270887,0.0034032821655273437,0.00037521638802319793,1000.0,2000,"{1: 2, 0: 1}",0.021544346900318832,rbf,"{'C': np.float64(1000.0), 'cache_size': 2000, 'class_weight': {1: 2, 0: 1}, 'gamma': np.float64(0.021544346900318832), 'kernel': 'rbf'}",0.55625,0.68125,0.7125,0.6258503401360545,0.40714285714285714,0.5965986394557823,0.10860584364426375,1183
0.005107450485229492,0.0008520349040002118,0.0056121826171875,0.001778571786945964,2.1544346900318834,2000,"{1: 3, 0: 1}",1.2915496650148828,poly,"{'C': np.float64(2.1544346900318834), 'cache_size': 2000, 'class_weight': {1: 3, 0: 1}, 'gamma': np.float64(1.2915496650148828), 'kernel': 'poly'}",0.5125,0.75,0.6000000000000001,0.6122448979591837,0.5071428571428571,0.5963775510204081,0.08816237953069772,1184
0.0031054019927978516,0.000807534687417244,0.0035051822662353514,0.0010015103973546218,0.1,2000,"{1: 3, 0: 1}",3.593813663804626,poly,"{'C': np.float64(0.1), 'cache_size': 2000, 'class_weight': {1: 3, 0: 1}, 'gamma': np.float64(3.593813663804626), 'kernel': 'poly'}",0.5125,0.75,0.6000000000000001,0.6122448979591837,0.5071428571428571,0.5963775510204081,0.08816237953069772,1184
0.0034038543701171873,0.0003757568300169242,0.003502225875854492,0.0008960972061268625,1000.0,2000,"{1: 3, 0: 1}",0.1668100537200059,poly,"{'C': np.float64(1000.0), 'cache_size': 2000, 'class_weight': {1: 3, 0: 1}, 'gamma': np.float64(0.1668100537200059), 'kernel': 'poly'}",0.5125,0.75,0.6000000000000001,0.6122448979591837,0.5071428571428571,0.5963775510204081,0.08816237953069772,1184
0.0033046722412109373,0.0009293579382400247,0.003207969665527344,0.00024320585513967297,46.41588833612777,2000,"{1: 3, 0: 1}",0.46415888336127775,poly,"{'C': np.float64(46.41588833612777), 'cache_size': 2000, 'class_weight': {1: 3, 0: 1}, 'gamma': np.float64(0.46415888336127775), 'kernel': 'poly'}",0.5125,0.75,0.6000000000000001,0.6122448979591837,0.5071428571428571,0.5963775510204081,0.08816237953069772,1184
0.003911590576171875,0.0003741289564617013,0.002702665328979492,0.00040021472471983246,129.15496650148827,2000,"{1: 3.5, 0: 1}",10.0,linear,"{'C': np.float64(129.15496650148827), 'cache_size': 2000, 'class_weight': {1: 3.5, 0: 1}, 'gamma': np.float64(10.0), 'kernel': 'linear'}",0.6687500000000001,0.7062499999999999,0.63125,0.6394557823129251,0.3357142857142857,0.5962840136054421,0.13291112990191034,1188
0.003806877136230469,0.0014443937271400263,0.0028070449829101563,0.0005160787349376415,129.15496650148827,2000,"{1: 3.5, 0: 1}",0.1668100537200059,linear,"{'C': np.float64(129.15496650148827), 'cache_size': 2000, 'class_weight': {1: 3.5, 0: 1}, 'gamma': np.float64(0.1668100537200059), 'kernel': 'linear'}",0.6687500000000001,0.7062499999999999,0.63125,0.6394557823129251,0.3357142857142857,0.5962840136054421,0.13291112990191034,1188
0.0039023399353027345,0.0004919113138093355,0.0033113956451416016,0.0006821298464411576,129.15496650148827,2000,"{1: 3.5, 0: 1}",3.593813663804626,linear,"{'C': np.float64(129.15496650148827), 'cache_size': 2000, 'class_weight': {1: 3.5, 0: 1}, 'gamma': np.float64(3.593813663804626), 'kernel': 'linear'}",0.6687500000000001,0.7062499999999999,0.63125,0.6394557823129251,0.3357142857142857,0.5962840136054421,0.13291112990191034,1188
0.004111623764038086,0.0003756817951143378,0.0033018112182617186,0.0013995798054654957,129.15496650148827,2000,"{1: 3.5, 0: 1}",0.0027825594022071257,linear,"{'C': np.float64(129.15496650148827), 'cache_size': 2000, 'class_weight': {1: 3.5, 0: 1}, 'gamma': np.float64(0.0027825594022071257), 'kernel': 'linear'}",0.6687500000000001,0.7062499999999999,0.63125,0.6394557823129251,0.3357142857142857,0.5962840136054421,0.13291112990191034,1188
0.007221031188964844,0.004524019208334414,0.004105138778686524,0.000665733486187499,129.15496650148827,2000,"{1: 3.5, 0: 1}",0.001,linear,"{'C': np.float64(129.15496650148827), 'cache_size': 2000, 'class_weight': {1: 3.5, 0: 1}, 'gamma': np.float64(0.001), 'kernel': 'linear'}",0.6687500000000001,0.7062499999999999,0.63125,0.6394557823129251,0.3357142857142857,0.5962840136054421,0.13291112990191034,1188
0.003504371643066406,0.00044889893275338775,0.0037064552307128906,0.0007467268070498422,129.15496650148827,2000,"{1: 3.5, 0: 1}",0.05994842503189409,linear,"{'C': np.float64(129.15496650148827), 'cache_size': 2000, 'class_weight': {1: 3.5, 0: 1}, 'gamma': np.float64(0.05994842503189409), 'kernel': 'linear'}",0.6687500000000001,0.7062499999999999,0.63125,0.6394557823129251,0.3357142857142857,0.5962840136054421,0.13291112990191034,1188
0.0039051055908203127,0.0004952890691363967,0.003103828430175781,0.0003756764993195755,129.15496650148827,2000,"{1: 3.5, 0: 1}",0.46415888336127775,linear,"{'C': np.float64(129.15496650148827), 'cache_size': 2000, 'class_weight': {1: 3.5, 0: 1}, 'gamma': np.float64(0.46415888336127775), 'kernel': 'linear'}",0.6687500000000001,0.7062499999999999,0.63125,0.6394557823129251,0.3357142857142857,0.5962840136054421,0.13291112990191034,1188
0.00380706787109375,0.00081246133966524,0.003318595886230469,0.0002598597757559042,129.15496650148827,2000,"{1: 3.5, 0: 1}",1.2915496650148828,linear,"{'C': np.float64(129.15496650148827), 'cache_size': 2000, 'class_weight': {1: 3.5, 0: 1}, 'gamma': np.float64(1.2915496650148828), 'kernel': 'linear'}",0.6687500000000001,0.7062499999999999,0.63125,0.6394557823129251,0.3357142857142857,0.5962840136054421,0.13291112990191034,1188
0.005915212631225586,0.002065038601203237,0.0037047863006591797,0.0014360582183275147,129.15496650148827,2000,"{1: 3.5, 0: 1}",0.021544346900318832,linear,"{'C': np.float64(129.15496650148827), 'cache_size': 2000, 'class_weight': {1: 3.5, 0: 1}, 'gamma': np.float64(0.021544346900318832), 'kernel': 'linear'}",0.6687500000000001,0.7062499999999999,0.63125,0.6394557823129251,0.3357142857142857,0.5962840136054421,0.13291112990191034,1188
0.00451502799987793,0.0005500296591435789,0.0036071300506591796,0.00057569333510897,129.15496650148827,2000,"{1: 3.5, 0: 1}",0.007742636826811269,linear,"{'C': np.float64(129.15496650148827), 'cache_size': 2000, 'class_weight': {1: 3.5, 0: 1}, 'gamma': np.float64(0.007742636826811269), 'kernel': 'linear'}",0.6687500000000001,0.7062499999999999,0.63125,0.6394557823129251,0.3357142857142857,0.5962840136054421,0.13291112990191034,1188
0.0027053356170654297,0.0004027943984157642,0.0034032821655273437,0.0003740044095073278,359.38136638046257,2000,"{1: 3.5, 0: 1}",0.007742636826811269,rbf,"{'C': np.float64(359.38136638046257), 'cache_size': 2000, 'class_weight': {1: 3.5, 0: 1}, 'gamma': np.float64(0.007742636826811269), 'kernel': 'rbf'}",0.61875,0.8250000000000001,0.56875,0.5238095238095238,0.44285714285714284,0.5958333333333334,0.12834733005216462,1198
0.007206106185913086,0.005976514653917748,0.005917072296142578,0.0019390847135016677,129.15496650148827,2000,"{1: 3.5, 0: 1}",0.021544346900318832,rbf,"{'C': np.float64(129.15496650148827), 'cache_size': 2000, 'class_weight': {1: 3.5, 0: 1}, 'gamma': np.float64(0.021544346900318832), 'kernel': 'rbf'}",0.625,0.8250000000000001,0.5625,0.5238095238095238,0.44285714285714284,0.5958333333333334,0.12889399571554636,1198
0.004206705093383789,0.000819963822654567,0.0033105850219726563,0.0002523016824974894,1000.0,2000,"{1: 3.5, 0: 1}",0.1668100537200059,sigmoid,"{'C': np.float64(1000.0), 'cache_size': 2000, 'class_weight': {1: 3.5, 0: 1}, 'gamma': np.float64(0.1668100537200059), 'kernel': 'sigmoid'}",0.6375,0.7125,0.66875,0.6530612244897959,0.3071428571428571,0.5957908163265305,0.1464795385238638,1200
0.005407571792602539,0.002201501352141139,0.007214927673339843,0.004457095433223119,0.2782559402207124,2000,"{1: 2, 0: 1}",0.46415888336127775,sigmoid,"{'C': np.float64(0.2782559402207124), 'cache_size': 2000, 'class_weight': {1: 2, 0: 1}, 'gamma': np.float64(0.46415888336127775), 'kernel': 'sigmoid'}",0.51875,0.69375,0.5812499999999999,0.5850340136054422,0.6,0.5957568027210883,0.05634916970643537,1201
0.006213760375976563,0.0024462256258950942,0.003105831146240234,0.000666448659542656,359.38136638046257,2000,"{1: 3.5, 0: 1}",0.021544346900318832,linear,"{'C': np.float64(359.38136638046257), 'cache_size': 2000, 'class_weight': {1: 3.5, 0: 1}, 'gamma': np.float64(0.021544346900318832), 'kernel': 'linear'}",0.675,0.69375,0.65625,0.6394557823129251,0.3142857142857143,0.5957482993197278,0.14189936717672585,1202
0.006615066528320312,0.002557044636558449,0.005107784271240234,0.0020828619246685918,359.38136638046257,2000,"{1: 3.5, 0: 1}",0.0027825594022071257,linear,"{'C': np.float64(359.38136638046257), 'cache_size': 2000, 'class_weight': {1: 3.5, 0: 1}, 'gamma': np.float64(0.0027825594022071257), 'kernel': 'linear'}",0.675,0.69375,0.65625,0.6394557823129251,0.3142857142857143,0.5957482993197278,0.14189936717672585,1202
0.006912899017333984,0.0026407418305553635,0.003507709503173828,0.0005487097720090806,359.38136638046257,2000,"{1: 3.5, 0: 1}",0.001,linear,"{'C': np.float64(359.38136638046257), 'cache_size': 2000, 'class_weight': {1: 3.5, 0: 1}, 'gamma': np.float64(0.001), 'kernel': 'linear'}",0.675,0.69375,0.65625,0.6394557823129251,0.3142857142857143,0.5957482993197278,0.14189936717672585,1202
0.00932450294494629,0.005822745645393378,0.003806447982788086,0.001364923611080626,359.38136638046257,2000,"{1: 3.5, 0: 1}",0.05994842503189409,linear,"{'C': np.float64(359.38136638046257), 'cache_size': 2000, 'class_weight': {1: 3.5, 0: 1}, 'gamma': np.float64(0.05994842503189409), 'kernel': 'linear'}",0.675,0.69375,0.65625,0.6394557823129251,0.3142857142857143,0.5957482993197278,0.14189936717672585,1202
0.007113742828369141,0.002927305820729347,0.0033080577850341797,0.0006757126269753503,359.38136638046257,2000,"{1: 3.5, 0: 1}",1.2915496650148828,linear,"{'C': np.float64(359.38136638046257), 'cache_size': 2000, 'class_weight': {1: 3.5, 0: 1}, 'gamma': np.float64(1.2915496650148828), 'kernel': 'linear'}",0.675,0.69375,0.65625,0.6394557823129251,0.3142857142857143,0.5957482993197278,0.14189936717672585,1202
0.006509160995483399,0.0029483896275493914,0.0034049034118652345,0.0008073809156455792,359.38136638046257,2000,"{1: 3.5, 0: 1}",0.1668100537200059,linear,"{'C': np.float64(359.38136638046257), 'cache_size': 2000, 'class_weight': {1: 3.5, 0: 1}, 'gamma': np.float64(0.1668100537200059), 'kernel': 'linear'}",0.675,0.69375,0.65625,0.6394557823129251,0.3142857142857143,0.5957482993197278,0.14189936717672585,1202
0.007515764236450196,0.002281080406055451,0.004607534408569336,0.001531439176747206,359.38136638046257,2000,"{1: 3.5, 0: 1}",0.46415888336127775,linear,"{'C': np.float64(359.38136638046257), 'cache_size': 2000, 'class_weight': {1: 3.5, 0: 1}, 'gamma': np.float64(0.46415888336127775), 'kernel': 'linear'}",0.675,0.69375,0.65625,0.6394557823129251,0.3142857142857143,0.5957482993197278,0.14189936717672585,1202
0.009414196014404297,0.0036852413619089036,0.008527851104736328,0.006817396274711433,359.38136638046257,2000,"{1: 3.5, 0: 1}",3.593813663804626,linear,"{'C': np.float64(359.38136638046257), 'cache_size': 2000, 'class_weight': {1: 3.5, 0: 1}, 'gamma': np.float64(3.593813663804626), 'kernel': 'linear'}",0.675,0.69375,0.65625,0.6394557823129251,0.3142857142857143,0.5957482993197278,0.14189936717672585,1202
0.006107950210571289,0.0024441501752731428,0.002610588073730469,0.00037176289092520555,359.38136638046257,2000,"{1: 3.5, 0: 1}",0.007742636826811269,linear,"{'C': np.float64(359.38136638046257), 'cache_size': 2000, 'class_weight': {1: 3.5, 0: 1}, 'gamma': np.float64(0.007742636826811269), 'kernel': 'linear'}",0.675,0.69375,0.65625,0.6394557823129251,0.3142857142857143,0.5957482993197278,0.14189936717672585,1202
0.006524085998535156,0.0024379991388735122,0.004306936264038086,0.0021454303296866576,359.38136638046257,2000,"{1: 3.5, 0: 1}",10.0,linear,"{'C': np.float64(359.38136638046257), 'cache_size': 2000, 'class_weight': {1: 3.5, 0: 1}, 'gamma': np.float64(10.0), 'kernel': 'linear'}",0.675,0.69375,0.65625,0.6394557823129251,0.3142857142857143,0.5957482993197278,0.14189936717672585,1202
0.010615825653076172,0.002697061989812191,0.004506444931030274,0.0008917415519672452,1000.0,2000,"{1: 3, 0: 1}",0.0027825594022071257,linear,"{'C': np.float64(1000.0), 'cache_size': 2000, 'class_weight': {1: 3, 0: 1}, 'gamma': np.float64(0.0027825594022071257), 'kernel': 'linear'}",0.6437499999999999,0.6875000000000001,0.7375,0.5306122448979591,0.37857142857142856,0.5955867346938775,0.1282376315670932,1212
0.00801382064819336,0.002178705772027388,0.003908014297485352,0.00037915335954260903,1000.0,2000,"{1: 3, 0: 1}",3.593813663804626,linear,"{'C': np.float64(1000.0), 'cache_size': 2000, 'class_weight': {1: 3, 0: 1}, 'gamma': np.float64(3.593813663804626), 'kernel': 'linear'}",0.6437499999999999,0.6875000000000001,0.7375,0.5306122448979591,0.37857142857142856,0.5955867346938775,0.1282376315670932,1212
0.00870809555053711,0.0027379917732962868,0.0033100605010986327,0.0006785862980766251,1000.0,2000,"{1: 3, 0: 1}",10.0,linear,"{'C': np.float64(1000.0), 'cache_size': 2000, 'class_weight': {1: 3, 0: 1}, 'gamma': np.float64(10.0), 'kernel': 'linear'}",0.6437499999999999,0.6875000000000001,0.7375,0.5306122448979591,0.37857142857142856,0.5955867346938775,0.1282376315670932,1212
0.008718442916870118,0.0027352954898598432,0.005106115341186523,0.001560450234788222,1000.0,2000,"{1: 3, 0: 1}",0.001,linear,"{'C': np.float64(1000.0), 'cache_size': 2000, 'class_weight': {1: 3, 0: 1}, 'gamma': np.float64(0.001), 'kernel': 'linear'}",0.6437499999999999,0.6875000000000001,0.7375,0.5306122448979591,0.37857142857142856,0.5955867346938775,0.1282376315670932,1212
0.010319137573242187,0.003977931010347018,0.0048065662384033205,0.001368545392475398,1000.0,2000,"{1: 3, 0: 1}",0.007742636826811269,linear,"{'C': np.float64(1000.0), 'cache_size': 2000, 'class_weight': {1: 3, 0: 1}, 'gamma': np.float64(0.007742636826811269), 'kernel': 'linear'}",0.6437499999999999,0.6875000000000001,0.7375,0.5306122448979591,0.37857142857142856,0.5955867346938775,0.1282376315670932,1212
0.009313058853149415,0.0026992961266854814,0.003909873962402344,0.0018251968998995217,1000.0,2000,"{1: 3, 0: 1}",0.1668100537200059,linear,"{'C': np.float64(1000.0), 'cache_size': 2000, 'class_weight': {1: 3, 0: 1}, 'gamma': np.float64(0.1668100537200059), 'kernel': 'linear'}",0.6437499999999999,0.6875000000000001,0.7375,0.5306122448979591,0.37857142857142856,0.5955867346938775,0.1282376315670932,1212
0.007627058029174805,0.0018221839116762699,0.003004312515258789,0.0006325232052493422,1000.0,2000,"{1: 3, 0: 1}",0.021544346900318832,linear,"{'C': np.float64(1000.0), 'cache_size': 2000, 'class_weight': {1: 3, 0: 1}, 'gamma': np.float64(0.021544346900318832), 'kernel': 'linear'}",0.6437499999999999,0.6875000000000001,0.7375,0.5306122448979591,0.37857142857142856,0.5955867346938775,0.1282376315670932,1212
0.00832071304321289,0.0025882945555216284,0.004107522964477539,0.0009734250427248845,1000.0,2000,"{1: 3, 0: 1}",0.05994842503189409,linear,"{'C': np.float64(1000.0), 'cache_size': 2000, 'class_weight': {1: 3, 0: 1}, 'gamma': np.float64(0.05994842503189409), 'kernel': 'linear'}",0.6437499999999999,0.6875000000000001,0.7375,0.5306122448979591,0.37857142857142856,0.5955867346938775,0.1282376315670932,1212
0.009114694595336915,0.0021899525192985076,0.0039211750030517575,0.000737336638943295,1000.0,2000,"{1: 3, 0: 1}",1.2915496650148828,linear,"{'C': np.float64(1000.0), 'cache_size': 2000, 'class_weight': {1: 3, 0: 1}, 'gamma': np.float64(1.2915496650148828), 'kernel': 'linear'}",0.6437499999999999,0.6875000000000001,0.7375,0.5306122448979591,0.37857142857142856,0.5955867346938775,0.1282376315670932,1212
0.008916234970092774,0.0018497284513950853,0.003305196762084961,0.0005944155506064827,1000.0,2000,"{1: 3, 0: 1}",0.46415888336127775,linear,"{'C': np.float64(1000.0), 'cache_size': 2000, 'class_weight': {1: 3, 0: 1}, 'gamma': np.float64(0.46415888336127775), 'kernel': 'linear'}",0.6437499999999999,0.6875000000000001,0.7375,0.5306122448979591,0.37857142857142856,0.5955867346938775,0.1282376315670932,1212
0.005012083053588867,0.0023520315417490923,0.008715391159057617,0.0022252240458547176,0.774263682681127,2000,"{1: 2, 0: 1}",0.46415888336127775,rbf,"{'C': np.float64(0.774263682681127), 'cache_size': 2000, 'class_weight': {1: 2, 0: 1}, 'gamma': np.float64(0.46415888336127775), 'kernel': 'rbf'}",0.45625000000000004,0.69375,0.59375,0.6190476190476191,0.6142857142857142,0.5954166666666667,0.0774003180895454,1222
0.003803253173828125,0.0002425567089696096,0.003410005569458008,0.0008547131963576843,0.1,2000,"{1: 3, 0: 1}",0.46415888336127775,poly,"{'C': np.float64(0.1), 'cache_size': 2000, 'class_weight': {1: 3, 0: 1}, 'gamma': np.float64(0.46415888336127775), 'kernel': 'poly'}",0.46875,0.75,0.625,0.6326530612244898,0.5,0.5952806122448979,0.10129799781181782,1223
0.004007673263549805,0.0010460423766664865,0.0074157238006591795,0.006876848420436772,2.1544346900318834,2000,"{1: 3, 0: 1}",0.1668100537200059,poly,"{'C': np.float64(2.1544346900318834), 'cache_size': 2000, 'class_weight': {1: 3, 0: 1}, 'gamma': np.float64(0.1668100537200059), 'kernel': 'poly'}",0.46875,0.75,0.625,0.6326530612244898,0.5,0.5952806122448979,0.10129799781181782,1223
0.006512212753295899,0.0024299274309976535,0.007112646102905273,0.002851522002904482,16.68100537200059,2000,balanced,0.0027825594022071257,linear,"{'C': np.float64(16.68100537200059), 'cache_size': 2000, 'class_weight': 'balanced', 'gamma': np.float64(0.0027825594022071257), 'kernel': 'linear'}",0.5687500000000001,0.7999999999999999,0.675,0.5238095238095238,0.4071428571428571,0.5949404761904762,0.13377027682355766,1225
0.004111099243164063,0.0009777172091243297,0.003902626037597656,0.0008014989454935524,16.68100537200059,2000,balanced,0.001,linear,"{'C': np.float64(16.68100537200059), 'cache_size': 2000, 'class_weight': 'balanced', 'gamma': np.float64(0.001), 'kernel': 'linear'}",0.5687500000000001,0.7999999999999999,0.675,0.5238095238095238,0.4071428571428571,0.5949404761904762,0.13377027682355766,1225
0.003902292251586914,0.0009160551347912952,0.004414033889770508,0.0006605089966992417,16.68100537200059,2000,balanced,1.2915496650148828,linear,"{'C': np.float64(16.68100537200059), 'cache_size': 2000, 'class_weight': 'balanced', 'gamma': np.float64(1.2915496650148828), 'kernel': 'linear'}",0.5687500000000001,0.7999999999999999,0.675,0.5238095238095238,0.4071428571428571,0.5949404761904762,0.13377027682355766,1225
0.0036098480224609373,0.0005891920292564282,0.002803182601928711,0.0005116648595087105,16.68100537200059,2000,balanced,0.1668100537200059,linear,"{'C': np.float64(16.68100537200059), 'cache_size': 2000, 'class_weight': 'balanced', 'gamma': np.float64(0.1668100537200059), 'kernel': 'linear'}",0.5687500000000001,0.7999999999999999,0.675,0.5238095238095238,0.4071428571428571,0.5949404761904762,0.13377027682355766,1225
0.0038030147552490234,0.0005107397882222163,0.003009319305419922,0.00031656144792318697,16.68100537200059,2000,balanced,3.593813663804626,linear,"{'C': np.float64(16.68100537200059), 'cache_size': 2000, 'class_weight': 'balanced', 'gamma': np.float64(3.593813663804626), 'kernel': 'linear'}",0.5687500000000001,0.7999999999999999,0.675,0.5238095238095238,0.4071428571428571,0.5949404761904762,0.13377027682355766,1225
0.003609180450439453,0.0006626797292665052,0.003902244567871094,0.0006625463548917811,16.68100537200059,2000,balanced,10.0,linear,"{'C': np.float64(16.68100537200059), 'cache_size': 2000, 'class_weight': 'balanced', 'gamma': np.float64(10.0), 'kernel': 'linear'}",0.5687500000000001,0.7999999999999999,0.675,0.5238095238095238,0.4071428571428571,0.5949404761904762,0.13377027682355766,1225
0.004006528854370117,0.00032154542803379614,0.00330810546875,0.0006813299778128955,16.68100537200059,2000,balanced,0.05994842503189409,linear,"{'C': np.float64(16.68100537200059), 'cache_size': 2000, 'class_weight': 'balanced', 'gamma': np.float64(0.05994842503189409), 'kernel': 'linear'}",0.5687500000000001,0.7999999999999999,0.675,0.5238095238095238,0.4071428571428571,0.5949404761904762,0.13377027682355766,1225
0.0034089088439941406,0.0003765089714744672,0.0034039974212646484,0.0005859894034126425,16.68100537200059,2000,balanced,0.021544346900318832,linear,"{'C': np.float64(16.68100537200059), 'cache_size': 2000, 'class_weight': 'balanced', 'gamma': np.float64(0.021544346900318832), 'kernel': 'linear'}",0.5687500000000001,0.7999999999999999,0.675,0.5238095238095238,0.4071428571428571,0.5949404761904762,0.13377027682355766,1225
0.003808879852294922,0.0010800872415923173,0.003302335739135742,0.0009804948224109967,16.68100537200059,2000,balanced,0.46415888336127775,linear,"{'C': np.float64(16.68100537200059), 'cache_size': 2000, 'class_weight': 'balanced', 'gamma': np.float64(0.46415888336127775), 'kernel': 'linear'}",0.5687500000000001,0.7999999999999999,0.675,0.5238095238095238,0.4071428571428571,0.5949404761904762,0.13377027682355766,1225
0.003911209106445312,0.0006614434294968745,0.003702211380004883,0.001166072209142438,16.68100537200059,2000,balanced,0.007742636826811269,linear,"{'C': np.float64(16.68100537200059), 'cache_size': 2000, 'class_weight': 'balanced', 'gamma': np.float64(0.007742636826811269), 'kernel': 'linear'}",0.5687500000000001,0.7999999999999999,0.675,0.5238095238095238,0.4071428571428571,0.5949404761904762,0.13377027682355766,1225
0.0034074783325195312,0.0008671158710236239,0.003705739974975586,0.00039787085035191105,1000.0,2000,balanced,0.007742636826811269,rbf,"{'C': np.float64(1000.0), 'cache_size': 2000, 'class_weight': 'balanced', 'gamma': np.float64(0.007742636826811269), 'kernel': 'rbf'}",0.5750000000000001,0.7999999999999999,0.675,0.5170068027210885,0.4071428571428571,0.5948299319727891,0.13431165275475304,1235
0.0034074306488037108,0.0005863169880723692,0.004008340835571289,0.0007106572530517452,0.1,2000,"{1: 2, 0: 1}",0.46415888336127775,sigmoid,"{'C': np.float64(0.1), 'cache_size': 2000, 'class_weight': {1: 2, 0: 1}, 'gamma': np.float64(0.46415888336127775), 'kernel': 'sigmoid'}",0.51875,0.68125,0.5812499999999999,0.5850340136054422,0.6,0.5932568027210885,0.05206018574890122,1236
0.002906656265258789,0.0004953330968393106,0.003402519226074219,0.00037532698733585076,16.68100537200059,2000,"{1: 3.5, 0: 1}",3.593813663804626,sigmoid,"{'C': np.float64(16.68100537200059), 'cache_size': 2000, 'class_weight': {1: 3.5, 0: 1}, 'gamma': np.float64(3.593813663804626), 'kernel': 'sigmoid'}",0.6124999999999999,0.6812499999999999,0.625,0.6394557823129252,0.40714285714285714,0.5930697278911563,0.09580532913302085,1237
0.011435699462890626,0.007722223100706068,0.006108856201171875,0.0018852054782473608,16.68100537200059,2000,"{1: 3, 0: 1}",1.2915496650148828,sigmoid,"{'C': np.float64(16.68100537200059), 'cache_size': 2000, 'class_weight': {1: 3, 0: 1}, 'gamma': np.float64(1.2915496650148828), 'kernel': 'sigmoid'}",0.61875,0.6875,0.6,0.6802721088435374,0.37857142857142856,0.5930187074829931,0.1124618548460291,1238
0.003204154968261719,0.0005098807357984264,0.003505086898803711,0.0004515286494600275,16.68100537200059,2000,"{1: 3, 0: 1}",0.46415888336127775,sigmoid,"{'C': np.float64(16.68100537200059), 'cache_size': 2000, 'class_weight': {1: 3, 0: 1}, 'gamma': np.float64(0.46415888336127775), 'kernel': 'sigmoid'}",0.59375,0.7875,0.58125,0.564625850340136,0.43571428571428567,0.5925680272108843,0.11270477388720943,1239
0.004705905914306641,0.0015391282989633056,0.03137059211730957,0.05249890652372522,0.774263682681127,2000,"{1: 3.5, 0: 1}",3.593813663804626,sigmoid,"{'C': np.float64(0.774263682681127), 'cache_size': 2000, 'class_weight': {1: 3.5, 0: 1}, 'gamma': np.float64(3.593813663804626), 'kernel': 'sigmoid'}",0.5625,0.80625,0.5187499999999999,0.5102040816326531,0.5642857142857143,0.5923979591836733,0.10917576382755599,1240
0.00601811408996582,0.0015535653798153728,0.003201198577880859,0.00040080554069353737,129.15496650148827,2000,"{1: 2, 0: 1}",10.0,poly,"{'C': np.float64(129.15496650148827), 'cache_size': 2000, 'class_weight': {1: 2, 0: 1}, 'gamma': np.float64(10.0), 'kernel': 'poly'}",0.7625,0.50625,0.79375,0.44897959183673475,0.45,0.592295918367347,0.15345668725264877,1241
0.003406858444213867,0.0005864900996645479,0.0035024642944335937,0.0004469732649045579,0.2782559402207124,2000,"{1: 2, 0: 1}",1.2915496650148828,sigmoid,"{'C': np.float64(0.2782559402207124), 'cache_size': 2000, 'class_weight': {1: 2, 0: 1}, 'gamma': np.float64(1.2915496650148828), 'kernel': 'sigmoid'}",0.5062500000000001,0.6875,0.575,0.5850340136054422,0.6071428571428571,0.5921853741496599,0.058378029721841966,1242
0.0038043975830078123,0.001966723008982318,0.0040108680725097655,0.000958721696752832,0.2782559402207124,2000,"{1: 2, 0: 1}",0.021544346900318832,rbf,"{'C': np.float64(0.2782559402207124), 'cache_size': 2000, 'class_weight': {1: 2, 0: 1}, 'gamma': np.float64(0.021544346900318832), 'kernel': 'rbf'}",0.51875,0.675,0.58125,0.5782312925170069,0.6071428571428571,0.5920748299319729,0.05057465853687519,1243
0.00410919189453125,0.0007325865050156229,0.004607534408569336,0.0010717258522124841,46.41588833612777,2000,"{1: 2, 0: 1}",10.0,rbf,"{'C': np.float64(46.41588833612777), 'cache_size': 2000, 'class_weight': {1: 2, 0: 1}, 'gamma': np.float64(10.0), 'kernel': 'rbf'}",0.74375,0.75,0.6875,0.3129251700680272,0.46428571428571425,0.5916921768707483,0.1739572005992711,1244
0.004102087020874024,0.001199814238762099,0.003613138198852539,0.0010154286704935195,0.1,2000,"{1: 2, 0: 1}",0.1668100537200059,sigmoid,"{'C': np.float64(0.1), 'cache_size': 2000, 'class_weight': {1: 2, 0: 1}, 'gamma': np.float64(0.1668100537200059), 'kernel': 'sigmoid'}",0.525,0.69375,0.575,0.564625850340136,0.6,0.5916751700680272,0.05646924649254158,1245
0.0032075881958007813,0.00024376508768232468,0.0037147045135498048,0.0011600210587919743,1000.0,2000,balanced,0.007742636826811269,sigmoid,"{'C': np.float64(1000.0), 'cache_size': 2000, 'class_weight': 'balanced', 'gamma': np.float64(0.007742636826811269), 'kernel': 'sigmoid'}",0.59375,0.84375,0.56875,0.5374149659863945,0.41428571428571426,0.5915901360544218,0.1403443912972199,1246
0.006813859939575196,0.005231016775505308,0.004407405853271484,0.0011639516405108038,359.38136638046257,2000,balanced,0.021544346900318832,sigmoid,"{'C': np.float64(359.38136638046257), 'cache_size': 2000, 'class_weight': 'balanced', 'gamma': np.float64(0.021544346900318832), 'kernel': 'sigmoid'}",0.59375,0.84375,0.56875,0.5374149659863945,0.41428571428571426,0.5915901360544218,0.1403443912972199,1246
0.0045201778411865234,0.0007295206626094734,0.0037063121795654296,0.0007436278860856415,129.15496650148827,2000,balanced,0.05994842503189409,sigmoid,"{'C': np.float64(129.15496650148827), 'cache_size': 2000, 'class_weight': 'balanced', 'gamma': np.float64(0.05994842503189409), 'kernel': 'sigmoid'}",0.59375,0.84375,0.56875,0.5374149659863945,0.41428571428571426,0.5915901360544218,0.1403443912972199,1246
0.003116130828857422,0.000657295799777604,0.002843904495239258,0.0006381982967513379,129.15496650148827,2000,balanced,0.46415888336127775,sigmoid,"{'C': np.float64(129.15496650148827), 'cache_size': 2000, 'class_weight': 'balanced', 'gamma': np.float64(0.46415888336127775), 'kernel': 'sigmoid'}",0.5812499999999999,0.725,0.61875,0.6326530612244898,0.4,0.5915306122448979,0.10680420849629374,1249
0.005909538269042969,0.0015978834274013953,0.004006433486938477,0.0012253088082408831,129.15496650148827,2000,balanced,10.0,poly,"{'C': np.float64(129.15496650148827), 'cache_size': 2000, 'class_weight': 'balanced', 'gamma': np.float64(10.0), 'kernel': 'poly'}",0.75,0.50625,0.80625,0.4285714285714286,0.4642857142857143,0.5910714285714287,0.1557149000643189,1250
0.004307413101196289,0.0012916869315821432,0.003905582427978516,0.000803522119653914,359.38136638046257,2000,"{1: 3.5, 0: 1}",3.593813663804626,sigmoid,"{'C': np.float64(359.38136638046257), 'cache_size': 2000, 'class_weight': {1: 3.5, 0: 1}, 'gamma': np.float64(3.593813663804626), 'kernel': 'sigmoid'}",0.65,0.5375,0.70625,0.6394557823129252,0.42142857142857143,0.5909268707482993,0.10072558561544871,1251
0.0030063629150390626,0.0008398480981822342,0.003016805648803711,0.0005521044699410626,1000.0,2000,"{1: 3.5, 0: 1}",3.593813663804626,sigmoid,"{'C': np.float64(1000.0), 'cache_size': 2000, 'class_weight': {1: 3.5, 0: 1}, 'gamma': np.float64(3.593813663804626), 'kernel': 'sigmoid'}",0.65,0.5375,0.70625,0.6394557823129252,0.42142857142857143,0.5909268707482993,0.10072558561544871,1251
0.0029024124145507813,0.0004918609287109314,0.0036077499389648438,0.0005902594398104023,0.1,2000,"{1: 2, 0: 1}",1.2915496650148828,sigmoid,"{'C': np.float64(0.1), 'cache_size': 2000, 'class_weight': {1: 2, 0: 1}, 'gamma': np.float64(1.2915496650148828), 'kernel': 'sigmoid'}",0.5062500000000001,0.6875,0.575,0.5782312925170069,0.6071428571428571,0.5908248299319728,0.05860766298831112,1253
0.003310823440551758,0.0002529831490142281,0.005509471893310547,0.004764955981992867,46.41588833612777,2000,balanced,0.1668100537200059,sigmoid,"{'C': np.float64(46.41588833612777), 'cache_size': 2000, 'class_weight': 'balanced', 'gamma': np.float64(0.1668100537200059), 'kernel': 'sigmoid'}",0.59375,0.84375,0.56875,0.5374149659863945,0.40714285714285714,0.5901615646258503,0.14216643589852562,1254
0.00350189208984375,0.0006345218689899647,0.002908134460449219,0.0008682146641618912,1000.0,2000,"{1: 3.5, 0: 1}",0.007742636826811269,sigmoid,"{'C': np.float64(1000.0), 'cache_size': 2000, 'class_weight': {1: 3.5, 0: 1}, 'gamma': np.float64(0.007742636826811269), 'kernel': 'sigmoid'}",0.60625,0.7937500000000001,0.575,0.5374149659863945,0.43571428571428567,0.589625850340136,0.11710823412128225,1255
0.0037099361419677735,0.0009765084189289203,0.0031039237976074217,0.000736018958444901,129.15496650148827,2000,"{1: 3.5, 0: 1}",0.05994842503189409,sigmoid,"{'C': np.float64(129.15496650148827), 'cache_size': 2000, 'class_weight': {1: 3.5, 0: 1}, 'gamma': np.float64(0.05994842503189409), 'kernel': 'sigmoid'}",0.60625,0.7937500000000001,0.575,0.5374149659863945,0.43571428571428567,0.589625850340136,0.11710823412128225,1255
0.0036104679107666015,0.0008538979247794985,0.0039051055908203127,0.0010683843729139512,46.41588833612777,2000,"{1: 3.5, 0: 1}",0.1668100537200059,sigmoid,"{'C': np.float64(46.41588833612777), 'cache_size': 2000, 'class_weight': {1: 3.5, 0: 1}, 'gamma': np.float64(0.1668100537200059), 'kernel': 'sigmoid'}",0.60625,0.7937500000000001,0.575,0.5374149659863945,0.43571428571428567,0.589625850340136,0.11710823412128225,1255
0.0035040855407714845,0.0005502968018058446,0.0031085968017578124,0.00020654847564201346,359.38136638046257,2000,"{1: 3.5, 0: 1}",0.021544346900318832,sigmoid,"{'C': np.float64(359.38136638046257), 'cache_size': 2000, 'class_weight': {1: 3.5, 0: 1}, 'gamma': np.float64(0.021544346900318832), 'kernel': 'sigmoid'}",0.60625,0.7937500000000001,0.575,0.5374149659863945,0.43571428571428567,0.589625850340136,0.11710823412128225,1255
0.009414577484130859,0.0069209017014816845,0.005615758895874024,0.0019641761560433226,359.38136638046257,2000,balanced,3.593813663804626,rbf,"{'C': np.float64(359.38136638046257), 'cache_size': 2000, 'class_weight': 'balanced', 'gamma': np.float64(3.593813663804626), 'kernel': 'rbf'}",0.8187500000000001,0.76875,0.5875,0.2585034013605442,0.5142857142857142,0.5895578231292518,0.19995301716594718,1259
0.005401325225830078,0.0010195711934393762,0.003013467788696289,0.0006402098437666182,129.15496650148827,2000,"{1: 3.5, 0: 1}",10.0,poly,"{'C': np.float64(129.15496650148827), 'cache_size': 2000, 'class_weight': {1: 3.5, 0: 1}, 'gamma': np.float64(10.0), 'kernel': 'poly'}",0.7625,0.51875,0.78125,0.4489795918367347,0.4357142857142857,0.5894387755102042,0.15172253444135927,1260
0.009017419815063477,0.004143061442039765,0.003902101516723633,0.000663171066017882,359.38136638046257,2000,balanced,10.0,poly,"{'C': np.float64(359.38136638046257), 'cache_size': 2000, 'class_weight': 'balanced', 'gamma': np.float64(10.0), 'kernel': 'poly'}",0.76875,0.53125,0.7875,0.435374149659864,0.4214285714285714,0.5888605442176871,0.15920324326258128,1261
0.002905607223510742,0.0006633305170811442,0.003105783462524414,0.0004952346706283716,359.38136638046257,2000,"{1: 3, 0: 1}",3.593813663804626,sigmoid,"{'C': np.float64(359.38136638046257), 'cache_size': 2000, 'class_weight': {1: 3, 0: 1}, 'gamma': np.float64(3.593813663804626), 'kernel': 'sigmoid'}",0.6375,0.5874999999999999,0.7,0.6190476190476191,0.4,0.5888095238095238,0.10129084658006875,1262
0.0028023719787597656,0.0011237680701940826,0.0027083873748779295,0.0006071230204840272,1000.0,2000,"{1: 3, 0: 1}",3.593813663804626,sigmoid,"{'C': np.float64(1000.0), 'cache_size': 2000, 'class_weight': {1: 3, 0: 1}, 'gamma': np.float64(3.593813663804626), 'kernel': 'sigmoid'}",0.6375,0.5874999999999999,0.7,0.6190476190476191,0.4,0.5888095238095238,0.10129084658006875,1262
0.0027017116546630858,0.0006011894813868629,0.0032075881958007813,0.0005123405820596075,129.15496650148827,2000,"{1: 3, 0: 1}",3.593813663804626,sigmoid,"{'C': np.float64(129.15496650148827), 'cache_size': 2000, 'class_weight': {1: 3, 0: 1}, 'gamma': np.float64(3.593813663804626), 'kernel': 'sigmoid'}",0.6375,0.59375,0.69375,0.6190476190476191,0.4,0.5888095238095238,0.09997104881367919,1262
0.004106569290161133,0.000921174250178319,0.0037074565887451174,0.0006852791755474143,129.15496650148827,2000,"{1: 3, 0: 1}",3.593813663804626,linear,"{'C': np.float64(129.15496650148827), 'cache_size': 2000, 'class_weight': {1: 3, 0: 1}, 'gamma': np.float64(3.593813663804626), 'kernel': 'linear'}",0.6500000000000001,0.6500000000000001,0.625,0.6598639455782312,0.3571428571428571,0.5884013605442178,0.11620296177877913,1265
0.004106378555297852,0.0012057452226206238,0.003206682205200195,0.00024481705745032833,129.15496650148827,2000,"{1: 3, 0: 1}",0.1668100537200059,linear,"{'C': np.float64(129.15496650148827), 'cache_size': 2000, 'class_weight': {1: 3, 0: 1}, 'gamma': np.float64(0.1668100537200059), 'kernel': 'linear'}",0.6500000000000001,0.6500000000000001,0.625,0.6598639455782312,0.3571428571428571,0.5884013605442178,0.11620296177877913,1265
0.004105043411254883,0.0012792537513364238,0.0035088062286376953,0.000546050316870056,129.15496650148827,2000,"{1: 3, 0: 1}",0.05994842503189409,linear,"{'C': np.float64(129.15496650148827), 'cache_size': 2000, 'class_weight': {1: 3, 0: 1}, 'gamma': np.float64(0.05994842503189409), 'kernel': 'linear'}",0.6500000000000001,0.6500000000000001,0.625,0.6598639455782312,0.3571428571428571,0.5884013605442178,0.11620296177877913,1265
0.0036045074462890624,0.0005848558609016198,0.0033052921295166015,0.0004071523603030978,129.15496650148827,2000,"{1: 3, 0: 1}",0.001,linear,"{'C': np.float64(129.15496650148827), 'cache_size': 2000, 'class_weight': {1: 3, 0: 1}, 'gamma': np.float64(0.001), 'kernel': 'linear'}",0.6500000000000001,0.6500000000000001,0.625,0.6598639455782312,0.3571428571428571,0.5884013605442178,0.11620296177877913,1265
0.0048067569732666016,0.0018606499239631144,0.0039118766784667965,0.0008663058096400161,129.15496650148827,2000,"{1: 3, 0: 1}",0.021544346900318832,linear,"{'C': np.float64(129.15496650148827), 'cache_size': 2000, 'class_weight': {1: 3, 0: 1}, 'gamma': np.float64(0.021544346900318832), 'kernel': 'linear'}",0.6500000000000001,0.6500000000000001,0.625,0.6598639455782312,0.3571428571428571,0.5884013605442178,0.11620296177877913,1265
0.00380859375,0.0006859924204037071,0.003105783462524414,0.00020961853674494066,129.15496650148827,2000,"{1: 3, 0: 1}",0.0027825594022071257,linear,"{'C': np.float64(129.15496650148827), 'cache_size': 2000, 'class_weight': {1: 3, 0: 1}, 'gamma': np.float64(0.0027825594022071257), 'kernel': 'linear'}",0.6500000000000001,0.6500000000000001,0.625,0.6598639455782312,0.3571428571428571,0.5884013605442178,0.11620296177877913,1265
0.003404045104980469,0.00037555658254223215,0.003210592269897461,0.00025663096767681405,129.15496650148827,2000,"{1: 3, 0: 1}",1.2915496650148828,linear,"{'C': np.float64(129.15496650148827), 'cache_size': 2000, 'class_weight': {1: 3, 0: 1}, 'gamma': np.float64(1.2915496650148828), 'kernel': 'linear'}",0.6500000000000001,0.6500000000000001,0.625,0.6598639455782312,0.3571428571428571,0.5884013605442178,0.11620296177877913,1265
0.0036066055297851564,0.0003731504529178414,0.0039064884185791016,0.0013262870644280308,129.15496650148827,2000,"{1: 3, 0: 1}",0.46415888336127775,linear,"{'C': np.float64(129.15496650148827), 'cache_size': 2000, 'class_weight': {1: 3, 0: 1}, 'gamma': np.float64(0.46415888336127775), 'kernel': 'linear'}",0.6500000000000001,0.6500000000000001,0.625,0.6598639455782312,0.3571428571428571,0.5884013605442178,0.11620296177877913,1265
0.00400390625,0.0008387952928996238,0.0030087947845458983,0.0003161158269505373,129.15496650148827,2000,"{1: 3, 0: 1}",10.0,linear,"{'C': np.float64(129.15496650148827), 'cache_size': 2000, 'class_weight': {1: 3, 0: 1}, 'gamma': np.float64(10.0), 'kernel': 'linear'}",0.6500000000000001,0.6500000000000001,0.625,0.6598639455782312,0.3571428571428571,0.5884013605442178,0.11620296177877913,1265
0.004709815979003907,0.0006845969629684394,0.004402971267700196,0.0009699560359170371,129.15496650148827,2000,"{1: 3, 0: 1}",0.007742636826811269,linear,"{'C': np.float64(129.15496650148827), 'cache_size': 2000, 'class_weight': {1: 3, 0: 1}, 'gamma': np.float64(0.007742636826811269), 'kernel': 'linear'}",0.6500000000000001,0.6500000000000001,0.625,0.6598639455782312,0.3571428571428571,0.5884013605442178,0.11620296177877913,1265
0.005406093597412109,0.0013566542197929502,0.009719467163085938,0.01292547422214271,129.15496650148827,2000,"{1: 3, 0: 1}",10.0,poly,"{'C': np.float64(129.15496650148827), 'cache_size': 2000, 'class_weight': {1: 3, 0: 1}, 'gamma': np.float64(10.0), 'kernel': 'poly'}",0.7625,0.5125000000000001,0.775,0.4557823129251701,0.43571428571428567,0.5882993197278911,0.1495269257287331,1275
0.004805183410644532,0.0009294679563066802,0.0033062458038330077,0.0002496054012828266,46.41588833612777,2000,"{1: 3.5, 0: 1}",10.0,poly,"{'C': np.float64(46.41588833612777), 'cache_size': 2000, 'class_weight': {1: 3.5, 0: 1}, 'gamma': np.float64(10.0), 'kernel': 'poly'}",0.7875,0.55,0.84375,0.22448979591836735,0.5357142857142857,0.5882908163265306,0.21978414593375867,1276
0.005308628082275391,0.0009269765742869856,0.0038060665130615233,0.0006758733580770842,1000.0,2000,"{1: 3.5, 0: 1}",3.593813663804626,poly,"{'C': np.float64(1000.0), 'cache_size': 2000, 'class_weight': {1: 3.5, 0: 1}, 'gamma': np.float64(3.593813663804626), 'kernel': 'poly'}",0.7875,0.55,0.84375,0.22448979591836735,0.5357142857142857,0.5882908163265306,0.21978414593375867,1276
0.004010152816772461,0.0008426928526914359,0.0030035972595214844,0.0008387122513917205,46.41588833612777,2000,"{1: 3, 0: 1}",3.593813663804626,sigmoid,"{'C': np.float64(46.41588833612777), 'cache_size': 2000, 'class_weight': {1: 3, 0: 1}, 'gamma': np.float64(3.593813663804626), 'kernel': 'sigmoid'}",0.6375,0.59375,0.6875,0.6190476190476191,0.4,0.5875595238095237,0.09868185958133763,1278
0.003356456756591797,0.0005770450145088731,0.003354454040527344,0.0003029843565357094,16.68100537200059,2000,balanced,0.46415888336127775,sigmoid,"{'C': np.float64(16.68100537200059), 'cache_size': 2000, 'class_weight': 'balanced', 'gamma': np.float64(0.46415888336127775), 'kernel': 'sigmoid'}",0.5812499999999999,0.8375,0.58125,0.5306122448979591,0.4071428571428571,0.5875510204081633,0.14024480571110748,1279
0.006602096557617188,0.0014973064542365972,0.0032215118408203125,0.0004045303332488762,1000.0,2000,balanced,10.0,poly,"{'C': np.float64(1000.0), 'cache_size': 2000, 'class_weight': 'balanced', 'gamma': np.float64(10.0), 'kernel': 'poly'}",0.7749999999999999,0.7000000000000001,0.8125,0.3401360544217687,0.30714285714285716,0.5869557823129252,0.21827737778276335,1280
0.005407905578613282,0.0007385798240386202,0.004913043975830078,0.001158783202222034,359.38136638046257,2000,"{1: 3.5, 0: 1}",3.593813663804626,rbf,"{'C': np.float64(359.38136638046257), 'cache_size': 2000, 'class_weight': {1: 3.5, 0: 1}, 'gamma': np.float64(3.593813663804626), 'kernel': 'rbf'}",0.7749999999999999,0.75,0.58125,0.30612244897959184,0.5214285714285715,0.5867602040816327,0.17037463772622238,1281
0.003907060623168946,0.0006574227861887745,0.002904653549194336,0.0004947901639468173,46.41588833612777,2000,"{1: 3, 0: 1}",10.0,rbf,"{'C': np.float64(46.41588833612777), 'cache_size': 2000, 'class_weight': {1: 3, 0: 1}, 'gamma': np.float64(10.0), 'kernel': 'rbf'}",0.7375,0.7437499999999999,0.675,0.3129251700680272,0.46428571428571425,0.5866921768707483,0.1703761409618217,1282
0.0045130252838134766,0.0007010205389692685,0.004106378555297852,0.0010174791304874034,129.15496650148827,2000,"{1: 2, 0: 1}",0.05994842503189409,rbf,"{'C': np.float64(129.15496650148827), 'cache_size': 2000, 'class_weight': {1: 2, 0: 1}, 'gamma': np.float64(0.05994842503189409), 'kernel': 'rbf'}",0.55625,0.73125,0.71875,0.5170068027210883,0.40714285714285714,0.5860799319727892,0.12357596398667973,1283
0.006113624572753907,0.00135656585210182,0.003802061080932617,0.0007484573713935859,359.38136638046257,2000,"{1: 2, 0: 1}",10.0,poly,"{'C': np.float64(359.38136638046257), 'cache_size': 2000, 'class_weight': {1: 2, 0: 1}, 'gamma': np.float64(10.0), 'kernel': 'poly'}",0.76875,0.53125,0.79375,0.4217687074829932,0.4142857142857142,0.5859608843537415,0.1649320424962991,1284
0.003110027313232422,0.00020729842704907201,0.004905605316162109,0.003311113156600011,46.41588833612777,2000,"{1: 2, 0: 1}",0.46415888336127775,sigmoid,"{'C': np.float64(46.41588833612777), 'cache_size': 2000, 'class_weight': {1: 2, 0: 1}, 'gamma': np.float64(0.46415888336127775), 'kernel': 'sigmoid'}",0.55,0.71875,0.6749999999999999,0.5918367346938775,0.3928571428571428,0.585688775510204,0.11329369703013278,1285
0.0044097423553466795,0.0010653340199626626,0.0036071300506591796,0.0005845072258158193,46.41588833612777,2000,balanced,10.0,rbf,"{'C': np.float64(46.41588833612777), 'cache_size': 2000, 'class_weight': 'balanced', 'gamma': np.float64(10.0), 'kernel': 'rbf'}",0.7562500000000001,0.7375,0.64375,0.34013605442176864,0.44999999999999996,0.5855272108843538,0.1638391510522172,1286
0.0070149898529052734,0.002236092266995783,0.00280909538269043,0.0005128403343932496,1000.0,2000,"{1: 2, 0: 1}",10.0,poly,"{'C': np.float64(1000.0), 'cache_size': 2000, 'class_weight': {1: 2, 0: 1}, 'gamma': np.float64(10.0), 'kernel': 'poly'}",0.7749999999999999,0.675,0.8125,0.3333333333333333,0.3285714285714285,0.5848809523809525,0.21215461460657936,1287
0.0039062023162841795,0.0011116687370382541,0.0030075550079345704,0.0003109498799518273,46.41588833612777,2000,balanced,0.46415888336127775,sigmoid,"{'C': np.float64(46.41588833612777), 'cache_size': 2000, 'class_weight': 'balanced', 'gamma': np.float64(0.46415888336127775), 'kernel': 'sigmoid'}",0.56875,0.75,0.6312500000000001,0.564625850340136,0.40714285714285714,0.5843537414965987,0.11106242027743009,1288
0.005852842330932617,0.0033272022720163687,0.005004692077636719,0.004768750496114411,129.15496650148827,2000,balanced,0.007742636826811269,linear,"{'C': np.float64(129.15496650148827), 'cache_size': 2000, 'class_weight': 'balanced', 'gamma': np.float64(0.007742636826811269), 'kernel': 'linear'}",0.6125,0.6375000000000001,0.66875,0.6326530612244898,0.36428571428571427,0.5831377551020409,0.11090070593294929,1289
0.0027172088623046873,0.000981946817689417,0.002692985534667969,0.0005425545593925806,129.15496650148827,2000,balanced,3.593813663804626,linear,"{'C': np.float64(129.15496650148827), 'cache_size': 2000, 'class_weight': 'balanced', 'gamma': np.float64(3.593813663804626), 'kernel': 'linear'}",0.6125,0.6375000000000001,0.66875,0.6326530612244898,0.36428571428571427,0.5831377551020409,0.11090070593294929,1289
0.003909873962402344,0.0006613410173191723,0.0030085086822509766,0.00045074371627225795,129.15496650148827,2000,balanced,10.0,linear,"{'C': np.float64(129.15496650148827), 'cache_size': 2000, 'class_weight': 'balanced', 'gamma': np.float64(10.0), 'kernel': 'linear'}",0.6125,0.6375000000000001,0.66875,0.6326530612244898,0.36428571428571427,0.5831377551020409,0.11090070593294929,1289
0.004109764099121093,0.0002082210666843878,0.0036125659942626955,0.001027982256274249,129.15496650148827,2000,balanced,0.46415888336127775,linear,"{'C': np.float64(129.15496650148827), 'cache_size': 2000, 'class_weight': 'balanced', 'gamma': np.float64(0.46415888336127775), 'kernel': 'linear'}",0.6125,0.6375000000000001,0.66875,0.6326530612244898,0.36428571428571427,0.5831377551020409,0.11090070593294929,1289
0.004405832290649414,0.0003760048487263225,0.004109048843383789,0.0009734173251753176,129.15496650148827,2000,balanced,0.1668100537200059,linear,"{'C': np.float64(129.15496650148827), 'cache_size': 2000, 'class_weight': 'balanced', 'gamma': np.float64(0.1668100537200059), 'kernel': 'linear'}",0.6125,0.6375000000000001,0.66875,0.6326530612244898,0.36428571428571427,0.5831377551020409,0.11090070593294929,1289
0.008924770355224609,0.0038227103098145638,0.0054094791412353516,0.001286527808109478,129.15496650148827,2000,balanced,1.2915496650148828,linear,"{'C': np.float64(129.15496650148827), 'cache_size': 2000, 'class_weight': 'balanced', 'gamma': np.float64(1.2915496650148828), 'kernel': 'linear'}",0.6125,0.6375000000000001,0.66875,0.6326530612244898,0.36428571428571427,0.5831377551020409,0.11090070593294929,1289
0.00420689582824707,0.0012921295708645162,0.0030071258544921873,0.0003220987672549803,129.15496650148827,2000,balanced,0.05994842503189409,linear,"{'C': np.float64(129.15496650148827), 'cache_size': 2000, 'class_weight': 'balanced', 'gamma': np.float64(0.05994842503189409), 'kernel': 'linear'}",0.6125,0.6375000000000001,0.66875,0.6326530612244898,0.36428571428571427,0.5831377551020409,0.11090070593294929,1289
0.004306364059448242,0.0004023486105431578,0.0032167434692382812,0.00040101758364214935,129.15496650148827,2000,balanced,0.021544346900318832,linear,"{'C': np.float64(129.15496650148827), 'cache_size': 2000, 'class_weight': 'balanced', 'gamma': np.float64(0.021544346900318832), 'kernel': 'linear'}",0.6125,0.6375000000000001,0.66875,0.6326530612244898,0.36428571428571427,0.5831377551020409,0.11090070593294929,1289
0.004807472229003906,0.0009222937054158502,0.007925081253051757,0.006067820302067343,129.15496650148827,2000,balanced,0.0027825594022071257,linear,"{'C': np.float64(129.15496650148827), 'cache_size': 2000, 'class_weight': 'balanced', 'gamma': np.float64(0.0027825594022071257), 'kernel': 'linear'}",0.6125,0.6375000000000001,0.66875,0.6326530612244898,0.36428571428571427,0.5831377551020409,0.11090070593294929,1289
0.0037186145782470703,0.0006956655073845702,0.003302192687988281,0.000400239187615981,129.15496650148827,2000,balanced,0.001,linear,"{'C': np.float64(129.15496650148827), 'cache_size': 2000, 'class_weight': 'balanced', 'gamma': np.float64(0.001), 'kernel': 'linear'}",0.6125,0.6375000000000001,0.66875,0.6326530612244898,0.36428571428571427,0.5831377551020409,0.11090070593294929,1289
0.0036130428314208986,0.0005998621949700656,0.003807687759399414,0.0009271868653609724,2.1544346900318834,2000,"{1: 2, 0: 1}",0.1668100537200059,rbf,"{'C': np.float64(2.1544346900318834), 'cache_size': 2000, 'class_weight': {1: 2, 0: 1}, 'gamma': np.float64(0.1668100537200059), 'kernel': 'rbf'}",0.475,0.69375,0.58125,0.5578231292517006,0.6071428571428572,0.5829931972789116,0.0709216146746701,1299
0.0071200370788574215,0.0008681450650422701,0.0035089969635009764,0.00031574403172056017,359.38136638046257,2000,"{1: 3, 0: 1}",3.593813663804626,rbf,"{'C': np.float64(359.38136638046257), 'cache_size': 2000, 'class_weight': {1: 3, 0: 1}, 'gamma': np.float64(3.593813663804626), 'kernel': 'rbf'}",0.7625,0.7562500000000001,0.58125,0.30612244897959184,0.5071428571428571,0.5826530612244898,0.17009042156978618,1300
0.004406785964965821,0.0011605898724253419,0.003005838394165039,0.0005433566761723267,1000.0,2000,"{1: 2, 0: 1}",0.05994842503189409,sigmoid,"{'C': np.float64(1000.0), 'cache_size': 2000, 'class_weight': {1: 2, 0: 1}, 'gamma': np.float64(0.05994842503189409), 'kernel': 'sigmoid'}",0.51875,0.675,0.7,0.6326530612244898,0.38571428571428573,0.582423469387755,0.11633269541487735,1301
0.0034026622772216795,0.0007352888104588224,0.004111576080322266,0.0010747647049549262,359.38136638046257,2000,"{1: 2, 0: 1}",0.021544346900318832,rbf,"{'C': np.float64(359.38136638046257), 'cache_size': 2000, 'class_weight': {1: 2, 0: 1}, 'gamma': np.float64(0.021544346900318832), 'kernel': 'rbf'}",0.55,0.74375,0.6875,0.5306122448979592,0.4,0.5823724489795918,0.12172207711275332,1302
0.003705930709838867,0.0006035231183146367,0.003206014633178711,0.0002511657069402609,359.38136638046257,2000,"{1: 3, 0: 1}",0.46415888336127775,sigmoid,"{'C': np.float64(359.38136638046257), 'cache_size': 2000, 'class_weight': {1: 3, 0: 1}, 'gamma': np.float64(0.46415888336127775), 'kernel': 'sigmoid'}",0.55,0.7062499999999999,0.65625,0.5918367346938775,0.40714285714285714,0.582295918367347,0.10261234713152245,1303
0.005710029602050781,0.002986584133678941,0.00882101058959961,0.008908520966789684,46.41588833612777,2000,"{1: 2, 0: 1}",0.46415888336127775,linear,"{'C': np.float64(46.41588833612777), 'cache_size': 2000, 'class_weight': {1: 2, 0: 1}, 'gamma': np.float64(0.46415888336127775), 'kernel': 'linear'}",0.51875,0.69375,0.7,0.6122448979591837,0.3857142857142857,0.5820918367346939,0.11819933867436423,1304
0.0034073352813720702,0.00037460096498389195,0.003906106948852539,0.00019983804411633806,46.41588833612777,2000,"{1: 2, 0: 1}",0.001,linear,"{'C': np.float64(46.41588833612777), 'cache_size': 2000, 'class_weight': {1: 2, 0: 1}, 'gamma': np.float64(0.001), 'kernel': 'linear'}",0.51875,0.69375,0.7,0.6122448979591837,0.3857142857142857,0.5820918367346939,0.11819933867436423,1304
0.005808830261230469,0.004503562708677179,0.004514217376708984,0.0005554453146744571,46.41588833612777,2000,"{1: 2, 0: 1}",1.2915496650148828,linear,"{'C': np.float64(46.41588833612777), 'cache_size': 2000, 'class_weight': {1: 2, 0: 1}, 'gamma': np.float64(1.2915496650148828), 'kernel': 'linear'}",0.51875,0.69375,0.7,0.6122448979591837,0.3857142857142857,0.5820918367346939,0.11819933867436423,1304
0.0036098003387451173,0.0009782631462416918,0.003804779052734375,0.001290287918199046,46.41588833612777,2000,"{1: 2, 0: 1}",0.021544346900318832,linear,"{'C': np.float64(46.41588833612777), 'cache_size': 2000, 'class_weight': {1: 2, 0: 1}, 'gamma': np.float64(0.021544346900318832), 'kernel': 'linear'}",0.51875,0.69375,0.7,0.6122448979591837,0.3857142857142857,0.5820918367346939,0.11819933867436423,1304
0.003803586959838867,0.0012082270338690392,0.003913688659667969,0.0009775697344551288,46.41588833612777,2000,"{1: 2, 0: 1}",0.007742636826811269,linear,"{'C': np.float64(46.41588833612777), 'cache_size': 2000, 'class_weight': {1: 2, 0: 1}, 'gamma': np.float64(0.007742636826811269), 'kernel': 'linear'}",0.51875,0.69375,0.7,0.6122448979591837,0.3857142857142857,0.5820918367346939,0.11819933867436423,1304
0.003911399841308593,0.0009731028717546655,0.0035028457641601562,0.001264614072884184,46.41588833612777,2000,"{1: 2, 0: 1}",10.0,linear,"{'C': np.float64(46.41588833612777), 'cache_size': 2000, 'class_weight': {1: 2, 0: 1}, 'gamma': np.float64(10.0), 'kernel': 'linear'}",0.51875,0.69375,0.7,0.6122448979591837,0.3857142857142857,0.5820918367346939,0.11819933867436423,1304
0.002901792526245117,0.00019872259364147888,0.005312156677246094,0.002663620229341377,46.41588833612777,2000,"{1: 2, 0: 1}",0.05994842503189409,linear,"{'C': np.float64(46.41588833612777), 'cache_size': 2000, 'class_weight': {1: 2, 0: 1}, 'gamma': np.float64(0.05994842503189409), 'kernel': 'linear'}",0.51875,0.69375,0.7,0.6122448979591837,0.3857142857142857,0.5820918367346939,0.11819933867436423,1304
0.0027080059051513674,0.0006073053982132037,0.003307485580444336,0.0002495501471102144,46.41588833612777,2000,"{1: 2, 0: 1}",0.1668100537200059,linear,"{'C': np.float64(46.41588833612777), 'cache_size': 2000, 'class_weight': {1: 2, 0: 1}, 'gamma': np.float64(0.1668100537200059), 'kernel': 'linear'}",0.51875,0.69375,0.7,0.6122448979591837,0.3857142857142857,0.5820918367346939,0.11819933867436423,1304
0.003810596466064453,0.0012039092500048126,0.003606414794921875,0.00037289066995476816,46.41588833612777,2000,"{1: 2, 0: 1}",3.593813663804626,linear,"{'C': np.float64(46.41588833612777), 'cache_size': 2000, 'class_weight': {1: 2, 0: 1}, 'gamma': np.float64(3.593813663804626), 'kernel': 'linear'}",0.51875,0.69375,0.7,0.6122448979591837,0.3857142857142857,0.5820918367346939,0.11819933867436423,1304
0.003406667709350586,0.0010653487806425621,0.003407573699951172,0.000590365721160892,46.41588833612777,2000,"{1: 2, 0: 1}",0.0027825594022071257,linear,"{'C': np.float64(46.41588833612777), 'cache_size': 2000, 'class_weight': {1: 2, 0: 1}, 'gamma': np.float64(0.0027825594022071257), 'kernel': 'linear'}",0.51875,0.69375,0.7,0.6122448979591837,0.3857142857142857,0.5820918367346939,0.11819933867436423,1304
0.0027048587799072266,0.0004018713864960804,0.004106760025024414,0.0007964306169320193,0.774263682681127,2000,"{1: 2, 0: 1}",1.2915496650148828,rbf,"{'C': np.float64(0.774263682681127), 'cache_size': 2000, 'class_weight': {1: 2, 0: 1}, 'gamma': np.float64(1.2915496650148828), 'kernel': 'rbf'}",0.39375000000000004,0.65625,0.64375,0.6666666666666667,0.55,0.5820833333333333,0.10291413627118698,1314
0.004515600204467773,0.0015818652360874777,0.0037063121795654296,0.0005984381299100264,46.41588833612777,2000,"{1: 3.5, 0: 1}",10.0,rbf,"{'C': np.float64(46.41588833612777), 'cache_size': 2000, 'class_weight': {1: 3.5, 0: 1}, 'gamma': np.float64(10.0), 'kernel': 'rbf'}",0.74375,0.71875,0.66875,0.3129251700680272,0.46428571428571425,0.5816921768707483,0.16652124842719027,1315
0.004109525680541992,0.00020757300418989096,0.0030032634735107423,0.0003155402151100463,16.68100537200059,2000,balanced,1.2915496650148828,sigmoid,"{'C': np.float64(16.68100537200059), 'cache_size': 2000, 'class_weight': 'balanced', 'gamma': np.float64(1.2915496650148828), 'kernel': 'sigmoid'}",0.575,0.7000000000000001,0.5875,0.6666666666666666,0.37857142857142856,0.581547619047619,0.11185155776768016,1316
0.005313205718994141,0.0006828174809534729,0.005007123947143555,0.002880264281283048,359.38136638046257,2000,"{1: 2, 0: 1}",3.593813663804626,rbf,"{'C': np.float64(359.38136638046257), 'cache_size': 2000, 'class_weight': {1: 2, 0: 1}, 'gamma': np.float64(3.593813663804626), 'kernel': 'rbf'}",0.74375,0.76875,0.5875,0.30612244897959184,0.5,0.5812244897959185,0.1696456843404127,1317
0.0035016536712646484,0.0011844004393113375,0.003003692626953125,0.0008359762213764364,46.41588833612777,2000,"{1: 3.5, 0: 1}",3.593813663804626,sigmoid,"{'C': np.float64(46.41588833612777), 'cache_size': 2000, 'class_weight': {1: 3.5, 0: 1}, 'gamma': np.float64(3.593813663804626), 'kernel': 'sigmoid'}",0.61875,0.53125,0.70625,0.6326530612244897,0.41428571428571426,0.5806377551020407,0.10004871132428934,1318
0.0029076099395751952,0.0005880654372606447,0.004004335403442383,0.0003165893726710154,129.15496650148827,2000,"{1: 2, 0: 1}",0.1668100537200059,sigmoid,"{'C': np.float64(129.15496650148827), 'cache_size': 2000, 'class_weight': {1: 2, 0: 1}, 'gamma': np.float64(0.1668100537200059), 'kernel': 'sigmoid'}",0.54375,0.71875,0.68125,0.5646258503401361,0.3928571428571428,0.5802465986394558,0.11495711974724387,1319
0.003705596923828125,0.0006053118135239816,0.003307199478149414,0.0008188257566171042,0.1,2000,"{1: 3.5, 0: 1}",0.0027825594022071257,poly,"{'C': np.float64(0.1), 'cache_size': 2000, 'class_weight': {1: 3.5, 0: 1}, 'gamma': np.float64(0.0027825594022071257), 'kernel': 'poly'}",0.46875,0.65625,0.75625,0.5170068027210885,0.5,0.5796513605442177,0.10919910499273264,1320
0.0030075550079345704,0.0003229735537197535,0.0028047084808349608,0.00040129546642580876,0.1,2000,"{1: 3.5, 0: 1}",0.007742636826811269,poly,"{'C': np.float64(0.1), 'cache_size': 2000, 'class_weight': {1: 3.5, 0: 1}, 'gamma': np.float64(0.007742636826811269), 'kernel': 'poly'}",0.46875,0.65625,0.75625,0.5170068027210885,0.5,0.5796513605442177,0.10919910499273264,1320
0.004210519790649414,0.0012064729203650369,0.004006624221801758,0.0010500129733753934,0.1,2000,"{1: 3.5, 0: 1}",0.021544346900318832,poly,"{'C': np.float64(0.1), 'cache_size': 2000, 'class_weight': {1: 3.5, 0: 1}, 'gamma': np.float64(0.021544346900318832), 'kernel': 'poly'}",0.46875,0.65625,0.75625,0.5170068027210885,0.5,0.5796513605442177,0.10919910499273264,1320
0.0031022071838378907,0.0004884420536170199,0.00381011962890625,0.0005134195251866876,0.1,2000,"{1: 3.5, 0: 1}",0.05994842503189409,poly,"{'C': np.float64(0.1), 'cache_size': 2000, 'class_weight': {1: 3.5, 0: 1}, 'gamma': np.float64(0.05994842503189409), 'kernel': 'poly'}",0.46875,0.65625,0.75625,0.5170068027210885,0.5,0.5796513605442177,0.10919910499273264,1320
0.003206825256347656,0.0008213373343454448,0.0026065349578857423,0.0004947449343896753,0.1,2000,"{1: 3.5, 0: 1}",0.1668100537200059,poly,"{'C': np.float64(0.1), 'cache_size': 2000, 'class_weight': {1: 3.5, 0: 1}, 'gamma': np.float64(0.1668100537200059), 'kernel': 'poly'}",0.46875,0.65625,0.75625,0.5170068027210885,0.5,0.5796513605442177,0.10919910499273264,1320
0.005202102661132813,0.0009805816569849032,0.004110479354858398,0.0013577666803250663,5.994842503189409,2000,"{1: 3.5, 0: 1}",0.021544346900318832,poly,"{'C': np.float64(5.994842503189409), 'cache_size': 2000, 'class_weight': {1: 3.5, 0: 1}, 'gamma': np.float64(0.021544346900318832), 'kernel': 'poly'}",0.46875,0.65625,0.75625,0.5170068027210885,0.5,0.5796513605442177,0.10919910499273264,1320
0.002304840087890625,0.00039876527374062585,0.0031061172485351562,0.00020028891942712945,5.994842503189409,2000,"{1: 3.5, 0: 1}",0.0027825594022071257,poly,"{'C': np.float64(5.994842503189409), 'cache_size': 2000, 'class_weight': {1: 3.5, 0: 1}, 'gamma': np.float64(0.0027825594022071257), 'kernel': 'poly'}",0.46875,0.65625,0.75625,0.5170068027210885,0.5,0.5796513605442177,0.10919910499273264,1320
0.003002357482910156,0.0003165915200740636,0.005312967300415039,0.0020732204038900405,5.994842503189409,2000,"{1: 3.5, 0: 1}",0.001,poly,"{'C': np.float64(5.994842503189409), 'cache_size': 2000, 'class_weight': {1: 3.5, 0: 1}, 'gamma': np.float64(0.001), 'kernel': 'poly'}",0.46875,0.65625,0.75625,0.5170068027210885,0.5,0.5796513605442177,0.10919910499273264,1320
0.003602743148803711,0.0014641122074771193,0.007828378677368164,0.007151871398138178,5.994842503189409,2000,"{1: 3.5, 0: 1}",0.007742636826811269,poly,"{'C': np.float64(5.994842503189409), 'cache_size': 2000, 'class_weight': {1: 3.5, 0: 1}, 'gamma': np.float64(0.007742636826811269), 'kernel': 'poly'}",0.46875,0.65625,0.75625,0.5170068027210885,0.5,0.5796513605442177,0.10919910499273264,1320
0.006413078308105469,0.002807849059429701,0.010820627212524414,0.008582468911237701,5.994842503189409,2000,"{1: 3.5, 0: 1}",0.05994842503189409,poly,"{'C': np.float64(5.994842503189409), 'cache_size': 2000, 'class_weight': {1: 3.5, 0: 1}, 'gamma': np.float64(0.05994842503189409), 'kernel': 'poly'}",0.46875,0.65625,0.75625,0.5170068027210885,0.5,0.5796513605442177,0.10919910499273264,1320
0.002704429626464844,0.0005116530121983978,0.0038088321685791015,0.00039481631796618835,2.1544346900318834,2000,"{1: 3.5, 0: 1}",0.001,poly,"{'C': np.float64(2.1544346900318834), 'cache_size': 2000, 'class_weight': {1: 3.5, 0: 1}, 'gamma': np.float64(0.001), 'kernel': 'poly'}",0.46875,0.65625,0.75625,0.5170068027210885,0.5,0.5796513605442177,0.10919910499273264,1320
0.0027025222778320314,0.0004000473756791003,0.0032032489776611327,0.0006801472341391515,1000.0,2000,"{1: 3.5, 0: 1}",0.0027825594022071257,poly,"{'C': np.float64(1000.0), 'cache_size': 2000, 'class_weight': {1: 3.5, 0: 1}, 'gamma': np.float64(0.0027825594022071257), 'kernel': 'poly'}",0.46875,0.65625,0.75625,0.5170068027210885,0.5,0.5796513605442177,0.10919910499273264,1320
0.003615283966064453,0.0010687119932858442,0.004911470413208008,0.0012897736499944113,129.15496650148827,2000,"{1: 3.5, 0: 1}",0.021544346900318832,poly,"{'C': np.float64(129.15496650148827), 'cache_size': 2000, 'class_weight': {1: 3.5, 0: 1}, 'gamma': np.float64(0.021544346900318832), 'kernel': 'poly'}",0.46875,0.65625,0.75625,0.5170068027210885,0.5,0.5796513605442177,0.10919910499273264,1320
0.008013200759887696,0.003984321709228941,0.004512357711791992,0.0007033194427104899,2.1544346900318834,2000,"{1: 3.5, 0: 1}",0.007742636826811269,poly,"{'C': np.float64(2.1544346900318834), 'cache_size': 2000, 'class_weight': {1: 3.5, 0: 1}, 'gamma': np.float64(0.007742636826811269), 'kernel': 'poly'}",0.46875,0.65625,0.75625,0.5170068027210885,0.5,0.5796513605442177,0.10919910499273264,1320
0.003214454650878906,0.0005173513216312491,0.003504657745361328,0.0005497794426660682,2.1544346900318834,2000,"{1: 3.5, 0: 1}",0.05994842503189409,poly,"{'C': np.float64(2.1544346900318834), 'cache_size': 2000, 'class_weight': {1: 3.5, 0: 1}, 'gamma': np.float64(0.05994842503189409), 'kernel': 'poly'}",0.46875,0.65625,0.75625,0.5170068027210885,0.5,0.5796513605442177,0.10919910499273264,1320
0.00300750732421875,0.000845138067763137,0.003206777572631836,0.0005117315743857619,2.1544346900318834,2000,"{1: 3.5, 0: 1}",0.021544346900318832,poly,"{'C': np.float64(2.1544346900318834), 'cache_size': 2000, 'class_weight': {1: 3.5, 0: 1}, 'gamma': np.float64(0.021544346900318832), 'kernel': 'poly'}",0.46875,0.65625,0.75625,0.5170068027210885,0.5,0.5796513605442177,0.10919910499273264,1320
0.0033048152923583984,0.00024808795756057204,0.004009771347045899,0.0009571229973165432,1000.0,2000,"{1: 3.5, 0: 1}",0.001,poly,"{'C': np.float64(1000.0), 'cache_size': 2000, 'class_weight': {1: 3.5, 0: 1}, 'gamma': np.float64(0.001), 'kernel': 'poly'}",0.46875,0.65625,0.75625,0.5170068027210885,0.5,0.5796513605442177,0.10919910499273264,1320
0.003513956069946289,0.0009140578735757424,0.003203010559082031,0.000510560071046992,2.1544346900318834,2000,"{1: 3.5, 0: 1}",0.0027825594022071257,poly,"{'C': np.float64(2.1544346900318834), 'cache_size': 2000, 'class_weight': {1: 3.5, 0: 1}, 'gamma': np.float64(0.0027825594022071257), 'kernel': 'poly'}",0.46875,0.65625,0.75625,0.5170068027210885,0.5,0.5796513605442177,0.10919910499273264,1320
0.0030080318450927735,0.00030856311200997587,0.0033090591430664064,0.00039980253356010137,0.774263682681127,2000,"{1: 3.5, 0: 1}",0.001,poly,"{'C': np.float64(0.774263682681127), 'cache_size': 2000, 'class_weight': {1: 3.5, 0: 1}, 'gamma': np.float64(0.001), 'kernel': 'poly'}",0.46875,0.65625,0.75625,0.5170068027210885,0.5,0.5796513605442177,0.10919910499273264,1320
0.002805662155151367,0.0007501333772865942,0.0030059814453125,0.00032168015713142085,359.38136638046257,2000,"{1: 3.5, 0: 1}",0.021544346900318832,poly,"{'C': np.float64(359.38136638046257), 'cache_size': 2000, 'class_weight': {1: 3.5, 0: 1}, 'gamma': np.float64(0.021544346900318832), 'kernel': 'poly'}",0.46875,0.65625,0.75625,0.5170068027210885,0.5,0.5796513605442177,0.10919910499273264,1320
0.005303096771240234,0.0026793499624282752,0.004117202758789062,0.0013611354174673399,0.774263682681127,2000,"{1: 3.5, 0: 1}",0.007742636826811269,poly,"{'C': np.float64(0.774263682681127), 'cache_size': 2000, 'class_weight': {1: 3.5, 0: 1}, 'gamma': np.float64(0.007742636826811269), 'kernel': 'poly'}",0.46875,0.65625,0.75625,0.5170068027210885,0.5,0.5796513605442177,0.10919910499273264,1320
0.002806425094604492,0.0005148904105843886,0.0032072544097900392,0.0006761701619845289,16.68100537200059,2000,"{1: 3.5, 0: 1}",0.021544346900318832,poly,"{'C': np.float64(16.68100537200059), 'cache_size': 2000, 'class_weight': {1: 3.5, 0: 1}, 'gamma': np.float64(0.021544346900318832), 'kernel': 'poly'}",0.46875,0.65625,0.75625,0.5170068027210885,0.5,0.5796513605442177,0.10919910499273264,1320
0.0024063587188720703,0.0003816315486523641,0.004007768630981445,0.0008379058253577739,16.68100537200059,2000,"{1: 3.5, 0: 1}",0.001,poly,"{'C': np.float64(16.68100537200059), 'cache_size': 2000, 'class_weight': {1: 3.5, 0: 1}, 'gamma': np.float64(0.001), 'kernel': 'poly'}",0.46875,0.65625,0.75625,0.5170068027210885,0.5,0.5796513605442177,0.10919910499273264,1320
0.004303598403930664,0.0007495781937895204,0.0045147895812988285,0.0013088564832229482,16.68100537200059,2000,"{1: 3.5, 0: 1}",0.0027825594022071257,poly,"{'C': np.float64(16.68100537200059), 'cache_size': 2000, 'class_weight': {1: 3.5, 0: 1}, 'gamma': np.float64(0.0027825594022071257), 'kernel': 'poly'}",0.46875,0.65625,0.75625,0.5170068027210885,0.5,0.5796513605442177,0.10919910499273264,1320
0.0037052154541015623,0.000510857824280209,0.003406858444213867,0.00037651584379095427,16.68100537200059,2000,"{1: 3.5, 0: 1}",0.05994842503189409,poly,"{'C': np.float64(16.68100537200059), 'cache_size': 2000, 'class_weight': {1: 3.5, 0: 1}, 'gamma': np.float64(0.05994842503189409), 'kernel': 'poly'}",0.46875,0.65625,0.75625,0.5170068027210885,0.5,0.5796513605442177,0.10919910499273264,1320
0.0036028385162353515,0.001068346439184834,0.0032072067260742188,0.00024991485363834264,16.68100537200059,2000,"{1: 3.5, 0: 1}",0.007742636826811269,poly,"{'C': np.float64(16.68100537200059), 'cache_size': 2000, 'class_weight': {1: 3.5, 0: 1}, 'gamma': np.float64(0.007742636826811269), 'kernel': 'poly'}",0.46875,0.65625,0.75625,0.5170068027210885,0.5,0.5796513605442177,0.10919910499273264,1320
0.004508781433105469,0.0016408516637113392,0.006414365768432617,0.0019675594112608,0.774263682681127,2000,"{1: 3.5, 0: 1}",0.021544346900318832,poly,"{'C': np.float64(0.774263682681127), 'cache_size': 2000, 'class_weight': {1: 3.5, 0: 1}, 'gamma': np.float64(0.021544346900318832), 'kernel': 'poly'}",0.46875,0.65625,0.75625,0.5170068027210885,0.5,0.5796513605442177,0.10919910499273264,1320
0.0030070781707763673,0.0008381708093916234,0.004306650161743164,0.0010799344080133408,0.774263682681127,2000,"{1: 3.5, 0: 1}",0.05994842503189409,poly,"{'C': np.float64(0.774263682681127), 'cache_size': 2000, 'class_weight': {1: 3.5, 0: 1}, 'gamma': np.float64(0.05994842503189409), 'kernel': 'poly'}",0.46875,0.65625,0.75625,0.5170068027210885,0.5,0.5796513605442177,0.10919910499273264,1320
0.0034109115600585937,0.00037714511350122747,0.003202962875366211,0.00024787073343111263,129.15496650148827,2000,"{1: 3.5, 0: 1}",0.0027825594022071257,poly,"{'C': np.float64(129.15496650148827), 'cache_size': 2000, 'class_weight': {1: 3.5, 0: 1}, 'gamma': np.float64(0.0027825594022071257), 'kernel': 'poly'}",0.46875,0.65625,0.75625,0.5170068027210885,0.5,0.5796513605442177,0.10919910499273264,1320
0.003705453872680664,0.0007498601335796149,0.003409671783447266,0.0003764935234018315,129.15496650148827,2000,"{1: 3.5, 0: 1}",0.007742636826811269,poly,"{'C': np.float64(129.15496650148827), 'cache_size': 2000, 'class_weight': {1: 3.5, 0: 1}, 'gamma': np.float64(0.007742636826811269), 'kernel': 'poly'}",0.46875,0.65625,0.75625,0.5170068027210885,0.5,0.5796513605442177,0.10919910499273264,1320
0.0032053470611572267,0.0009794450825302743,0.003507709503173828,0.00031616524435665197,0.774263682681127,2000,"{1: 3.5, 0: 1}",0.1668100537200059,poly,"{'C': np.float64(0.774263682681127), 'cache_size': 2000, 'class_weight': {1: 3.5, 0: 1}, 'gamma': np.float64(0.1668100537200059), 'kernel': 'poly'}",0.46875,0.65625,0.75625,0.5170068027210885,0.5,0.5796513605442177,0.10919910499273264,1320
0.0037068843841552733,0.0008150433109065754,0.004105997085571289,0.0007961430528646131,129.15496650148827,2000,"{1: 3.5, 0: 1}",0.001,poly,"{'C': np.float64(129.15496650148827), 'cache_size': 2000, 'class_weight': {1: 3.5, 0: 1}, 'gamma': np.float64(0.001), 'kernel': 'poly'}",0.46875,0.65625,0.75625,0.5170068027210885,0.5,0.5796513605442177,0.10919910499273264,1320
0.0032108306884765627,0.00050604417045998,0.0031023025512695312,0.0004892500982850042,359.38136638046257,2000,"{1: 3.5, 0: 1}",0.007742636826811269,poly,"{'C': np.float64(359.38136638046257), 'cache_size': 2000, 'class_weight': {1: 3.5, 0: 1}, 'gamma': np.float64(0.007742636826811269), 'kernel': 'poly'}",0.46875,0.65625,0.75625,0.5170068027210885,0.5,0.5796513605442177,0.10919910499273264,1320
0.0035121917724609377,0.0005492681285054514,0.004602241516113281,0.0010210205922442624,0.774263682681127,2000,"{1: 3.5, 0: 1}",0.0027825594022071257,poly,"{'C': np.float64(0.774263682681127), 'cache_size': 2000, 'class_weight': {1: 3.5, 0: 1}, 'gamma': np.float64(0.0027825594022071257), 'kernel': 'poly'}",0.46875,0.65625,0.75625,0.5170068027210885,0.5,0.5796513605442177,0.10919910499273264,1320
0.0034072399139404297,0.0003744909162677972,0.00450282096862793,0.0017321598081538215,0.2782559402207124,2000,"{1: 3.5, 0: 1}",0.007742636826811269,poly,"{'C': np.float64(0.2782559402207124), 'cache_size': 2000, 'class_weight': {1: 3.5, 0: 1}, 'gamma': np.float64(0.007742636826811269), 'kernel': 'poly'}",0.46875,0.65625,0.75625,0.5170068027210885,0.5,0.5796513605442177,0.10919910499273264,1320
0.0028067588806152343,0.0005158647011247338,0.0036108970642089845,0.0005870071178210795,359.38136638046257,2000,"{1: 3.5, 0: 1}",0.0027825594022071257,poly,"{'C': np.float64(359.38136638046257), 'cache_size': 2000, 'class_weight': {1: 3.5, 0: 1}, 'gamma': np.float64(0.0027825594022071257), 'kernel': 'poly'}",0.46875,0.65625,0.75625,0.5170068027210885,0.5,0.5796513605442177,0.10919910499273264,1320
0.002908802032470703,0.00019389189794747665,0.003803539276123047,0.0006803309543458088,359.38136638046257,2000,"{1: 3.5, 0: 1}",0.001,poly,"{'C': np.float64(359.38136638046257), 'cache_size': 2000, 'class_weight': {1: 3.5, 0: 1}, 'gamma': np.float64(0.001), 'kernel': 'poly'}",0.46875,0.65625,0.75625,0.5170068027210885,0.5,0.5796513605442177,0.10919910499273264,1320
0.0029057979583740233,0.0004948354353191854,0.0034094810485839843,0.0005761989138169227,0.2782559402207124,2000,"{1: 3.5, 0: 1}",0.1668100537200059,poly,"{'C': np.float64(0.2782559402207124), 'cache_size': 2000, 'class_weight': {1: 3.5, 0: 1}, 'gamma': np.float64(0.1668100537200059), 'kernel': 'poly'}",0.46875,0.65625,0.75625,0.5170068027210885,0.5,0.5796513605442177,0.10919910499273264,1320
0.003203153610229492,0.0002480070353648056,0.0036117076873779298,0.0005898341421760333,0.2782559402207124,2000,"{1: 3.5, 0: 1}",0.05994842503189409,poly,"{'C': np.float64(0.2782559402207124), 'cache_size': 2000, 'class_weight': {1: 3.5, 0: 1}, 'gamma': np.float64(0.05994842503189409), 'kernel': 'poly'}",0.46875,0.65625,0.75625,0.5170068027210885,0.5,0.5796513605442177,0.10919910499273264,1320
0.0038074970245361326,0.0008108519259412523,0.010827970504760743,0.009416369122775659,46.41588833612777,2000,"{1: 3.5, 0: 1}",0.001,poly,"{'C': np.float64(46.41588833612777), 'cache_size': 2000, 'class_weight': {1: 3.5, 0: 1}, 'gamma': np.float64(0.001), 'kernel': 'poly'}",0.46875,0.65625,0.75625,0.5170068027210885,0.5,0.5796513605442177,0.10919910499273264,1320
0.00390782356262207,0.0016013119192455733,0.0037067413330078127,0.0010728217255443007,0.2782559402207124,2000,"{1: 3.5, 0: 1}",0.0027825594022071257,poly,"{'C': np.float64(0.2782559402207124), 'cache_size': 2000, 'class_weight': {1: 3.5, 0: 1}, 'gamma': np.float64(0.0027825594022071257), 'kernel': 'poly'}",0.46875,0.65625,0.75625,0.5170068027210885,0.5,0.5796513605442177,0.10919910499273264,1320
0.0033057212829589845,0.0009810272915917616,0.003507566452026367,0.0007124767422209197,46.41588833612777,2000,"{1: 3.5, 0: 1}",0.007742636826811269,poly,"{'C': np.float64(46.41588833612777), 'cache_size': 2000, 'class_weight': {1: 3.5, 0: 1}, 'gamma': np.float64(0.007742636826811269), 'kernel': 'poly'}",0.46875,0.65625,0.75625,0.5170068027210885,0.5,0.5796513605442177,0.10919910499273264,1320
0.0027088642120361326,0.0004007547081295483,0.0034035682678222657,0.0010700000328774924,46.41588833612777,2000,"{1: 3.5, 0: 1}",0.0027825594022071257,poly,"{'C': np.float64(46.41588833612777), 'cache_size': 2000, 'class_weight': {1: 3.5, 0: 1}, 'gamma': np.float64(0.0027825594022071257), 'kernel': 'poly'}",0.46875,0.65625,0.75625,0.5170068027210885,0.5,0.5796513605442177,0.10919910499273264,1320
0.0038032054901123045,0.0010293809929580048,0.0038037776947021486,0.0013666046921477757,1000.0,2000,"{1: 3.5, 0: 1}",0.007742636826811269,poly,"{'C': np.float64(1000.0), 'cache_size': 2000, 'class_weight': {1: 3.5, 0: 1}, 'gamma': np.float64(0.007742636826811269), 'kernel': 'poly'}",0.46875,0.65625,0.75625,0.5170068027210885,0.5,0.5796513605442177,0.10919910499273264,1320
0.0039049625396728516,0.0006613404706658061,0.003108358383178711,0.0003789683406724974,46.41588833612777,2000,"{1: 3.5, 0: 1}",0.021544346900318832,poly,"{'C': np.float64(46.41588833612777), 'cache_size': 2000, 'class_weight': {1: 3.5, 0: 1}, 'gamma': np.float64(0.021544346900318832), 'kernel': 'poly'}",0.46875,0.65625,0.75625,0.5170068027210885,0.5,0.5796513605442177,0.10919910499273264,1320
0.003410625457763672,0.0009738734384879693,0.002804279327392578,0.00040237086419954367,0.2782559402207124,2000,"{1: 3.5, 0: 1}",0.021544346900318832,poly,"{'C': np.float64(0.2782559402207124), 'cache_size': 2000, 'class_weight': {1: 3.5, 0: 1}, 'gamma': np.float64(0.021544346900318832), 'kernel': 'poly'}",0.46875,0.65625,0.75625,0.5170068027210885,0.5,0.5796513605442177,0.10919910499273264,1320
0.003806591033935547,0.0013351451584266362,0.004004287719726563,0.0010961079870227262,16.68100537200059,2000,"{1: 2, 0: 1}",0.001,linear,"{'C': np.float64(16.68100537200059), 'cache_size': 2000, 'class_weight': {1: 2, 0: 1}, 'gamma': np.float64(0.001), 'kernel': 'linear'}",0.5625,0.75,0.6625,0.5374149659863945,0.3857142857142857,0.579625850340136,0.12294081824813943,1366
0.0030025959014892576,0.0003168155886805728,0.003858327865600586,0.0008606990882521229,16.68100537200059,2000,"{1: 2, 0: 1}",3.593813663804626,linear,"{'C': np.float64(16.68100537200059), 'cache_size': 2000, 'class_weight': {1: 2, 0: 1}, 'gamma': np.float64(3.593813663804626), 'kernel': 'linear'}",0.5625,0.75,0.6625,0.5374149659863945,0.3857142857142857,0.579625850340136,0.12294081824813943,1366
0.002952384948730469,0.0005587380456702386,0.0030037879943847655,0.0005500368478511539,16.68100537200059,2000,"{1: 2, 0: 1}",0.1668100537200059,linear,"{'C': np.float64(16.68100537200059), 'cache_size': 2000, 'class_weight': {1: 2, 0: 1}, 'gamma': np.float64(0.1668100537200059), 'kernel': 'linear'}",0.5625,0.75,0.6625,0.5374149659863945,0.3857142857142857,0.579625850340136,0.12294081824813943,1366
0.0030005455017089845,0.0006325606322504395,0.005015802383422851,0.0019039792185537277,16.68100537200059,2000,"{1: 2, 0: 1}",0.05994842503189409,linear,"{'C': np.float64(16.68100537200059), 'cache_size': 2000, 'class_weight': {1: 2, 0: 1}, 'gamma': np.float64(0.05994842503189409), 'kernel': 'linear'}",0.5625,0.75,0.6625,0.5374149659863945,0.3857142857142857,0.579625850340136,0.12294081824813943,1366
0.004603290557861328,0.0016284021388701588,0.007315158843994141,0.004375789959913364,16.68100537200059,2000,"{1: 2, 0: 1}",10.0,linear,"{'C': np.float64(16.68100537200059), 'cache_size': 2000, 'class_weight': {1: 2, 0: 1}, 'gamma': np.float64(10.0), 'kernel': 'linear'}",0.5625,0.75,0.6625,0.5374149659863945,0.3857142857142857,0.579625850340136,0.12294081824813943,1366
0.003406190872192383,0.0010766799475808993,0.004109430313110352,0.0008642164004863419,16.68100537200059,2000,"{1: 2, 0: 1}",1.2915496650148828,linear,"{'C': np.float64(16.68100537200059), 'cache_size': 2000, 'class_weight': {1: 2, 0: 1}, 'gamma': np.float64(1.2915496650148828), 'kernel': 'linear'}",0.5625,0.75,0.6625,0.5374149659863945,0.3857142857142857,0.579625850340136,0.12294081824813943,1366
0.0033030033111572264,0.000599610135152891,0.0037102699279785156,0.001032134819438201,16.68100537200059,2000,"{1: 2, 0: 1}",0.46415888336127775,linear,"{'C': np.float64(16.68100537200059), 'cache_size': 2000, 'class_weight': {1: 2, 0: 1}, 'gamma': np.float64(0.46415888336127775), 'kernel': 'linear'}",0.5625,0.75,0.6625,0.5374149659863945,0.3857142857142857,0.579625850340136,0.12294081824813943,1366
0.004107809066772461,0.0013204944812175011,0.003906106948852539,0.0011128145495184953,16.68100537200059,2000,"{1: 2, 0: 1}",0.007742636826811269,linear,"{'C': np.float64(16.68100537200059), 'cache_size': 2000, 'class_weight': {1: 2, 0: 1}, 'gamma': np.float64(0.007742636826811269), 'kernel': 'linear'}",0.5625,0.75,0.6625,0.5374149659863945,0.3857142857142857,0.579625850340136,0.12294081824813943,1366
0.00280914306640625,0.0005130713668168743,0.003302907943725586,0.0004010734171062744,16.68100537200059,2000,"{1: 2, 0: 1}",0.021544346900318832,linear,"{'C': np.float64(16.68100537200059), 'cache_size': 2000, 'class_weight': {1: 2, 0: 1}, 'gamma': np.float64(0.021544346900318832), 'kernel': 'linear'}",0.5625,0.75,0.6625,0.5374149659863945,0.3857142857142857,0.579625850340136,0.12294081824813943,1366
0.004707813262939453,0.002452909602744151,0.006311178207397461,0.002989370769769529,16.68100537200059,2000,"{1: 2, 0: 1}",0.0027825594022071257,linear,"{'C': np.float64(16.68100537200059), 'cache_size': 2000, 'class_weight': {1: 2, 0: 1}, 'gamma': np.float64(0.0027825594022071257), 'kernel': 'linear'}",0.5625,0.75,0.6625,0.5374149659863945,0.3857142857142857,0.579625850340136,0.12294081824813943,1366
0.005408716201782226,0.005104917504844833,0.004206991195678711,0.0011244867808270092,359.38136638046257,2000,"{1: 2, 0: 1}",0.007742636826811269,sigmoid,"{'C': np.float64(359.38136638046257), 'cache_size': 2000, 'class_weight': {1: 2, 0: 1}, 'gamma': np.float64(0.007742636826811269), 'kernel': 'sigmoid'}",0.48750000000000004,0.7437499999999999,0.53125,0.6122448979591837,0.5214285714285714,0.579234693877551,0.09188502840179222,1376
0.005206632614135742,0.0014763058570753244,0.004405832290649414,0.0009184747256222505,1000.0,2000,"{1: 2, 0: 1}",0.0027825594022071257,sigmoid,"{'C': np.float64(1000.0), 'cache_size': 2000, 'class_weight': {1: 2, 0: 1}, 'gamma': np.float64(0.0027825594022071257), 'kernel': 'sigmoid'}",0.48750000000000004,0.7437499999999999,0.53125,0.6122448979591837,0.5214285714285714,0.579234693877551,0.09188502840179222,1376
0.004407167434692383,0.001164098863725137,0.0070133209228515625,0.007812736958338834,129.15496650148827,2000,"{1: 2, 0: 1}",0.021544346900318832,sigmoid,"{'C': np.float64(129.15496650148827), 'cache_size': 2000, 'class_weight': {1: 2, 0: 1}, 'gamma': np.float64(0.021544346900318832), 'kernel': 'sigmoid'}",0.48750000000000004,0.7437499999999999,0.53125,0.6122448979591837,0.5214285714285714,0.579234693877551,0.09188502840179222,1376
0.006013345718383789,0.006069636649044854,0.006814146041870117,0.0055231861642606826,46.41588833612777,2000,"{1: 2, 0: 1}",0.05994842503189409,sigmoid,"{'C': np.float64(46.41588833612777), 'cache_size': 2000, 'class_weight': {1: 2, 0: 1}, 'gamma': np.float64(0.05994842503189409), 'kernel': 'sigmoid'}",0.48750000000000004,0.7437499999999999,0.53125,0.6122448979591837,0.5214285714285714,0.579234693877551,0.09188502840179222,1376
0.003610706329345703,0.000580798592957796,0.0043084144592285155,0.0009248733741766546,5.994842503189409,2000,balanced,1.2915496650148828,sigmoid,"{'C': np.float64(5.994842503189409), 'cache_size': 2000, 'class_weight': 'balanced', 'gamma': np.float64(1.2915496650148828), 'kernel': 'sigmoid'}",0.5562499999999999,0.83125,0.56875,0.5238095238095237,0.4142857142857143,0.5788690476190476,0.13742589736863173,1380
0.003006458282470703,0.00032298553559297137,0.002906131744384766,0.0004922388251940936,359.38136638046257,2000,balanced,3.593813663804626,sigmoid,"{'C': np.float64(359.38136638046257), 'cache_size': 2000, 'class_weight': 'balanced', 'gamma': np.float64(3.593813663804626), 'kernel': 'sigmoid'}",0.61875,0.5875,0.6749999999999999,0.6190476190476191,0.3928571428571429,0.5786309523809524,0.09707791363226105,1381
0.003608560562133789,0.0009797469202275158,0.003705883026123047,0.0008696808154057816,1000.0,2000,balanced,3.593813663804626,sigmoid,"{'C': np.float64(1000.0), 'cache_size': 2000, 'class_weight': 'balanced', 'gamma': np.float64(3.593813663804626), 'kernel': 'sigmoid'}",0.61875,0.5875,0.6749999999999999,0.6190476190476191,0.3928571428571429,0.5786309523809524,0.09707791363226105,1381
0.005007028579711914,0.0015857245039873026,0.004520940780639649,0.0012972248224536076,16.68100537200059,2000,"{1: 2, 0: 1}",0.1668100537200059,sigmoid,"{'C': np.float64(16.68100537200059), 'cache_size': 2000, 'class_weight': {1: 2, 0: 1}, 'gamma': np.float64(0.1668100537200059), 'kernel': 'sigmoid'}",0.48750000000000004,0.7437499999999999,0.53125,0.6122448979591837,0.5142857142857142,0.5778061224489796,0.09282339176930841,1383
0.005806064605712891,0.0016989365043466598,0.0037087917327880858,0.0006812718746232897,1000.0,2000,"{1: 3, 0: 1}",10.0,poly,"{'C': np.float64(1000.0), 'cache_size': 2000, 'class_weight': {1: 3, 0: 1}, 'gamma': np.float64(10.0), 'kernel': 'poly'}",0.7749999999999999,0.7000000000000001,0.75,0.3129251700680272,0.35,0.5775850340136055,0.2027435841054483,1384
0.003104972839355469,0.00020775972824788895,0.00461125373840332,0.0009774338757365837,0.2782559402207124,2000,"{1: 3.5, 0: 1}",0.001,poly,"{'C': np.float64(0.2782559402207124), 'cache_size': 2000, 'class_weight': {1: 3.5, 0: 1}, 'gamma': np.float64(0.001), 'kernel': 'poly'}",0.45625000000000004,0.65625,0.75625,0.5170068027210885,0.5,0.5771513605442177,0.11182106838129803,1385
0.0037036895751953124,0.0007491033536671409,0.003405857086181641,0.0005853400041604907,0.1,2000,"{1: 3.5, 0: 1}",0.001,poly,"{'C': np.float64(0.1), 'cache_size': 2000, 'class_weight': {1: 3.5, 0: 1}, 'gamma': np.float64(0.001), 'kernel': 'poly'}",0.45625000000000004,0.65625,0.75625,0.5170068027210885,0.5,0.5771513605442177,0.11182106838129803,1385
0.0040128231048583984,0.002778311517560169,0.004208183288574219,0.0009228529706192375,5.994842503189409,2000,"{1: 2, 0: 1}",0.46415888336127775,sigmoid,"{'C': np.float64(5.994842503189409), 'cache_size': 2000, 'class_weight': {1: 2, 0: 1}, 'gamma': np.float64(0.46415888336127775), 'kernel': 'sigmoid'}",0.48125000000000007,0.7437499999999999,0.5249999999999999,0.6054421768707483,0.5285714285714285,0.5768027210884353,0.09255453998687953,1387
0.0032013416290283202,0.0004008537065416791,0.003107118606567383,0.0007413349496866878,0.774263682681127,2000,"{1: 2, 0: 1}",1.2915496650148828,sigmoid,"{'C': np.float64(0.774263682681127), 'cache_size': 2000, 'class_weight': {1: 2, 0: 1}, 'gamma': np.float64(1.2915496650148828), 'kernel': 'sigmoid'}",0.50625,0.6875,0.6124999999999999,0.5918367346938775,0.48571428571428565,0.5767602040816326,0.07352412572566538,1388
0.004608154296875,0.0007387424969564442,0.003415822982788086,0.0007465990000687687,1000.0,2000,balanced,0.1668100537200059,sigmoid,"{'C': np.float64(1000.0), 'cache_size': 2000, 'class_weight': 'balanced', 'gamma': np.float64(0.1668100537200059), 'kernel': 'sigmoid'}",0.61875,0.64375,0.65,0.6054421768707483,0.36428571428571427,0.5764455782312925,0.10731487581374508,1389
0.00750885009765625,0.005417377114075599,0.0036116123199462892,0.000580854392485028,359.38136638046257,2000,"{1: 2, 0: 1}",0.46415888336127775,sigmoid,"{'C': np.float64(359.38136638046257), 'cache_size': 2000, 'class_weight': {1: 2, 0: 1}, 'gamma': np.float64(0.46415888336127775), 'kernel': 'sigmoid'}",0.53125,0.6875,0.61875,0.7210884353741496,0.3214285714285714,0.5760034013605442,0.14291230966321306,1390
0.0055121898651123045,0.004765748882002669,0.0033027172088623048,0.0004003817823352363,2.1544346900318834,2000,"{1: 2, 0: 1}",0.46415888336127775,rbf,"{'C': np.float64(2.1544346900318834), 'cache_size': 2000, 'class_weight': {1: 2, 0: 1}, 'gamma': np.float64(0.46415888336127775), 'kernel': 'rbf'}",0.43125,0.69375,0.55,0.6326530612244898,0.5714285714285714,0.5758163265306122,0.08800445855247638,1391
0.0039103031158447266,0.0013908918068327929,0.004102516174316406,0.0006640434573303768,1000.0,2000,"{1: 2, 0: 1}",0.007742636826811269,rbf,"{'C': np.float64(1000.0), 'cache_size': 2000, 'class_weight': {1: 2, 0: 1}, 'gamma': np.float64(0.007742636826811269), 'kernel': 'rbf'}",0.55625,0.75,0.65625,0.5306122448979592,0.3857142857142857,0.575765306122449,0.12277992585789138,1392
0.0030046939849853516,0.0006383033747795214,0.003307676315307617,0.0006795823657449408,359.38136638046257,2000,"{1: 2, 0: 1}",0.05994842503189409,sigmoid,"{'C': np.float64(359.38136638046257), 'cache_size': 2000, 'class_weight': {1: 2, 0: 1}, 'gamma': np.float64(0.05994842503189409), 'kernel': 'sigmoid'}",0.5375,0.71875,0.6625,0.564625850340136,0.3928571428571428,0.5752465986394558,0.1122585425122593,1393
0.003206491470336914,0.0006773760429257694,0.003112602233886719,0.0006709519110815438,129.15496650148827,2000,balanced,3.593813663804626,sigmoid,"{'C': np.float64(129.15496650148827), 'cache_size': 2000, 'class_weight': 'balanced', 'gamma': np.float64(3.593813663804626), 'kernel': 'sigmoid'}",0.61875,0.59375,0.65,0.6190476190476191,0.3928571428571429,0.5748809523809524,0.09274348202461392,1394
0.005318593978881836,0.0011724369843898422,0.003000783920288086,0.0003211073751790784,1000.0,2000,"{1: 3.5, 0: 1}",10.0,poly,"{'C': np.float64(1000.0), 'cache_size': 2000, 'class_weight': {1: 3.5, 0: 1}, 'gamma': np.float64(10.0), 'kernel': 'poly'}",0.7749999999999999,0.6625,0.7562500000000001,0.3129251700680272,0.36428571428571427,0.5741921768707483,0.19676802397590587,1395
0.003707265853881836,0.0012158413327550328,0.0029068946838378905,0.00019019058772373824,1000.0,2000,"{1: 2, 0: 1}",0.021544346900318832,sigmoid,"{'C': np.float64(1000.0), 'cache_size': 2000, 'class_weight': {1: 2, 0: 1}, 'gamma': np.float64(0.021544346900318832), 'kernel': 'sigmoid'}",0.5375,0.71875,0.65625,0.564625850340136,0.3928571428571428,0.5739965986394557,0.11131081197967863,1396
0.002602958679199219,0.00037407115578463445,0.0035072803497314454,0.0005503856539218866,5.994842503189409,2000,"{1: 3.5, 0: 1}",3.593813663804626,sigmoid,"{'C': np.float64(5.994842503189409), 'cache_size': 2000, 'class_weight': {1: 3.5, 0: 1}, 'gamma': np.float64(3.593813663804626), 'kernel': 'sigmoid'}",0.6499999999999999,0.64375,0.625,0.5510204081632653,0.4,0.573954081632653,0.09385745958473478,1397
0.0036057472229003907,0.001014336590535085,0.004012966156005859,0.00044534332945167146,16.68100537200059,2000,"{1: 2, 0: 1}",0.05994842503189409,rbf,"{'C': np.float64(16.68100537200059), 'cache_size': 2000, 'class_weight': {1: 2, 0: 1}, 'gamma': np.float64(0.05994842503189409), 'kernel': 'rbf'}",0.46875,0.71875,0.5187499999999999,0.5986394557823129,0.5642857142857143,0.5738350340136054,0.0845978977981179,1398
0.003907108306884765,0.000732813075019381,0.004407405853271484,0.000964886829332184,5.994842503189409,2000,"{1: 2, 0: 1}",0.05994842503189409,rbf,"{'C': np.float64(5.994842503189409), 'cache_size': 2000, 'class_weight': {1: 2, 0: 1}, 'gamma': np.float64(0.05994842503189409), 'kernel': 'rbf'}",0.5,0.7,0.58125,0.5510204081632653,0.5357142857142857,0.5735969387755102,0.06840702853888163,1399
0.0032120704650878905,0.0006834701390137488,0.003206682205200195,0.0005046754781815391,359.38136638046257,2000,"{1: 2, 0: 1}",0.1668100537200059,sigmoid,"{'C': np.float64(359.38136638046257), 'cache_size': 2000, 'class_weight': {1: 2, 0: 1}, 'gamma': np.float64(0.1668100537200059), 'kernel': 'sigmoid'}",0.48125,0.6875,0.6875,0.6258503401360543,0.38571428571428573,0.573562925170068,0.1204209909478172,1400
0.008516740798950196,0.0027645519636384907,0.004503107070922852,0.000999693561210122,1000.0,2000,"{1: 2, 0: 1}",1.2915496650148828,linear,"{'C': np.float64(1000.0), 'cache_size': 2000, 'class_weight': {1: 2, 0: 1}, 'gamma': np.float64(1.2915496650148828), 'kernel': 'linear'}",0.54375,0.65,0.7375,0.6054421768707483,0.32857142857142857,0.5730527210884355,0.13758097250213008,1401
0.008609294891357422,0.0031924572551975147,0.003207492828369141,0.00024620471626643974,1000.0,2000,"{1: 2, 0: 1}",3.593813663804626,linear,"{'C': np.float64(1000.0), 'cache_size': 2000, 'class_weight': {1: 2, 0: 1}, 'gamma': np.float64(3.593813663804626), 'kernel': 'linear'}",0.54375,0.65,0.7375,0.6054421768707483,0.32857142857142857,0.5730527210884355,0.13758097250213008,1401
0.007915687561035157,0.0018834343449633288,0.003502225875854492,0.0007740189252949162,1000.0,2000,"{1: 2, 0: 1}",10.0,linear,"{'C': np.float64(1000.0), 'cache_size': 2000, 'class_weight': {1: 2, 0: 1}, 'gamma': np.float64(10.0), 'kernel': 'linear'}",0.54375,0.65,0.7375,0.6054421768707483,0.32857142857142857,0.5730527210884355,0.13758097250213008,1401
0.008318281173706055,0.002476094334959678,0.0033062458038330077,0.00040212143189982045,1000.0,2000,"{1: 2, 0: 1}",0.46415888336127775,linear,"{'C': np.float64(1000.0), 'cache_size': 2000, 'class_weight': {1: 2, 0: 1}, 'gamma': np.float64(0.46415888336127775), 'kernel': 'linear'}",0.54375,0.65,0.7375,0.6054421768707483,0.32857142857142857,0.5730527210884355,0.13758097250213008,1401
0.010519838333129883,0.0030899132055886057,0.004114103317260742,0.0009222821726394936,1000.0,2000,"{1: 2, 0: 1}",0.0027825594022071257,linear,"{'C': np.float64(1000.0), 'cache_size': 2000, 'class_weight': {1: 2, 0: 1}, 'gamma': np.float64(0.0027825594022071257), 'kernel': 'linear'}",0.54375,0.65,0.7375,0.6054421768707483,0.32857142857142857,0.5730527210884355,0.13758097250213008,1401
0.010021591186523437,0.0024554719743431325,0.006010770797729492,0.003586706113655226,1000.0,2000,"{1: 2, 0: 1}",0.007742636826811269,linear,"{'C': np.float64(1000.0), 'cache_size': 2000, 'class_weight': {1: 2, 0: 1}, 'gamma': np.float64(0.007742636826811269), 'kernel': 'linear'}",0.54375,0.65,0.7375,0.6054421768707483,0.32857142857142857,0.5730527210884355,0.13758097250213008,1401
0.008211660385131835,0.0026430479492172225,0.0036077976226806642,0.0005882348569913261,1000.0,2000,"{1: 2, 0: 1}",0.05994842503189409,linear,"{'C': np.float64(1000.0), 'cache_size': 2000, 'class_weight': {1: 2, 0: 1}, 'gamma': np.float64(0.05994842503189409), 'kernel': 'linear'}",0.54375,0.65,0.7375,0.6054421768707483,0.32857142857142857,0.5730527210884355,0.13758097250213008,1401
0.008916330337524415,0.002521250307114181,0.003502559661865234,0.0006347497744082812,1000.0,2000,"{1: 2, 0: 1}",0.021544346900318832,linear,"{'C': np.float64(1000.0), 'cache_size': 2000, 'class_weight': {1: 2, 0: 1}, 'gamma': np.float64(0.021544346900318832), 'kernel': 'linear'}",0.54375,0.65,0.7375,0.6054421768707483,0.32857142857142857,0.5730527210884355,0.13758097250213008,1401
0.008713197708129884,0.0020683309944814396,0.0034150600433349608,0.0005762824229604294,1000.0,2000,"{1: 2, 0: 1}",0.001,linear,"{'C': np.float64(1000.0), 'cache_size': 2000, 'class_weight': {1: 2, 0: 1}, 'gamma': np.float64(0.001), 'kernel': 'linear'}",0.54375,0.65,0.7375,0.6054421768707483,0.32857142857142857,0.5730527210884355,0.13758097250213008,1401
0.007816314697265625,0.0019469474010719568,0.003001689910888672,0.000632938904566947,1000.0,2000,"{1: 2, 0: 1}",0.1668100537200059,linear,"{'C': np.float64(1000.0), 'cache_size': 2000, 'class_weight': {1: 2, 0: 1}, 'gamma': np.float64(0.1668100537200059), 'kernel': 'linear'}",0.54375,0.65,0.7375,0.6054421768707483,0.32857142857142857,0.5730527210884355,0.13758097250213008,1401
0.003207492828369141,0.0005132178064908992,0.0034103870391845705,0.0005782835121322904,5.994842503189409,2000,"{1: 2, 0: 1}",0.1668100537200059,rbf,"{'C': np.float64(5.994842503189409), 'cache_size': 2000, 'class_weight': {1: 2, 0: 1}, 'gamma': np.float64(0.1668100537200059), 'kernel': 'rbf'}",0.45625000000000004,0.7125,0.5125,0.6122448979591837,0.5714285714285714,0.5729846938775511,0.08751421911003367,1411
0.005207967758178711,0.0006765082443190201,0.0034058094024658203,0.00037564409953480977,1000.0,2000,balanced,3.593813663804626,rbf,"{'C': np.float64(1000.0), 'cache_size': 2000, 'class_weight': 'balanced', 'gamma': np.float64(3.593813663804626), 'kernel': 'rbf'}",0.725,0.725,0.54375,0.326530612244898,0.5428571428571429,0.5726275510204081,0.14745753276513038,1412
0.0038100719451904298,0.0007556618036425393,0.005809974670410156,0.001662566029383322,0.774263682681127,2000,"{1: 2, 0: 1}",0.46415888336127775,linear,"{'C': np.float64(0.774263682681127), 'cache_size': 2000, 'class_weight': {1: 2, 0: 1}, 'gamma': np.float64(0.46415888336127775), 'kernel': 'linear'}",0.50625,0.7,0.575,0.5442176870748299,0.5357142857142857,0.572236394557823,0.06753412923960997,1413
0.00380706787109375,0.0008109069916380086,0.004109859466552734,0.000575325165560785,0.774263682681127,2000,"{1: 2, 0: 1}",10.0,linear,"{'C': np.float64(0.774263682681127), 'cache_size': 2000, 'class_weight': {1: 2, 0: 1}, 'gamma': np.float64(10.0), 'kernel': 'linear'}",0.50625,0.7,0.575,0.5442176870748299,0.5357142857142857,0.572236394557823,0.06753412923960997,1413
0.003407192230224609,0.0012449619208675367,0.003707551956176758,0.0008765870841029726,0.774263682681127,2000,"{1: 2, 0: 1}",3.593813663804626,linear,"{'C': np.float64(0.774263682681127), 'cache_size': 2000, 'class_weight': {1: 2, 0: 1}, 'gamma': np.float64(3.593813663804626), 'kernel': 'linear'}",0.50625,0.7,0.575,0.5442176870748299,0.5357142857142857,0.572236394557823,0.06753412923960997,1413
0.0021321773529052734,0.0002323320242448512,0.002459430694580078,0.0005521970005882374,129.15496650148827,2000,"{1: 2, 0: 1}",0.0027825594022071257,rbf,"{'C': np.float64(129.15496650148827), 'cache_size': 2000, 'class_weight': {1: 2, 0: 1}, 'gamma': np.float64(0.0027825594022071257), 'kernel': 'rbf'}",0.50625,0.7,0.575,0.5442176870748299,0.5357142857142857,0.572236394557823,0.06753412923960997,1413
0.0032055854797363283,0.00039858208526266143,0.003907060623168946,0.0011570243481783499,0.774263682681127,2000,"{1: 2, 0: 1}",1.2915496650148828,linear,"{'C': np.float64(0.774263682681127), 'cache_size': 2000, 'class_weight': {1: 2, 0: 1}, 'gamma': np.float64(1.2915496650148828), 'kernel': 'linear'}",0.50625,0.7,0.575,0.5442176870748299,0.5357142857142857,0.572236394557823,0.06753412923960997,1413
0.003306722640991211,0.0004027207708147356,0.003707408905029297,0.0005086970453934172,46.41588833612777,2000,"{1: 2, 0: 1}",0.007742636826811269,rbf,"{'C': np.float64(46.41588833612777), 'cache_size': 2000, 'class_weight': {1: 2, 0: 1}, 'gamma': np.float64(0.007742636826811269), 'kernel': 'rbf'}",0.50625,0.7,0.575,0.5442176870748299,0.5357142857142857,0.572236394557823,0.06753412923960997,1413
0.0032030582427978516,0.0005096584600921523,0.0036116600036621093,0.0003723335432216073,359.38136638046257,2000,"{1: 2, 0: 1}",0.001,rbf,"{'C': np.float64(359.38136638046257), 'cache_size': 2000, 'class_weight': {1: 2, 0: 1}, 'gamma': np.float64(0.001), 'kernel': 'rbf'}",0.50625,0.7,0.575,0.5442176870748299,0.5357142857142857,0.572236394557823,0.06753412923960997,1413
0.005217981338500976,0.0017766490734219586,0.01532449722290039,0.019428967174496704,0.774263682681127,2000,"{1: 2, 0: 1}",0.1668100537200059,linear,"{'C': np.float64(0.774263682681127), 'cache_size': 2000, 'class_weight': {1: 2, 0: 1}, 'gamma': np.float64(0.1668100537200059), 'kernel': 'linear'}",0.50625,0.7,0.575,0.5442176870748299,0.5357142857142857,0.572236394557823,0.06753412923960997,1413
0.0034107685089111326,0.0003758285285412055,0.003502511978149414,0.0004478821189098009,0.774263682681127,2000,"{1: 2, 0: 1}",0.021544346900318832,linear,"{'C': np.float64(0.774263682681127), 'cache_size': 2000, 'class_weight': {1: 2, 0: 1}, 'gamma': np.float64(0.021544346900318832), 'kernel': 'linear'}",0.50625,0.7,0.575,0.5442176870748299,0.5357142857142857,0.572236394557823,0.06753412923960997,1413
0.0027060508728027344,0.00040252798361725006,0.003606271743774414,0.0005885385955036447,0.774263682681127,2000,"{1: 2, 0: 1}",0.007742636826811269,linear,"{'C': np.float64(0.774263682681127), 'cache_size': 2000, 'class_weight': {1: 2, 0: 1}, 'gamma': np.float64(0.007742636826811269), 'kernel': 'linear'}",0.50625,0.7,0.575,0.5442176870748299,0.5357142857142857,0.572236394557823,0.06753412923960997,1413
0.002702188491821289,0.00039920653102777225,0.0042116641998291016,0.0008232292279703497,0.774263682681127,2000,"{1: 2, 0: 1}",0.0027825594022071257,linear,"{'C': np.float64(0.774263682681127), 'cache_size': 2000, 'class_weight': {1: 2, 0: 1}, 'gamma': np.float64(0.0027825594022071257), 'kernel': 'linear'}",0.50625,0.7,0.575,0.5442176870748299,0.5357142857142857,0.572236394557823,0.06753412923960997,1413
0.0028060436248779296,0.0005120775888057831,0.0031035423278808595,0.00020144507079365844,0.774263682681127,2000,"{1: 2, 0: 1}",0.001,linear,"{'C': np.float64(0.774263682681127), 'cache_size': 2000, 'class_weight': {1: 2, 0: 1}, 'gamma': np.float64(0.001), 'kernel': 'linear'}",0.50625,0.7,0.575,0.5442176870748299,0.5357142857142857,0.572236394557823,0.06753412923960997,1413
0.004208278656005859,0.0006811534168731019,0.00911259651184082,0.008635009943242424,0.774263682681127,2000,"{1: 2, 0: 1}",0.05994842503189409,linear,"{'C': np.float64(0.774263682681127), 'cache_size': 2000, 'class_weight': {1: 2, 0: 1}, 'gamma': np.float64(0.05994842503189409), 'kernel': 'linear'}",0.50625,0.7,0.575,0.5442176870748299,0.5357142857142857,0.572236394557823,0.06753412923960997,1413
0.0033141136169433593,0.00040716671217979174,0.0036066532135009765,0.0005846131799825306,16.68100537200059,2000,"{1: 2, 0: 1}",0.021544346900318832,rbf,"{'C': np.float64(16.68100537200059), 'cache_size': 2000, 'class_weight': {1: 2, 0: 1}, 'gamma': np.float64(0.021544346900318832), 'kernel': 'rbf'}",0.50625,0.7,0.575,0.5510204081632653,0.5285714285714286,0.5721683673469388,0.0678853516631459,1426
0.003406858444213867,0.0012463758747260792,0.0043122291564941405,0.0011770102351340533,46.41588833612777,2000,"{1: 2, 0: 1}",3.593813663804626,sigmoid,"{'C': np.float64(46.41588833612777), 'cache_size': 2000, 'class_weight': {1: 2, 0: 1}, 'gamma': np.float64(3.593813663804626), 'kernel': 'sigmoid'}",0.5874999999999999,0.58125,0.69375,0.5986394557823129,0.3928571428571429,0.5707993197278911,0.0979218981679836,1427
0.0033174991607666016,0.0008505201060490421,0.0027173519134521484,0.0003935770864600305,1000.0,2000,"{1: 3.5, 0: 1}",1.2915496650148828,sigmoid,"{'C': np.float64(1000.0), 'cache_size': 2000, 'class_weight': {1: 3.5, 0: 1}, 'gamma': np.float64(1.2915496650148828), 'kernel': 'sigmoid'}",0.525,0.5875000000000001,0.5,0.7755102040816326,0.4642857142857143,0.5704591836734695,0.1101273353328101,1428
0.005907583236694336,0.0021073250455962756,0.004408645629882813,0.0011984228437420294,1000.0,2000,"{1: 3, 0: 1}",0.1668100537200059,sigmoid,"{'C': np.float64(1000.0), 'cache_size': 2000, 'class_weight': {1: 3, 0: 1}, 'gamma': np.float64(0.1668100537200059), 'kernel': 'sigmoid'}",0.625,0.6375000000000001,0.65,0.6462585034013605,0.29285714285714287,0.5703231292517007,0.13899946082179954,1429
0.002709770202636719,0.0004047589068147116,0.003507566452026367,0.0007864837864212531,2.1544346900318834,2000,"{1: 3.5, 0: 1}",3.593813663804626,sigmoid,"{'C': np.float64(2.1544346900318834), 'cache_size': 2000, 'class_weight': {1: 3.5, 0: 1}, 'gamma': np.float64(3.593813663804626), 'kernel': 'sigmoid'}",0.55625,0.6874999999999999,0.59375,0.44217687074829937,0.5714285714285714,0.5702210884353741,0.07861287908166471,1430
0.002902507781982422,0.0006631140702406758,0.003206682205200195,0.00024427569460260207,46.41588833612777,2000,"{1: 2, 0: 1}",0.021544346900318832,rbf,"{'C': np.float64(46.41588833612777), 'cache_size': 2000, 'class_weight': {1: 2, 0: 1}, 'gamma': np.float64(0.021544346900318832), 'kernel': 'rbf'}",0.47500000000000003,0.71875,0.5187499999999999,0.5850340136054422,0.55,0.5695068027210883,0.08294929818546867,1431
0.003004026412963867,0.0005508236067912593,0.003505563735961914,0.00044744432386615034,1000.0,2000,"{1: 2, 0: 1}",0.001,rbf,"{'C': np.float64(1000.0), 'cache_size': 2000, 'class_weight': {1: 2, 0: 1}, 'gamma': np.float64(0.001), 'kernel': 'rbf'}",0.47500000000000003,0.7250000000000001,0.5187499999999999,0.5850340136054422,0.5428571428571429,0.569328231292517,0.08560030653331147,1432
0.00370635986328125,0.0007445929044185164,0.0041102409362792965,0.0007304535434457763,359.38136638046257,2000,"{1: 2, 0: 1}",0.0027825594022071257,rbf,"{'C': np.float64(359.38136638046257), 'cache_size': 2000, 'class_weight': {1: 2, 0: 1}, 'gamma': np.float64(0.0027825594022071257), 'kernel': 'rbf'}",0.47500000000000003,0.7250000000000001,0.5187499999999999,0.5850340136054422,0.5428571428571429,0.569328231292517,0.08560030653331147,1432
0.0039046287536621095,0.0015667404946891705,0.008719491958618163,0.008060710525681391,129.15496650148827,2000,"{1: 2, 0: 1}",0.007742636826811269,rbf,"{'C': np.float64(129.15496650148827), 'cache_size': 2000, 'class_weight': {1: 2, 0: 1}, 'gamma': np.float64(0.007742636826811269), 'kernel': 'rbf'}",0.47500000000000003,0.7250000000000001,0.5187499999999999,0.5850340136054422,0.5428571428571429,0.569328231292517,0.08560030653331147,1432
0.0075131416320800785,0.0015206167307445738,0.0036064624786376954,0.00037367682749635077,359.38136638046257,2000,"{1: 3, 0: 1}",10.0,poly,"{'C': np.float64(359.38136638046257), 'cache_size': 2000, 'class_weight': {1: 3, 0: 1}, 'gamma': np.float64(10.0), 'kernel': 'poly'}",0.775,0.525,0.8,0.35374149659863946,0.38571428571428573,0.567891156462585,0.18849760140535782,1435
0.009207534790039062,0.0022727761112825403,0.007831001281738281,0.0055352056776526515,359.38136638046257,2000,"{1: 3.5, 0: 1}",10.0,poly,"{'C': np.float64(359.38136638046257), 'cache_size': 2000, 'class_weight': {1: 3.5, 0: 1}, 'gamma': np.float64(10.0), 'kernel': 'poly'}",0.775,0.5375000000000001,0.8,0.3401360544217687,0.38571428571428573,0.5676700680272109,0.19118198924145488,1436
0.004505825042724609,0.0014852375078393562,0.003006458282470703,0.0003205580842299034,359.38136638046257,2000,"{1: 3, 0: 1}",0.0027825594022071257,linear,"{'C': np.float64(359.38136638046257), 'cache_size': 2000, 'class_weight': {1: 3, 0: 1}, 'gamma': np.float64(0.0027825594022071257), 'kernel': 'linear'}",0.6062500000000001,0.65,0.6687500000000001,0.6054421768707483,0.30714285714285716,0.5675170068027212,0.13250269746406612,1437
0.0045087337493896484,0.0008426585797158423,0.003004121780395508,0.0006279718609295086,359.38136638046257,2000,"{1: 3, 0: 1}",0.007742636826811269,linear,"{'C': np.float64(359.38136638046257), 'cache_size': 2000, 'class_weight': {1: 3, 0: 1}, 'gamma': np.float64(0.007742636826811269), 'kernel': 'linear'}",0.6062500000000001,0.65,0.6687500000000001,0.6054421768707483,0.30714285714285716,0.5675170068027212,0.13250269746406612,1437
0.005121612548828125,0.0017918702405913215,0.003102684020996094,0.0004884915346093634,359.38136638046257,2000,"{1: 3, 0: 1}",1.2915496650148828,linear,"{'C': np.float64(359.38136638046257), 'cache_size': 2000, 'class_weight': {1: 3, 0: 1}, 'gamma': np.float64(1.2915496650148828), 'kernel': 'linear'}",0.6062500000000001,0.65,0.6687500000000001,0.6054421768707483,0.30714285714285716,0.5675170068027212,0.13250269746406612,1437
0.0054092884063720705,0.001206946902119267,0.005810737609863281,0.004121541194934454,359.38136638046257,2000,"{1: 3, 0: 1}",3.593813663804626,linear,"{'C': np.float64(359.38136638046257), 'cache_size': 2000, 'class_weight': {1: 3, 0: 1}, 'gamma': np.float64(3.593813663804626), 'kernel': 'linear'}",0.6062500000000001,0.65,0.6687500000000001,0.6054421768707483,0.30714285714285716,0.5675170068027212,0.13250269746406612,1437
0.004806423187255859,0.0019406514399019107,0.004008674621582031,0.0011021229425405446,359.38136638046257,2000,"{1: 3, 0: 1}",10.0,linear,"{'C': np.float64(359.38136638046257), 'cache_size': 2000, 'class_weight': {1: 3, 0: 1}, 'gamma': np.float64(10.0), 'kernel': 'linear'}",0.6062500000000001,0.65,0.6687500000000001,0.6054421768707483,0.30714285714285716,0.5675170068027212,0.13250269746406612,1437
0.005318641662597656,0.001162192604631113,0.003200817108154297,0.0004000431981607814,359.38136638046257,2000,"{1: 3, 0: 1}",0.46415888336127775,linear,"{'C': np.float64(359.38136638046257), 'cache_size': 2000, 'class_weight': {1: 3, 0: 1}, 'gamma': np.float64(0.46415888336127775), 'kernel': 'linear'}",0.6062500000000001,0.65,0.6687500000000001,0.6054421768707483,0.30714285714285716,0.5675170068027212,0.13250269746406612,1437
0.005009365081787109,0.001099175136791516,0.003104877471923828,0.0002073297833978063,359.38136638046257,2000,"{1: 3, 0: 1}",0.1668100537200059,linear,"{'C': np.float64(359.38136638046257), 'cache_size': 2000, 'class_weight': {1: 3, 0: 1}, 'gamma': np.float64(0.1668100537200059), 'kernel': 'linear'}",0.6062500000000001,0.65,0.6687500000000001,0.6054421768707483,0.30714285714285716,0.5675170068027212,0.13250269746406612,1437
0.005212259292602539,0.0018653378487481073,0.004013729095458984,0.0008960975715091264,359.38136638046257,2000,"{1: 3, 0: 1}",0.001,linear,"{'C': np.float64(359.38136638046257), 'cache_size': 2000, 'class_weight': {1: 3, 0: 1}, 'gamma': np.float64(0.001), 'kernel': 'linear'}",0.6062500000000001,0.65,0.6687500000000001,0.6054421768707483,0.30714285714285716,0.5675170068027212,0.13250269746406612,1437
0.0046078205108642575,0.0010755674659317846,0.003206825256347656,0.0006876775251192861,359.38136638046257,2000,"{1: 3, 0: 1}",0.05994842503189409,linear,"{'C': np.float64(359.38136638046257), 'cache_size': 2000, 'class_weight': {1: 3, 0: 1}, 'gamma': np.float64(0.05994842503189409), 'kernel': 'linear'}",0.6062500000000001,0.65,0.6687500000000001,0.6054421768707483,0.30714285714285716,0.5675170068027212,0.13250269746406612,1437
0.013723134994506836,0.009764685306190716,0.004007720947265625,0.0009506338121328248,359.38136638046257,2000,"{1: 3, 0: 1}",0.021544346900318832,linear,"{'C': np.float64(359.38136638046257), 'cache_size': 2000, 'class_weight': {1: 3, 0: 1}, 'gamma': np.float64(0.021544346900318832), 'kernel': 'linear'}",0.6062500000000001,0.65,0.6687500000000001,0.6054421768707483,0.30714285714285716,0.5675170068027212,0.13250269746406612,1437
0.004607629776000976,0.0016566701679573406,0.00791926383972168,0.0076067604648551845,46.41588833612777,2000,"{1: 2, 0: 1}",0.021544346900318832,sigmoid,"{'C': np.float64(46.41588833612777), 'cache_size': 2000, 'class_weight': {1: 2, 0: 1}, 'gamma': np.float64(0.021544346900318832), 'kernel': 'sigmoid'}",0.5,0.7,0.575,0.5306122448979592,0.5285714285714286,0.5668367346938775,0.07077102591542105,1447
0.004716253280639649,0.001512914993687118,0.003902292251586914,0.0008007123703951817,1000.0,2000,"{1: 2, 0: 1}",0.001,sigmoid,"{'C': np.float64(1000.0), 'cache_size': 2000, 'class_weight': {1: 2, 0: 1}, 'gamma': np.float64(0.001), 'kernel': 'sigmoid'}",0.5,0.7,0.575,0.5306122448979592,0.5285714285714286,0.5668367346938775,0.07077102591542105,1447
0.0032041072845458984,0.00024782158839796567,0.0056168556213378905,0.004958098660827002,2.1544346900318834,2000,"{1: 2, 0: 1}",0.46415888336127775,sigmoid,"{'C': np.float64(2.1544346900318834), 'cache_size': 2000, 'class_weight': {1: 2, 0: 1}, 'gamma': np.float64(0.46415888336127775), 'kernel': 'sigmoid'}",0.5,0.7,0.575,0.5306122448979592,0.5285714285714286,0.5668367346938775,0.07077102591542105,1447
0.004615879058837891,0.0012841465884357265,0.0068095684051513675,0.003453684516438139,129.15496650148827,2000,"{1: 2, 0: 1}",0.007742636826811269,sigmoid,"{'C': np.float64(129.15496650148827), 'cache_size': 2000, 'class_weight': {1: 2, 0: 1}, 'gamma': np.float64(0.007742636826811269), 'kernel': 'sigmoid'}",0.5,0.7,0.575,0.5306122448979592,0.5285714285714286,0.5668367346938775,0.07077102591542105,1447
0.0032018184661865234,0.0009811076456240125,0.0037084579467773437,0.0008165245048667198,359.38136638046257,2000,"{1: 2, 0: 1}",0.0027825594022071257,sigmoid,"{'C': np.float64(359.38136638046257), 'cache_size': 2000, 'class_weight': {1: 2, 0: 1}, 'gamma': np.float64(0.0027825594022071257), 'kernel': 'sigmoid'}",0.5,0.7,0.575,0.5306122448979592,0.5285714285714286,0.5668367346938775,0.07077102591542105,1447
0.0036077022552490233,0.000589328624709102,0.0033059120178222656,0.0004066839825078558,5.994842503189409,2000,"{1: 2, 0: 1}",0.1668100537200059,sigmoid,"{'C': np.float64(5.994842503189409), 'cache_size': 2000, 'class_weight': {1: 2, 0: 1}, 'gamma': np.float64(0.1668100537200059), 'kernel': 'sigmoid'}",0.5,0.7,0.575,0.5306122448979592,0.5285714285714286,0.5668367346938775,0.07077102591542105,1447
0.0029123306274414064,0.0004964159124625909,0.0031075477600097656,0.00037831933784856277,16.68100537200059,2000,"{1: 2, 0: 1}",0.05994842503189409,sigmoid,"{'C': np.float64(16.68100537200059), 'cache_size': 2000, 'class_weight': {1: 2, 0: 1}, 'gamma': np.float64(0.05994842503189409), 'kernel': 'sigmoid'}",0.5,0.7,0.575,0.5306122448979592,0.5285714285714286,0.5668367346938775,0.07077102591542105,1447
0.0059244632720947266,0.001348858517026162,0.0032016754150390623,0.0004004488674949328,1000.0,2000,"{1: 2, 0: 1}",3.593813663804626,rbf,"{'C': np.float64(1000.0), 'cache_size': 2000, 'class_weight': {1: 2, 0: 1}, 'gamma': np.float64(3.593813663804626), 'kernel': 'rbf'}",0.725,0.71875,0.51875,0.326530612244898,0.5428571428571429,0.5663775510204083,0.1474629389268185,1454
0.004297399520874023,0.0005014197138572643,0.0037262439727783203,0.0005304996937351514,1000.0,2000,"{1: 3.5, 0: 1}",0.46415888336127775,sigmoid,"{'C': np.float64(1000.0), 'cache_size': 2000, 'class_weight': {1: 3.5, 0: 1}, 'gamma': np.float64(0.46415888336127775), 'kernel': 'sigmoid'}",0.5625,0.59375,0.7,0.5374149659863945,0.43571428571428567,0.565875850340136,0.08547479973747531,1455
0.0038076400756835937,0.0009292207148280104,0.0042072772979736325,0.001129256391302045,16.68100537200059,2000,"{1: 3.5, 0: 1}",1.2915496650148828,sigmoid,"{'C': np.float64(16.68100537200059), 'cache_size': 2000, 'class_weight': {1: 3.5, 0: 1}, 'gamma': np.float64(1.2915496650148828), 'kernel': 'sigmoid'}",0.5249999999999999,0.76875,0.59375,0.5510204081632653,0.3857142857142857,0.5648469387755102,0.12351461791720712,1456
0.003824281692504883,0.0006239192081909605,0.0038018226623535156,0.0007499215273451252,0.1,2000,balanced,10.0,sigmoid,"{'C': np.float64(0.1), 'cache_size': 2000, 'class_weight': 'balanced', 'gamma': np.float64(10.0), 'kernel': 'sigmoid'}",0.5125,0.775,0.5249999999999999,0.4965986394557823,0.5142857142857143,0.5646768707482993,0.10555227409889732,1457
0.0036069393157958985,0.0003732581129957731,0.003607368469238281,0.0007423214680972121,5.994842503189409,2000,"{1: 3, 0: 1}",1.2915496650148828,sigmoid,"{'C': np.float64(5.994842503189409), 'cache_size': 2000, 'class_weight': {1: 3, 0: 1}, 'gamma': np.float64(1.2915496650148828), 'kernel': 'sigmoid'}",0.5874999999999999,0.7625,0.56875,0.48299319727891155,0.4214285714285714,0.5646343537414965,0.11564061986053563,1458
0.0039064884185791016,0.00019014057320049655,0.0032034873962402343,0.0005102364054629216,129.15496650148827,2000,balanced,10.0,rbf,"{'C': np.float64(129.15496650148827), 'cache_size': 2000, 'class_weight': 'balanced', 'gamma': np.float64(10.0), 'kernel': 'rbf'}",0.7250000000000001,0.7000000000000001,0.625,0.30612244897959184,0.46428571428571425,0.5640816326530613,0.15784912845900875,1459
0.009128665924072266,0.0025166340922445503,0.004504680633544922,0.001048940220167998,1000.0,2000,balanced,3.593813663804626,linear,"{'C': np.float64(1000.0), 'cache_size': 2000, 'class_weight': 'balanced', 'gamma': np.float64(3.593813663804626), 'kernel': 'linear'}",0.5875,0.65625,0.7000000000000001,0.5374149659863945,0.33571428571428574,0.563375850340136,0.12678919202081368,1460
0.013923406600952148,0.00793984549711875,0.004410362243652344,0.0011652555657387827,1000.0,2000,balanced,0.0027825594022071257,linear,"{'C': np.float64(1000.0), 'cache_size': 2000, 'class_weight': 'balanced', 'gamma': np.float64(0.0027825594022071257), 'kernel': 'linear'}",0.5875,0.65625,0.7000000000000001,0.5374149659863945,0.33571428571428574,0.563375850340136,0.12678919202081368,1460
0.009415292739868164,0.0035943946385432464,0.008417367935180664,0.005816639948466651,1000.0,2000,balanced,0.001,linear,"{'C': np.float64(1000.0), 'cache_size': 2000, 'class_weight': 'balanced', 'gamma': np.float64(0.001), 'kernel': 'linear'}",0.5875,0.65625,0.7000000000000001,0.5374149659863945,0.33571428571428574,0.563375850340136,0.12678919202081368,1460
0.00831904411315918,0.0020488223539649763,0.0037036418914794924,0.0006020347456588055,1000.0,2000,balanced,10.0,linear,"{'C': np.float64(1000.0), 'cache_size': 2000, 'class_weight': 'balanced', 'gamma': np.float64(10.0), 'kernel': 'linear'}",0.5875,0.65625,0.7000000000000001,0.5374149659863945,0.33571428571428574,0.563375850340136,0.12678919202081368,1460
0.0075070858001708984,0.0030666522798937818,0.003407573699951172,0.0010251471106671713,1000.0,2000,balanced,0.05994842503189409,linear,"{'C': np.float64(1000.0), 'cache_size': 2000, 'class_weight': 'balanced', 'gamma': np.float64(0.05994842503189409), 'kernel': 'linear'}",0.5875,0.65625,0.7000000000000001,0.5374149659863945,0.33571428571428574,0.563375850340136,0.12678919202081368,1460
0.008629751205444337,0.002286828116528437,0.004306316375732422,0.0004024353917141966,1000.0,2000,balanced,1.2915496650148828,linear,"{'C': np.float64(1000.0), 'cache_size': 2000, 'class_weight': 'balanced', 'gamma': np.float64(1.2915496650148828), 'kernel': 'linear'}",0.5875,0.65625,0.7000000000000001,0.5374149659863945,0.33571428571428574,0.563375850340136,0.12678919202081368,1460
0.008309507369995117,0.0022131512253469954,0.0033132553100585936,0.0005077128517818505,1000.0,2000,balanced,0.46415888336127775,linear,"{'C': np.float64(1000.0), 'cache_size': 2000, 'class_weight': 'balanced', 'gamma': np.float64(0.46415888336127775), 'kernel': 'linear'}",0.5875,0.65625,0.7000000000000001,0.5374149659863945,0.33571428571428574,0.563375850340136,0.12678919202081368,1460
0.008516788482666016,0.002076299561799523,0.0041083812713623045,0.0008642097572342952,1000.0,2000,balanced,0.1668100537200059,linear,"{'C': np.float64(1000.0), 'cache_size': 2000, 'class_weight': 'balanced', 'gamma': np.float64(0.1668100537200059), 'kernel': 'linear'}",0.5875,0.65625,0.7000000000000001,0.5374149659863945,0.33571428571428574,0.563375850340136,0.12678919202081368,1460
0.007815408706665038,0.002144167151989277,0.0030070781707763673,0.0006400402170631638,1000.0,2000,balanced,0.021544346900318832,linear,"{'C': np.float64(1000.0), 'cache_size': 2000, 'class_weight': 'balanced', 'gamma': np.float64(0.021544346900318832), 'kernel': 'linear'}",0.5875,0.65625,0.7000000000000001,0.5374149659863945,0.33571428571428574,0.563375850340136,0.12678919202081368,1460
0.007815980911254882,0.0016690112952485812,0.0034057140350341798,0.0007984230720803942,1000.0,2000,balanced,0.007742636826811269,linear,"{'C': np.float64(1000.0), 'cache_size': 2000, 'class_weight': 'balanced', 'gamma': np.float64(0.007742636826811269), 'kernel': 'linear'}",0.5875,0.65625,0.7000000000000001,0.5374149659863945,0.33571428571428574,0.563375850340136,0.12678919202081368,1460
0.0031047821044921874,0.0010163280902788104,0.0027030467987060546,0.00039990935807806936,2.1544346900318834,2000,"{1: 2, 0: 1}",0.46415888336127775,linear,"{'C': np.float64(2.1544346900318834), 'cache_size': 2000, 'class_weight': {1: 2, 0: 1}, 'gamma': np.float64(0.46415888336127775), 'kernel': 'linear'}",0.48125000000000007,0.7250000000000001,0.5125,0.5850340136054422,0.5071428571428571,0.5621853741496599,0.08840759309849792,1470
0.0038091182708740235,0.0010794565991028534,0.003511476516723633,0.0006395133577185597,2.1544346900318834,2000,"{1: 2, 0: 1}",1.2915496650148828,linear,"{'C': np.float64(2.1544346900318834), 'cache_size': 2000, 'class_weight': {1: 2, 0: 1}, 'gamma': np.float64(1.2915496650148828), 'kernel': 'linear'}",0.48125000000000007,0.7250000000000001,0.5125,0.5850340136054422,0.5071428571428571,0.5621853741496599,0.08840759309849792,1470
0.0039052486419677733,0.0011124461328749359,0.0048084259033203125,0.0022041371110840236,2.1544346900318834,2000,"{1: 2, 0: 1}",0.007742636826811269,linear,"{'C': np.float64(2.1544346900318834), 'cache_size': 2000, 'class_weight': {1: 2, 0: 1}, 'gamma': np.float64(0.007742636826811269), 'kernel': 'linear'}",0.48125000000000007,0.7250000000000001,0.5125,0.5850340136054422,0.5071428571428571,0.5621853741496599,0.08840759309849792,1470
0.003104496002197266,0.0007366852677781925,0.0038138389587402343,0.0006699048154946754,2.1544346900318834,2000,"{1: 2, 0: 1}",0.021544346900318832,linear,"{'C': np.float64(2.1544346900318834), 'cache_size': 2000, 'class_weight': {1: 2, 0: 1}, 'gamma': np.float64(0.021544346900318832), 'kernel': 'linear'}",0.48125000000000007,0.7250000000000001,0.5125,0.5850340136054422,0.5071428571428571,0.5621853741496599,0.08840759309849792,1470
0.002702140808105469,0.00039940025539735545,0.0033095359802246095,0.0002521072553049034,2.1544346900318834,2000,"{1: 2, 0: 1}",0.1668100537200059,linear,"{'C': np.float64(2.1544346900318834), 'cache_size': 2000, 'class_weight': {1: 2, 0: 1}, 'gamma': np.float64(0.1668100537200059), 'kernel': 'linear'}",0.48125000000000007,0.7250000000000001,0.5125,0.5850340136054422,0.5071428571428571,0.5621853741496599,0.08840759309849792,1470
0.0037058353424072265,0.000744726703965663,0.004908609390258789,0.003369707077282939,2.1544346900318834,2000,"{1: 2, 0: 1}",0.05994842503189409,linear,"{'C': np.float64(2.1544346900318834), 'cache_size': 2000, 'class_weight': {1: 2, 0: 1}, 'gamma': np.float64(0.05994842503189409), 'kernel': 'linear'}",0.48125000000000007,0.7250000000000001,0.5125,0.5850340136054422,0.5071428571428571,0.5621853741496599,0.08840759309849792,1470
0.0028034210205078124,0.00024234812184208016,0.0031055927276611326,0.0004864431874160507,2.1544346900318834,2000,"{1: 2, 0: 1}",0.0027825594022071257,linear,"{'C': np.float64(2.1544346900318834), 'cache_size': 2000, 'class_weight': {1: 2, 0: 1}, 'gamma': np.float64(0.0027825594022071257), 'kernel': 'linear'}",0.48125000000000007,0.7250000000000001,0.5125,0.5850340136054422,0.5071428571428571,0.5621853741496599,0.08840759309849792,1470
0.0028120040893554687,0.000688803275899367,0.008519506454467774,0.006770960058769808,2.1544346900318834,2000,"{1: 2, 0: 1}",0.001,linear,"{'C': np.float64(2.1544346900318834), 'cache_size': 2000, 'class_weight': {1: 2, 0: 1}, 'gamma': np.float64(0.001), 'kernel': 'linear'}",0.48125000000000007,0.7250000000000001,0.5125,0.5850340136054422,0.5071428571428571,0.5621853741496599,0.08840759309849792,1470
0.0033020973205566406,0.0003999511282222906,0.003104972839355469,0.0003740362887234411,2.1544346900318834,2000,"{1: 2, 0: 1}",3.593813663804626,linear,"{'C': np.float64(2.1544346900318834), 'cache_size': 2000, 'class_weight': {1: 2, 0: 1}, 'gamma': np.float64(3.593813663804626), 'kernel': 'linear'}",0.48125000000000007,0.7250000000000001,0.5125,0.5850340136054422,0.5071428571428571,0.5621853741496599,0.08840759309849792,1470
0.0023074626922607424,0.00025054357476514855,0.003908967971801758,0.0004963834645148143,2.1544346900318834,2000,"{1: 2, 0: 1}",10.0,linear,"{'C': np.float64(2.1544346900318834), 'cache_size': 2000, 'class_weight': {1: 2, 0: 1}, 'gamma': np.float64(10.0), 'kernel': 'linear'}",0.48125000000000007,0.7250000000000001,0.5125,0.5850340136054422,0.5071428571428571,0.5621853741496599,0.08840759309849792,1470
0.0030035972595214844,0.0005500798706536295,0.003010082244873047,0.0007072358872841742,129.15496650148827,2000,"{1: 2, 0: 1}",0.46415888336127775,sigmoid,"{'C': np.float64(129.15496650148827), 'cache_size': 2000, 'class_weight': {1: 2, 0: 1}, 'gamma': np.float64(0.46415888336127775), 'kernel': 'sigmoid'}",0.5187499999999999,0.6875,0.63125,0.5850340136054422,0.38571428571428573,0.5616496598639455,0.10394515876455769,1480
0.0036078453063964843,0.0005847523031797876,0.003306674957275391,0.00040310955444585345,129.15496650148827,2000,"{1: 2, 0: 1}",10.0,rbf,"{'C': np.float64(129.15496650148827), 'cache_size': 2000, 'class_weight': {1: 2, 0: 1}, 'gamma': np.float64(10.0), 'kernel': 'rbf'}",0.7250000000000001,0.6875,0.625,0.30612244897959184,0.46428571428571425,0.5615816326530613,0.15576185514603358,1481
0.006009674072265625,0.0024154527299548117,0.0041065216064453125,0.0015024268688983429,1000.0,2000,"{1: 3, 0: 1}",3.593813663804626,rbf,"{'C': np.float64(1000.0), 'cache_size': 2000, 'class_weight': {1: 3, 0: 1}, 'gamma': np.float64(3.593813663804626), 'kernel': 'rbf'}",0.71875,0.7187499999999999,0.49374999999999997,0.326530612244898,0.55,0.5615561224489796,0.14791080753843586,1482
0.0030035972595214844,0.0007063185233018215,0.0032065391540527345,0.0002515317772236428,129.15496650148827,2000,"{1: 2, 0: 1}",3.593813663804626,sigmoid,"{'C': np.float64(129.15496650148827), 'cache_size': 2000, 'class_weight': {1: 2, 0: 1}, 'gamma': np.float64(3.593813663804626), 'kernel': 'sigmoid'}",0.5875,0.575,0.6375,0.6122448979591837,0.3928571428571429,0.5610204081632653,0.086773910701944,1483
0.0028081893920898437,0.00023543327543373827,0.003502941131591797,0.0006352005684025074,1000.0,2000,"{1: 2, 0: 1}",3.593813663804626,sigmoid,"{'C': np.float64(1000.0), 'cache_size': 2000, 'class_weight': {1: 2, 0: 1}, 'gamma': np.float64(3.593813663804626), 'kernel': 'sigmoid'}",0.5874999999999999,0.575,0.6375,0.6122448979591837,0.3928571428571429,0.5610204081632653,0.08677391070194398,1483
0.003757619857788086,0.0005019707501551022,0.003204059600830078,0.000509126637158985,129.15496650148827,2000,"{1: 2, 0: 1}",3.593813663804626,linear,"{'C': np.float64(129.15496650148827), 'cache_size': 2000, 'class_weight': {1: 2, 0: 1}, 'gamma': np.float64(3.593813663804626), 'kernel': 'linear'}",0.5375000000000001,0.6375000000000001,0.66875,0.5850340136054422,0.3714285714285714,0.5600425170068027,0.1044269495601471,1485
0.003606843948364258,0.0005837092648646666,0.0033065319061279298,0.0007496950901758604,129.15496650148827,2000,"{1: 2, 0: 1}",0.46415888336127775,linear,"{'C': np.float64(129.15496650148827), 'cache_size': 2000, 'class_weight': {1: 2, 0: 1}, 'gamma': np.float64(0.46415888336127775), 'kernel': 'linear'}",0.5375000000000001,0.6375000000000001,0.66875,0.5850340136054422,0.3714285714285714,0.5600425170068027,0.1044269495601471,1485
0.003903818130493164,0.00019870545314177985,0.0031047821044921874,0.00048527616150465035,129.15496650148827,2000,"{1: 2, 0: 1}",1.2915496650148828,linear,"{'C': np.float64(129.15496650148827), 'cache_size': 2000, 'class_weight': {1: 2, 0: 1}, 'gamma': np.float64(1.2915496650148828), 'kernel': 'linear'}",0.5375000000000001,0.6375000000000001,0.66875,0.5850340136054422,0.3714285714285714,0.5600425170068027,0.1044269495601471,1485
0.002943754196166992,0.0005081682253442939,0.002817249298095703,0.0005091767471763216,129.15496650148827,2000,"{1: 2, 0: 1}",0.1668100537200059,linear,"{'C': np.float64(129.15496650148827), 'cache_size': 2000, 'class_weight': {1: 2, 0: 1}, 'gamma': np.float64(0.1668100537200059), 'kernel': 'linear'}",0.5375000000000001,0.6375000000000001,0.66875,0.5850340136054422,0.3714285714285714,0.5600425170068027,0.1044269495601471,1485
0.003607177734375,0.0005842843248569846,0.003905963897705078,0.0011125447572491501,129.15496650148827,2000,"{1: 2, 0: 1}",0.007742636826811269,linear,"{'C': np.float64(129.15496650148827), 'cache_size': 2000, 'class_weight': {1: 2, 0: 1}, 'gamma': np.float64(0.007742636826811269), 'kernel': 'linear'}",0.5375000000000001,0.6375000000000001,0.66875,0.5850340136054422,0.3714285714285714,0.5600425170068027,0.1044269495601471,1485
0.006706523895263672,0.001211063138436177,0.007522058486938476,0.003748552865606447,129.15496650148827,2000,"{1: 2, 0: 1}",0.021544346900318832,linear,"{'C': np.float64(129.15496650148827), 'cache_size': 2000, 'class_weight': {1: 2, 0: 1}, 'gamma': np.float64(0.021544346900318832), 'kernel': 'linear'}",0.5375000000000001,0.6375000000000001,0.66875,0.5850340136054422,0.3714285714285714,0.5600425170068027,0.1044269495601471,1485
0.005214500427246094,0.0017761681018334606,0.003302145004272461,0.00040116906657579186,129.15496650148827,2000,"{1: 2, 0: 1}",0.05994842503189409,linear,"{'C': np.float64(129.15496650148827), 'cache_size': 2000, 'class_weight': {1: 2, 0: 1}, 'gamma': np.float64(0.05994842503189409), 'kernel': 'linear'}",0.5375000000000001,0.6375000000000001,0.66875,0.5850340136054422,0.3714285714285714,0.5600425170068027,0.1044269495601471,1485
0.003003215789794922,0.0008393666936399206,0.0036110877990722656,0.00037710506198052334,129.15496650148827,2000,"{1: 2, 0: 1}",10.0,linear,"{'C': np.float64(129.15496650148827), 'cache_size': 2000, 'class_weight': {1: 2, 0: 1}, 'gamma': np.float64(10.0), 'kernel': 'linear'}",0.5375000000000001,0.6375000000000001,0.66875,0.5850340136054422,0.3714285714285714,0.5600425170068027,0.1044269495601471,1485
0.0034151077270507812,0.0006996081107707388,0.003452014923095703,0.0009271101519124224,129.15496650148827,2000,"{1: 2, 0: 1}",0.0027825594022071257,linear,"{'C': np.float64(129.15496650148827), 'cache_size': 2000, 'class_weight': {1: 2, 0: 1}, 'gamma': np.float64(0.0027825594022071257), 'kernel': 'linear'}",0.5375000000000001,0.6375000000000001,0.66875,0.5850340136054422,0.3714285714285714,0.5600425170068027,0.1044269495601471,1485
0.0027536392211914063,0.0005693211543082304,0.002547740936279297,0.0008084932703695565,129.15496650148827,2000,"{1: 2, 0: 1}",0.001,linear,"{'C': np.float64(129.15496650148827), 'cache_size': 2000, 'class_weight': {1: 2, 0: 1}, 'gamma': np.float64(0.001), 'kernel': 'linear'}",0.5375000000000001,0.6375000000000001,0.66875,0.5850340136054422,0.3714285714285714,0.5600425170068027,0.1044269495601471,1485
0.0030059814453125,0.00031166267802984195,0.002702474594116211,0.00040060621855968854,359.38136638046257,2000,"{1: 2, 0: 1}",3.593813663804626,sigmoid,"{'C': np.float64(359.38136638046257), 'cache_size': 2000, 'class_weight': {1: 2, 0: 1}, 'gamma': np.float64(3.593813663804626), 'kernel': 'sigmoid'}",0.58125,0.575,0.6375,0.6122448979591837,0.3928571428571429,0.5597704081632653,0.08642778834910167,1495
0.006209516525268554,0.0015108948199523467,0.0028084278106689452,0.0005991923587051514,359.38136638046257,2000,"{1: 2, 0: 1}",0.1668100537200059,linear,"{'C': np.float64(359.38136638046257), 'cache_size': 2000, 'class_weight': {1: 2, 0: 1}, 'gamma': np.float64(0.1668100537200059), 'kernel': 'linear'}",0.5812499999999999,0.6375000000000001,0.6937500000000001,0.5714285714285715,0.3142857142857143,0.5596428571428571,0.13027076394485262,1496
0.01232447624206543,0.005611551249291949,0.004403018951416015,0.0007348923505632815,359.38136638046257,2000,"{1: 2, 0: 1}",0.007742636826811269,linear,"{'C': np.float64(359.38136638046257), 'cache_size': 2000, 'class_weight': {1: 2, 0: 1}, 'gamma': np.float64(0.007742636826811269), 'kernel': 'linear'}",0.5812499999999999,0.6375000000000001,0.6937500000000001,0.5714285714285715,0.3142857142857143,0.5596428571428571,0.13027076394485262,1496
0.006215429306030274,0.0013368756662414138,0.003607177734375,0.0004954884088734688,359.38136638046257,2000,"{1: 2, 0: 1}",0.0027825594022071257,linear,"{'C': np.float64(359.38136638046257), 'cache_size': 2000, 'class_weight': {1: 2, 0: 1}, 'gamma': np.float64(0.0027825594022071257), 'kernel': 'linear'}",0.5812499999999999,0.6375000000000001,0.6937500000000001,0.5714285714285715,0.3142857142857143,0.5596428571428571,0.13027076394485262,1496
0.006214570999145508,0.0015401887184992628,0.004212093353271484,0.0006717845871693044,359.38136638046257,2000,"{1: 2, 0: 1}",0.001,linear,"{'C': np.float64(359.38136638046257), 'cache_size': 2000, 'class_weight': {1: 2, 0: 1}, 'gamma': np.float64(0.001), 'kernel': 'linear'}",0.5812499999999999,0.6375000000000001,0.6937500000000001,0.5714285714285715,0.3142857142857143,0.5596428571428571,0.13027076394485262,1496
0.006713962554931641,0.0019724327497969954,0.004416084289550782,0.0005923269106327617,359.38136638046257,2000,"{1: 2, 0: 1}",1.2915496650148828,linear,"{'C': np.float64(359.38136638046257), 'cache_size': 2000, 'class_weight': {1: 2, 0: 1}, 'gamma': np.float64(1.2915496650148828), 'kernel': 'linear'}",0.5812499999999999,0.6375000000000001,0.6937500000000001,0.5714285714285715,0.3142857142857143,0.5596428571428571,0.13027076394485262,1496
0.006317424774169922,0.0017237054542356255,0.0034011363983154296,0.0004901934829424045,359.38136638046257,2000,"{1: 2, 0: 1}",0.46415888336127775,linear,"{'C': np.float64(359.38136638046257), 'cache_size': 2000, 'class_weight': {1: 2, 0: 1}, 'gamma': np.float64(0.46415888336127775), 'kernel': 'linear'}",0.5812499999999999,0.6375000000000001,0.6937500000000001,0.5714285714285715,0.3142857142857143,0.5596428571428571,0.13027076394485262,1496
0.006409883499145508,0.0018592394623329865,0.004107332229614258,0.001683475289494521,359.38136638046257,2000,"{1: 2, 0: 1}",0.05994842503189409,linear,"{'C': np.float64(359.38136638046257), 'cache_size': 2000, 'class_weight': {1: 2, 0: 1}, 'gamma': np.float64(0.05994842503189409), 'kernel': 'linear'}",0.5812499999999999,0.6375000000000001,0.6937500000000001,0.5714285714285715,0.3142857142857143,0.5596428571428571,0.13027076394485262,1496
0.006208896636962891,0.0017256920822228616,0.00431365966796875,0.0011664803515333663,359.38136638046257,2000,"{1: 2, 0: 1}",3.593813663804626,linear,"{'C': np.float64(359.38136638046257), 'cache_size': 2000, 'class_weight': {1: 2, 0: 1}, 'gamma': np.float64(3.593813663804626), 'kernel': 'linear'}",0.5812499999999999,0.6375000000000001,0.6937500000000001,0.5714285714285715,0.3142857142857143,0.5596428571428571,0.13027076394485262,1496
0.005813407897949219,0.0016658409507881616,0.0034009933471679686,0.0004899208473093903,359.38136638046257,2000,"{1: 2, 0: 1}",0.021544346900318832,linear,"{'C': np.float64(359.38136638046257), 'cache_size': 2000, 'class_weight': {1: 2, 0: 1}, 'gamma': np.float64(0.021544346900318832), 'kernel': 'linear'}",0.5812499999999999,0.6375000000000001,0.6937500000000001,0.5714285714285715,0.3142857142857143,0.5596428571428571,0.13027076394485262,1496
0.006213951110839844,0.0016598163358759394,0.004009056091308594,0.0007079960424116968,359.38136638046257,2000,"{1: 2, 0: 1}",10.0,linear,"{'C': np.float64(359.38136638046257), 'cache_size': 2000, 'class_weight': {1: 2, 0: 1}, 'gamma': np.float64(10.0), 'kernel': 'linear'}",0.5812499999999999,0.6375000000000001,0.6937500000000001,0.5714285714285715,0.3142857142857143,0.5596428571428571,0.13027076394485262,1496
0.004011106491088867,0.00031692225454317216,0.003204011917114258,0.00024818389700827497,129.15496650148827,2000,"{1: 3, 0: 1}",10.0,rbf,"{'C': np.float64(129.15496650148827), 'cache_size': 2000, 'class_weight': {1: 3, 0: 1}, 'gamma': np.float64(10.0), 'kernel': 'rbf'}",0.725,0.68125,0.60625,0.30612244897959184,0.4785714285714285,0.5594387755102042,0.15175537769211223,1506
0.00532064437866211,0.0011389042217660019,0.002805662155151367,0.0002384912094114268,359.38136638046257,2000,balanced,0.46415888336127775,linear,"{'C': np.float64(359.38136638046257), 'cache_size': 2000, 'class_weight': 'balanced', 'gamma': np.float64(0.46415888336127775), 'kernel': 'linear'}",0.6125,0.64375,0.6687500000000001,0.5782312925170068,0.2857142857142857,0.5577891156462585,0.13938254412941178,1507
0.005812406539916992,0.0015347137312808077,0.007620096206665039,0.007318460604133978,359.38136638046257,2000,balanced,3.593813663804626,linear,"{'C': np.float64(359.38136638046257), 'cache_size': 2000, 'class_weight': 'balanced', 'gamma': np.float64(3.593813663804626), 'kernel': 'linear'}",0.6125,0.64375,0.6687500000000001,0.5782312925170068,0.2857142857142857,0.5577891156462585,0.13938254412941178,1507
0.006324958801269531,0.0014413617266744636,0.0042073726654052734,0.000870936353507726,359.38136638046257,2000,balanced,10.0,linear,"{'C': np.float64(359.38136638046257), 'cache_size': 2000, 'class_weight': 'balanced', 'gamma': np.float64(10.0), 'kernel': 'linear'}",0.6125,0.64375,0.6687500000000001,0.5782312925170068,0.2857142857142857,0.5577891156462585,0.13938254412941178,1507
0.0087188720703125,0.004841031983475296,0.004211711883544922,0.0008179911421496577,359.38136638046257,2000,balanced,0.1668100537200059,linear,"{'C': np.float64(359.38136638046257), 'cache_size': 2000, 'class_weight': 'balanced', 'gamma': np.float64(0.1668100537200059), 'kernel': 'linear'}",0.6125,0.64375,0.6687500000000001,0.5782312925170068,0.2857142857142857,0.5577891156462585,0.13938254412941178,1507
0.0068148612976074215,0.0013346184786030921,0.006311941146850586,0.005618527581070563,359.38136638046257,2000,balanced,1.2915496650148828,linear,"{'C': np.float64(359.38136638046257), 'cache_size': 2000, 'class_weight': 'balanced', 'gamma': np.float64(1.2915496650148828), 'kernel': 'linear'}",0.6125,0.64375,0.6687500000000001,0.5782312925170068,0.2857142857142857,0.5577891156462585,0.13938254412941178,1507
0.0062105655670166016,0.0011684147661658085,0.004221773147583008,0.0007375095842884397,359.38136638046257,2000,balanced,0.021544346900318832,linear,"{'C': np.float64(359.38136638046257), 'cache_size': 2000, 'class_weight': 'balanced', 'gamma': np.float64(0.021544346900318832), 'kernel': 'linear'}",0.6125,0.64375,0.6687500000000001,0.5782312925170068,0.2857142857142857,0.5577891156462585,0.13938254412941178,1507
0.005119514465332031,0.0009903197820945676,0.0033020973205566406,0.0004011409987628742,359.38136638046257,2000,balanced,0.001,linear,"{'C': np.float64(359.38136638046257), 'cache_size': 2000, 'class_weight': 'balanced', 'gamma': np.float64(0.001), 'kernel': 'linear'}",0.6125,0.64375,0.6687500000000001,0.5782312925170068,0.2857142857142857,0.5577891156462585,0.13938254412941178,1507
0.005413627624511719,0.0004910997168612821,0.008020448684692382,0.00879295250489057,359.38136638046257,2000,balanced,0.007742636826811269,linear,"{'C': np.float64(359.38136638046257), 'cache_size': 2000, 'class_weight': 'balanced', 'gamma': np.float64(0.007742636826811269), 'kernel': 'linear'}",0.6125,0.64375,0.6687500000000001,0.5782312925170068,0.2857142857142857,0.5577891156462585,0.13938254412941178,1507
0.01151270866394043,0.0074076669107956475,0.004516315460205078,0.0007166548618644243,359.38136638046257,2000,balanced,0.0027825594022071257,linear,"{'C': np.float64(359.38136638046257), 'cache_size': 2000, 'class_weight': 'balanced', 'gamma': np.float64(0.0027825594022071257), 'kernel': 'linear'}",0.6125,0.64375,0.6687500000000001,0.5782312925170068,0.2857142857142857,0.5577891156462585,0.13938254412941178,1507
0.009120988845825195,0.005000623298405002,0.005306243896484375,0.0012524854632417026,359.38136638046257,2000,balanced,0.05994842503189409,linear,"{'C': np.float64(359.38136638046257), 'cache_size': 2000, 'class_weight': 'balanced', 'gamma': np.float64(0.05994842503189409), 'kernel': 'linear'}",0.6125,0.64375,0.6687500000000001,0.5782312925170068,0.2857142857142857,0.5577891156462585,0.13938254412941178,1507
0.004106712341308594,0.0007980679142456286,0.003807687759399414,0.000516310075403843,46.41588833612777,2000,balanced,1.2915496650148828,sigmoid,"{'C': np.float64(46.41588833612777), 'cache_size': 2000, 'class_weight': 'balanced', 'gamma': np.float64(1.2915496650148828), 'kernel': 'sigmoid'}",0.55,0.6375000000000001,0.5375,0.6598639455782314,0.4,0.5569727891156463,0.09180358119132413,1517
0.004302883148193359,0.0010764010688961143,0.003509855270385742,0.0005502407960355192,1000.0,2000,balanced,0.46415888336127775,sigmoid,"{'C': np.float64(1000.0), 'cache_size': 2000, 'class_weight': 'balanced', 'gamma': np.float64(0.46415888336127775), 'kernel': 'sigmoid'}",0.53125,0.6187499999999999,0.63125,0.5782312925170068,0.4214285714285714,0.5561819727891156,0.0759160347808708,1518
0.004108905792236328,0.001164255930775419,0.00320587158203125,0.00041027071862816995,2.1544346900318834,2000,balanced,3.593813663804626,sigmoid,"{'C': np.float64(2.1544346900318834), 'cache_size': 2000, 'class_weight': 'balanced', 'gamma': np.float64(3.593813663804626), 'kernel': 'sigmoid'}",0.54375,0.69375,0.59375,0.38095238095238093,0.5642857142857143,0.5552976190476191,0.10125022745698255,1519
0.005003690719604492,0.0020277252818084353,0.00561819076538086,0.0015639705880789378,5.994842503189409,2000,"{1: 3, 0: 1}",3.593813663804626,sigmoid,"{'C': np.float64(5.994842503189409), 'cache_size': 2000, 'class_weight': {1: 3, 0: 1}, 'gamma': np.float64(3.593813663804626), 'kernel': 'sigmoid'}",0.625,0.6000000000000001,0.6125,0.5442176870748299,0.3928571428571428,0.5549149659863946,0.08560114279675003,1520
0.005006217956542968,0.0005491392318453091,0.003105640411376953,0.0006637555258003075,1000.0,2000,"{1: 2, 0: 1}",0.1668100537200059,sigmoid,"{'C': np.float64(1000.0), 'cache_size': 2000, 'class_weight': {1: 2, 0: 1}, 'gamma': np.float64(0.1668100537200059), 'kernel': 'sigmoid'}",0.5562499999999999,0.6375000000000001,0.6687500000000001,0.5578231292517007,0.35,0.5540646258503402,0.11115347087227874,1521
0.00440511703491211,0.0005811667262304054,0.0034009933471679686,0.0008002758097152832,1000.0,2000,"{1: 3.5, 0: 1}",3.593813663804626,rbf,"{'C': np.float64(1000.0), 'cache_size': 2000, 'class_weight': {1: 3.5, 0: 1}, 'gamma': np.float64(3.593813663804626), 'kernel': 'rbf'}",0.725,0.71875,0.44375000000000003,0.326530612244898,0.5499999999999999,0.5528061224489795,0.1551062994514709,1522
0.005825662612915039,0.0013309590673891813,0.0036011219024658205,0.0008000978461098318,1000.0,2000,"{1: 2, 0: 1}",0.46415888336127775,sigmoid,"{'C': np.float64(1000.0), 'cache_size': 2000, 'class_weight': {1: 2, 0: 1}, 'gamma': np.float64(0.46415888336127775), 'kernel': 'sigmoid'}",0.5,0.60625,0.5625,0.727891156462585,0.3642857142857143,0.5521853741496598,0.11994289696775978,1523
0.003102016448974609,0.00020137558652332958,0.0040073394775390625,0.0011468922776612012,0.1,2000,"{1: 3, 0: 1}",10.0,sigmoid,"{'C': np.float64(0.1), 'cache_size': 2000, 'class_weight': {1: 3, 0: 1}, 'gamma': np.float64(10.0), 'kernel': 'sigmoid'}",0.56875,0.7625,0.5187499999999999,0.3945578231292517,0.5142857142857142,0.5517687074829931,0.11992206963157084,1524
0.003403902053833008,0.000798368597802429,0.003809213638305664,0.0014077300018991647,0.2782559402207124,2000,balanced,10.0,sigmoid,"{'C': np.float64(0.2782559402207124), 'cache_size': 2000, 'class_weight': 'balanced', 'gamma': np.float64(10.0), 'kernel': 'sigmoid'}",0.5125,0.7625,0.5375,0.4217687074829932,0.5214285714285715,0.5511394557823129,0.11311220014993532,1525
0.005528736114501953,0.0022821330216950767,0.012412357330322265,0.010775529453466114,5.994842503189409,2000,"{1: 2, 0: 1}",1.2915496650148828,sigmoid,"{'C': np.float64(5.994842503189409), 'cache_size': 2000, 'class_weight': {1: 2, 0: 1}, 'gamma': np.float64(1.2915496650148828), 'kernel': 'sigmoid'}",0.5125,0.74375,0.6125,0.5034013605442177,0.37857142857142856,0.5501445578231292,0.12199233280526255,1526
0.0032039165496826174,0.0009293604582009414,0.0029047489166259765,0.0004950482545220206,359.38136638046257,2000,"{1: 2, 0: 1}",1.2915496650148828,sigmoid,"{'C': np.float64(359.38136638046257), 'cache_size': 2000, 'class_weight': {1: 2, 0: 1}, 'gamma': np.float64(1.2915496650148828), 'kernel': 'sigmoid'}",0.5375,0.5625,0.5625,0.6666666666666666,0.4214285714285714,0.5501190476190476,0.078243724980769,1527
0.0037165164947509767,0.0011435902009522033,0.0035056114196777345,0.0004426440737349593,2.1544346900318834,2000,"{1: 3, 0: 1}",3.593813663804626,sigmoid,"{'C': np.float64(2.1544346900318834), 'cache_size': 2000, 'class_weight': {1: 3, 0: 1}, 'gamma': np.float64(3.593813663804626), 'kernel': 'sigmoid'}",0.55,0.6125,0.59375,0.44217687074829926,0.55,0.5496853741496599,0.059068849243066275,1528
0.0043067455291748045,0.0005108680165587235,0.0038112640380859376,0.0008113269079255823,129.15496650148827,2000,"{1: 3.5, 0: 1}",10.0,rbf,"{'C': np.float64(129.15496650148827), 'cache_size': 2000, 'class_weight': {1: 3.5, 0: 1}, 'gamma': np.float64(10.0), 'kernel': 'rbf'}",0.7125,0.68125,0.5625,0.30612244897959184,0.4857142857142857,0.5496173469387755,0.146558686768209,1529
0.005411291122436523,0.004329017635019651,0.00330500602722168,0.00024824214815026254,0.774263682681127,2000,"{1: 2, 0: 1}",3.593813663804626,sigmoid,"{'C': np.float64(0.774263682681127), 'cache_size': 2000, 'class_weight': {1: 2, 0: 1}, 'gamma': np.float64(3.593813663804626), 'kernel': 'sigmoid'}",0.45,0.6625000000000001,0.6187499999999999,0.5442176870748299,0.4714285714285714,0.5493792517006802,0.08196071057313274,1530
0.004302263259887695,0.0007485224555170831,0.004013729095458984,0.0013401559306375048,1000.0,2000,"{1: 3, 0: 1}",0.46415888336127775,sigmoid,"{'C': np.float64(1000.0), 'cache_size': 2000, 'class_weight': {1: 3, 0: 1}, 'gamma': np.float64(0.46415888336127775), 'kernel': 'sigmoid'}",0.5437500000000001,0.63125,0.5875,0.564625850340136,0.41428571428571426,0.54828231292517,0.07302657817627176,1531
0.0036065101623535155,0.0003730406650454183,0.00420675277709961,0.0008101984426029352,16.68100537200059,2000,balanced,3.593813663804626,sigmoid,"{'C': np.float64(16.68100537200059), 'cache_size': 2000, 'class_weight': 'balanced', 'gamma': np.float64(3.593813663804626), 'kernel': 'sigmoid'}",0.575,0.59375,0.59375,0.5578231292517007,0.4,0.5440646258503401,0.07326415633828941,1532
0.002645397186279297,0.0005560709993876121,0.00415492057800293,0.0007035239983544666,46.41588833612777,2000,balanced,3.593813663804626,sigmoid,"{'C': np.float64(46.41588833612777), 'cache_size': 2000, 'class_weight': 'balanced', 'gamma': np.float64(3.593813663804626), 'kernel': 'sigmoid'}",0.4125,0.6062500000000001,0.69375,0.6122448979591837,0.39285714285714285,0.5435204081632652,0.11924156517013369,1533
0.0043140888214111325,0.0012141219781746117,0.004003143310546875,0.001049076346347045,0.1,2000,"{1: 2, 0: 1}",3.593813663804626,sigmoid,"{'C': np.float64(0.1), 'cache_size': 2000, 'class_weight': {1: 2, 0: 1}, 'gamma': np.float64(3.593813663804626), 'kernel': 'sigmoid'}",0.4375,0.68125,0.5625,0.5850340136054422,0.44285714285714284,0.541828231292517,0.09210010578386761,1534
0.0030146121978759767,0.00030879598106320973,0.003302764892578125,0.000401182385630324,1000.0,2000,"{1: 2, 0: 1}",1.2915496650148828,sigmoid,"{'C': np.float64(1000.0), 'cache_size': 2000, 'class_weight': {1: 2, 0: 1}, 'gamma': np.float64(1.2915496650148828), 'kernel': 'sigmoid'}",0.5625,0.6124999999999999,0.4375,0.6598639455782312,0.43571428571428567,0.5416156462585033,0.09110277063788975,1535
0.0031203746795654295,0.0004730577273066187,0.004603433609008789,0.0014628379408168689,0.2782559402207124,2000,"{1: 3, 0: 1}",10.0,sigmoid,"{'C': np.float64(0.2782559402207124), 'cache_size': 2000, 'class_weight': {1: 3, 0: 1}, 'gamma': np.float64(10.0), 'kernel': 'sigmoid'}",0.54375,0.75625,0.5687500000000001,0.3945578231292517,0.4428571428571428,0.5412329931972788,0.12504978820106566,1536
0.003703880310058594,0.0008129699955743941,0.003906536102294922,0.0013591885700017727,0.1,2000,"{1: 3.5, 0: 1}",10.0,sigmoid,"{'C': np.float64(0.1), 'cache_size': 2000, 'class_weight': {1: 3.5, 0: 1}, 'gamma': np.float64(10.0), 'kernel': 'sigmoid'}",0.5374999999999999,0.7250000000000001,0.51875,0.3945578231292517,0.5214285714285714,0.5394472789115646,0.10599963185698122,1537
0.002802610397338867,0.00024372676699861473,0.004008579254150391,0.0013131099239294412,0.2782559402207124,2000,"{1: 2, 0: 1}",3.593813663804626,sigmoid,"{'C': np.float64(0.2782559402207124), 'cache_size': 2000, 'class_weight': {1: 2, 0: 1}, 'gamma': np.float64(3.593813663804626), 'kernel': 'sigmoid'}",0.4375,0.68125,0.5625,0.5714285714285715,0.44285714285714284,0.5391071428571429,0.09097754264271005,1538
0.004408073425292969,0.0003754091250401168,0.00360722541809082,0.0009808661859303917,359.38136638046257,2000,balanced,10.0,rbf,"{'C': np.float64(359.38136638046257), 'cache_size': 2000, 'class_weight': 'balanced', 'gamma': np.float64(10.0), 'kernel': 'rbf'}",0.7,0.6499999999999999,0.51875,0.30612244897959184,0.49999999999999994,0.5349744897959183,0.1373491846406428,1539
0.006708860397338867,0.004465488683925032,0.005712032318115234,0.002427662375149341,359.38136638046257,2000,"{1: 3.5, 0: 1}",10.0,rbf,"{'C': np.float64(359.38136638046257), 'cache_size': 2000, 'class_weight': {1: 3.5, 0: 1}, 'gamma': np.float64(10.0), 'kernel': 'rbf'}",0.6937500000000001,0.625,0.44999999999999996,0.30612244897959184,0.5928571428571429,0.533545918367347,0.1387431966430926,1540
0.0032090187072753907,0.0006043667214648697,0.004205036163330078,0.000742977118693739,2.1544346900318834,2000,"{1: 2, 0: 1}",1.2915496650148828,sigmoid,"{'C': np.float64(2.1544346900318834), 'cache_size': 2000, 'class_weight': {1: 2, 0: 1}, 'gamma': np.float64(1.2915496650148828), 'kernel': 'sigmoid'}",0.46875,0.70625,0.5687500000000001,0.564625850340136,0.3571428571428571,0.5331037414965987,0.11605822917150141,1541
0.0037021636962890625,0.00040018903309231775,0.003507661819458008,0.0003168956004122521,359.38136638046257,2000,"{1: 3, 0: 1}",10.0,rbf,"{'C': np.float64(359.38136638046257), 'cache_size': 2000, 'class_weight': {1: 3, 0: 1}, 'gamma': np.float64(10.0), 'kernel': 'rbf'}",0.6937500000000001,0.625,0.44999999999999996,0.30612244897959184,0.5714285714285714,0.5292602040816327,0.13716691320541086,1542
0.0045053958892822266,0.0013811079544675355,0.006215095520019531,0.00442078811493631,16.68100537200059,2000,"{1: 3, 0: 1}",3.593813663804626,sigmoid,"{'C': np.float64(16.68100537200059), 'cache_size': 2000, 'class_weight': {1: 3, 0: 1}, 'gamma': np.float64(3.593813663804626), 'kernel': 'sigmoid'}",0.41875,0.6062500000000001,0.6124999999999999,0.6054421768707483,0.4,0.5285884353741497,0.09754838233157176,1543
0.0038005828857421873,0.000748442932127633,0.004824066162109375,0.00038710404680090916,0.2782559402207124,2000,"{1: 3.5, 0: 1}",10.0,sigmoid,"{'C': np.float64(0.2782559402207124), 'cache_size': 2000, 'class_weight': {1: 3.5, 0: 1}, 'gamma': np.float64(10.0), 'kernel': 'sigmoid'}",0.5,0.7250000000000001,0.50625,0.41496598639455784,0.49285714285714277,0.5278146258503401,0.10399769163019128,1544
0.002908802032470703,0.0003802540182834941,0.003205394744873047,0.00039772188436791453,0.774263682681127,2000,"{1: 2, 0: 1}",10.0,sigmoid,"{'C': np.float64(0.774263682681127), 'cache_size': 2000, 'class_weight': {1: 2, 0: 1}, 'gamma': np.float64(10.0), 'kernel': 'sigmoid'}",0.4625,0.55,0.6312500000000001,0.4353741496598639,0.557142857142857,0.5272534013605442,0.07051365786291348,1545
0.00411067008972168,0.0007353716207972613,0.00410304069519043,0.0012015228905264846,359.38136638046257,2000,"{1: 2, 0: 1}",10.0,rbf,"{'C': np.float64(359.38136638046257), 'cache_size': 2000, 'class_weight': {1: 2, 0: 1}, 'gamma': np.float64(10.0), 'kernel': 'rbf'}",0.70625,0.6375,0.46875,0.30612244897959184,0.5071428571428571,0.5251530612244898,0.139210644530524,1546
0.0027027130126953125,0.0006004605118995029,0.003210306167602539,0.0002558947398079783,2.1544346900318834,2000,"{1: 2, 0: 1}",3.593813663804626,sigmoid,"{'C': np.float64(2.1544346900318834), 'cache_size': 2000, 'class_weight': {1: 2, 0: 1}, 'gamma': np.float64(3.593813663804626), 'kernel': 'sigmoid'}",0.4625,0.59375,0.6312500000000001,0.44217687074829926,0.4928571428571429,0.5245068027210884,0.07458350057026075,1547
0.00410771369934082,0.0011645321529313538,0.0039100170135498045,0.00080876175113468,1000.0,2000,"{1: 2, 0: 1}",10.0,rbf,"{'C': np.float64(1000.0), 'cache_size': 2000, 'class_weight': {1: 2, 0: 1}, 'gamma': np.float64(10.0), 'kernel': 'rbf'}",0.68125,0.58125,0.425,0.30612244897959184,0.6285714285714286,0.5244387755102041,0.13871623790485252,1548
0.003829669952392578,0.0007563457378409066,0.003309345245361328,0.0005059645499177049,1000.0,2000,"{1: 3.5, 0: 1}",10.0,rbf,"{'C': np.float64(1000.0), 'cache_size': 2000, 'class_weight': {1: 3.5, 0: 1}, 'gamma': np.float64(10.0), 'kernel': 'rbf'}",0.68125,0.58125,0.425,0.30612244897959184,0.6285714285714286,0.5244387755102041,0.13871623790485252,1548
0.0036103248596191405,0.0007351282868815976,0.003801584243774414,0.001165607858532042,1000.0,2000,"{1: 3, 0: 1}",10.0,rbf,"{'C': np.float64(1000.0), 'cache_size': 2000, 'class_weight': {1: 3, 0: 1}, 'gamma': np.float64(10.0), 'kernel': 'rbf'}",0.68125,0.58125,0.425,0.30612244897959184,0.6285714285714286,0.5244387755102041,0.13871623790485252,1548
0.003010082244873047,0.00031702006281309793,0.003001689910888672,1.0002220613194958e-06,46.41588833612777,2000,"{1: 3, 0: 1}",1.2915496650148828,sigmoid,"{'C': np.float64(46.41588833612777), 'cache_size': 2000, 'class_weight': {1: 3, 0: 1}, 'gamma': np.float64(1.2915496650148828), 'kernel': 'sigmoid'}",0.48125,0.65625,0.575,0.48299319727891155,0.4214285714285714,0.5233843537414965,0.08260651999329338,1551
0.004709720611572266,0.0007541454553191793,0.003407573699951172,0.0009203162536898793,1000.0,2000,balanced,10.0,rbf,"{'C': np.float64(1000.0), 'cache_size': 2000, 'class_weight': 'balanced', 'gamma': np.float64(10.0), 'kernel': 'rbf'}",0.68125,0.58125,0.425,0.30612244897959184,0.6214285714285714,0.5230102040816327,0.13766929962011337,1552
0.003806924819946289,0.0006823782579964289,0.003610849380493164,0.0005927242390537158,16.68100537200059,2000,"{1: 2, 0: 1}",1.2915496650148828,sigmoid,"{'C': np.float64(16.68100537200059), 'cache_size': 2000, 'class_weight': {1: 2, 0: 1}, 'gamma': np.float64(1.2915496650148828), 'kernel': 'sigmoid'}",0.42499999999999993,0.54375,0.5437500000000001,0.7142857142857142,0.3857142857142857,0.5225,0.11480545878723249,1553
0.004412555694580078,0.0011589816220697274,0.003802967071533203,0.000929001062342351,1000.0,2000,"{1: 3, 0: 1}",1.2915496650148828,sigmoid,"{'C': np.float64(1000.0), 'cache_size': 2000, 'class_weight': {1: 3, 0: 1}, 'gamma': np.float64(1.2915496650148828), 'kernel': 'sigmoid'}",0.51875,0.6125,0.54375,0.47619047619047616,0.4571428571428571,0.5216666666666667,0.054732587908286646,1554
0.004417562484741211,0.0010338026063361151,0.002803802490234375,0.0003933907133160173,46.41588833612777,2000,"{1: 3.5, 0: 1}",1.2915496650148828,sigmoid,"{'C': np.float64(46.41588833612777), 'cache_size': 2000, 'class_weight': {1: 3.5, 0: 1}, 'gamma': np.float64(1.2915496650148828), 'kernel': 'sigmoid'}",0.50625,0.575,0.53125,0.5510204081632653,0.4285714285714285,0.5184183673469387,0.0502982436807466,1555
0.004307794570922852,0.0005105910391676397,0.0027053356170654297,0.000606045583977543,1000.0,2000,balanced,1.2915496650148828,sigmoid,"{'C': np.float64(1000.0), 'cache_size': 2000, 'class_weight': 'balanced', 'gamma': np.float64(1.2915496650148828), 'kernel': 'sigmoid'}",0.5125,0.59375,0.5375,0.4965986394557823,0.44999999999999996,0.5180697278911565,0.04739315651705334,1556
0.0041104316711425785,0.0009736462095419152,0.0036065101623535155,0.00037765838279583833,129.15496650148827,2000,balanced,1.2915496650148828,sigmoid,"{'C': np.float64(129.15496650148827), 'cache_size': 2000, 'class_weight': 'balanced', 'gamma': np.float64(1.2915496650148828), 'kernel': 'sigmoid'}",0.51875,0.6124999999999999,0.575,0.46938775510204084,0.41428571428571426,0.517984693877551,0.0711331353784672,1557
0.002906608581542969,0.000868312169495726,0.0032065868377685546,0.0008155021202105911,359.38136638046257,2000,"{1: 3, 0: 1}",1.2915496650148828,sigmoid,"{'C': np.float64(359.38136638046257), 'cache_size': 2000, 'class_weight': {1: 3, 0: 1}, 'gamma': np.float64(1.2915496650148828), 'kernel': 'sigmoid'}",0.5125,0.5875,0.5625,0.48299319727891155,0.4428571428571428,0.5176700680272108,0.05236817915645285,1558
0.003610658645629883,0.0010708497415140674,0.004204177856445312,0.0027338034283429604,46.41588833612777,2000,"{1: 2, 0: 1}",1.2915496650148828,sigmoid,"{'C': np.float64(46.41588833612777), 'cache_size': 2000, 'class_weight': {1: 2, 0: 1}, 'gamma': np.float64(1.2915496650148828), 'kernel': 'sigmoid'}",0.44375,0.6124999999999999,0.5125,0.6054421768707483,0.39285714285714285,0.5134098639455782,0.0868044753970465,1559
0.004401540756225586,0.0010199361293865726,0.0037147998809814453,0.0005178830227783684,0.774263682681127,2000,balanced,10.0,sigmoid,"{'C': np.float64(0.774263682681127), 'cache_size': 2000, 'class_weight': 'balanced', 'gamma': np.float64(10.0), 'kernel': 'sigmoid'}",0.48750000000000004,0.6875,0.58125,0.3741496598639456,0.4214285714285714,0.5103656462585034,0.1125953879058406,1560
0.00400395393371582,0.0007071245604505535,0.0033062458038330077,0.0008722226597989594,359.38136638046257,2000,"{1: 3.5, 0: 1}",1.2915496650148828,sigmoid,"{'C': np.float64(359.38136638046257), 'cache_size': 2000, 'class_weight': {1: 3.5, 0: 1}, 'gamma': np.float64(1.2915496650148828), 'kernel': 'sigmoid'}",0.51875,0.56875,0.53125,0.4625850340136054,0.4642857142857143,0.509124149659864,0.04077702011860778,1561
0.004717302322387695,0.0012172044538737846,0.007105445861816407,0.004046383833622895,359.38136638046257,2000,balanced,1.2915496650148828,sigmoid,"{'C': np.float64(359.38136638046257), 'cache_size': 2000, 'class_weight': 'balanced', 'gamma': np.float64(1.2915496650148828), 'kernel': 'sigmoid'}",0.48125,0.5750000000000001,0.55,0.5034013605442177,0.43571428571428567,0.5090731292517007,0.04941492981414815,1562
0.0029047012329101564,0.0005851256197453536,0.004105901718139649,0.0004850948476067638,129.15496650148827,2000,"{1: 3, 0: 1}",1.2915496650148828,sigmoid,"{'C': np.float64(129.15496650148827), 'cache_size': 2000, 'class_weight': {1: 3, 0: 1}, 'gamma': np.float64(1.2915496650148828), 'kernel': 'sigmoid'}",0.475,0.55625,0.55625,0.5034013605442177,0.44999999999999996,0.5081802721088435,0.04273197864522108,1563
0.003101968765258789,0.0004885902023407744,0.004208230972290039,0.0012177837151710873,5.994842503189409,2000,balanced,3.593813663804626,sigmoid,"{'C': np.float64(5.994842503189409), 'cache_size': 2000, 'class_weight': 'balanced', 'gamma': np.float64(3.593813663804626), 'kernel': 'sigmoid'}",0.45625000000000004,0.5874999999999999,0.58125,0.41496598639455784,0.4928571428571428,0.5065646258503401,0.06817361265950192,1564
0.0028064727783203127,0.0002449189200593323,0.0032059192657470704,0.0002509694393684556,129.15496650148827,2000,"{1: 3.5, 0: 1}",1.2915496650148828,sigmoid,"{'C': np.float64(129.15496650148827), 'cache_size': 2000, 'class_weight': {1: 3.5, 0: 1}, 'gamma': np.float64(1.2915496650148828), 'kernel': 'sigmoid'}",0.51875,0.55,0.5375,0.47619047619047616,0.44999999999999996,0.5064880952380953,0.03772062837478538,1565
0.002701568603515625,0.0003997485588685428,0.003411865234375,0.0008685512670664166,0.2782559402207124,2000,"{1: 2, 0: 1}",10.0,sigmoid,"{'C': np.float64(0.2782559402207124), 'cache_size': 2000, 'class_weight': {1: 2, 0: 1}, 'gamma': np.float64(10.0), 'kernel': 'sigmoid'}",0.38749999999999996,0.5875,0.5812499999999999,0.5034013605442177,0.4642857142857143,0.5047874149659864,0.07494870945833643,1566
0.004607868194580078,0.0019866247032618895,0.004012537002563476,0.0007111416019091185,0.1,2000,"{1: 2, 0: 1}",10.0,sigmoid,"{'C': np.float64(0.1), 'cache_size': 2000, 'class_weight': {1: 2, 0: 1}, 'gamma': np.float64(10.0), 'kernel': 'sigmoid'}",0.38749999999999996,0.5875,0.5812499999999999,0.5034013605442177,0.4642857142857143,0.5047874149659864,0.07494870945833643,1566
0.0028028011322021483,0.00024300603120643464,0.0036118030548095703,0.0008608150392899204,129.15496650148827,2000,"{1: 2, 0: 1}",1.2915496650148828,sigmoid,"{'C': np.float64(129.15496650148827), 'cache_size': 2000, 'class_weight': {1: 2, 0: 1}, 'gamma': np.float64(1.2915496650148828), 'kernel': 'sigmoid'}",0.53125,0.5875000000000001,0.54375,0.42176870748299317,0.39999999999999997,0.49685374149659867,0.07296234017084484,1568
0.012425947189331054,0.015636632453409086,0.007827281951904297,0.005418164195621094,16.68100537200059,2000,"{1: 2, 0: 1}",3.593813663804626,sigmoid,"{'C': np.float64(16.68100537200059), 'cache_size': 2000, 'class_weight': {1: 2, 0: 1}, 'gamma': np.float64(3.593813663804626), 'kernel': 'sigmoid'}",0.43125,0.5875,0.425,0.5714285714285714,0.3857142857142857,0.48017857142857145,0.08271231184420036,1569
0.00270228385925293,0.0003996940649062254,0.003304910659790039,0.0006792849573730337,5.994842503189409,2000,"{1: 3.5, 0: 1}",10.0,sigmoid,"{'C': np.float64(5.994842503189409), 'cache_size': 2000, 'class_weight': {1: 3.5, 0: 1}, 'gamma': np.float64(10.0), 'kernel': 'sigmoid'}",0.40625,0.525,0.64375,0.5918367346938775,0.22857142857142856,0.47908163265306125,0.14832241217340109,1570
0.003006315231323242,0.0005495931380315564,0.003607654571533203,0.0007384697277642747,5.994842503189409,2000,"{1: 2, 0: 1}",3.593813663804626,sigmoid,"{'C': np.float64(5.994842503189409), 'cache_size': 2000, 'class_weight': {1: 2, 0: 1}, 'gamma': np.float64(3.593813663804626), 'kernel': 'sigmoid'}",0.60625,0.56875,0.41250000000000003,0.42857142857142855,0.37857142857142856,0.47892857142857137,0.09088320886204018,1571
0.003601408004760742,0.0012003900041229316,0.004518747329711914,0.0011472437146808222,1000.0,2000,"{1: 2, 0: 1}",10.0,sigmoid,"{'C': np.float64(1000.0), 'cache_size': 2000, 'class_weight': {1: 2, 0: 1}, 'gamma': np.float64(10.0), 'kernel': 'sigmoid'}",0.45625,0.5375,0.625,0.5306122448979591,0.22857142857142854,0.47558673469387747,0.13459261035503556,1572
0.006214427947998047,0.006913789943247364,0.0036087512969970705,0.0009800212488530102,359.38136638046257,2000,"{1: 2, 0: 1}",10.0,sigmoid,"{'C': np.float64(359.38136638046257), 'cache_size': 2000, 'class_weight': {1: 2, 0: 1}, 'gamma': np.float64(10.0), 'kernel': 'sigmoid'}",0.45625,0.5375,0.625,0.5306122448979591,0.22857142857142854,0.47558673469387747,0.13459261035503556,1572
0.0030103206634521486,0.0009588044869131682,0.003301668167114258,0.0006024599712194712,16.68100537200059,2000,"{1: 3, 0: 1}",10.0,sigmoid,"{'C': np.float64(16.68100537200059), 'cache_size': 2000, 'class_weight': {1: 3, 0: 1}, 'gamma': np.float64(10.0), 'kernel': 'sigmoid'}",0.42500000000000004,0.48125,0.64375,0.5918367346938775,0.23571428571428568,0.4755102040816327,0.14277450689400223,1574
0.003306150436401367,0.0009805645397248546,0.0036071300506591796,0.0010659207702158181,129.15496650148827,2000,"{1: 3, 0: 1}",10.0,sigmoid,"{'C': np.float64(129.15496650148827), 'cache_size': 2000, 'class_weight': {1: 3, 0: 1}, 'gamma': np.float64(10.0), 'kernel': 'sigmoid'}",0.42500000000000004,0.48125,0.64375,0.5918367346938775,0.23571428571428568,0.4755102040816327,0.14277450689400223,1574
0.0038157939910888673,0.0014539510498874182,0.0041106224060058595,0.0011275354339384174,359.38136638046257,2000,"{1: 3, 0: 1}",10.0,sigmoid,"{'C': np.float64(359.38136638046257), 'cache_size': 2000, 'class_weight': {1: 3, 0: 1}, 'gamma': np.float64(10.0), 'kernel': 'sigmoid'}",0.42500000000000004,0.48125,0.64375,0.5918367346938775,0.23571428571428568,0.4755102040816327,0.14277450689400223,1574
0.0028046607971191407,0.00040186382185038844,0.0039058208465576174,0.0005873187308147672,1000.0,2000,"{1: 3, 0: 1}",10.0,sigmoid,"{'C': np.float64(1000.0), 'cache_size': 2000, 'class_weight': {1: 3, 0: 1}, 'gamma': np.float64(10.0), 'kernel': 'sigmoid'}",0.42500000000000004,0.48125,0.64375,0.5918367346938775,0.23571428571428568,0.4755102040816327,0.14277450689400223,1574
0.0039056777954101563,0.0006603791227999189,0.01032571792602539,0.0052305064563489875,46.41588833612777,2000,"{1: 3, 0: 1}",10.0,sigmoid,"{'C': np.float64(46.41588833612777), 'cache_size': 2000, 'class_weight': {1: 3, 0: 1}, 'gamma': np.float64(10.0), 'kernel': 'sigmoid'}",0.42500000000000004,0.48125,0.64375,0.5918367346938775,0.23571428571428568,0.4755102040816327,0.14277450689400223,1574
0.0035183906555175783,0.0010477500180295597,0.003010463714599609,0.00031714798935736404,129.15496650148827,2000,"{1: 2, 0: 1}",10.0,sigmoid,"{'C': np.float64(129.15496650148827), 'cache_size': 2000, 'class_weight': {1: 2, 0: 1}, 'gamma': np.float64(10.0), 'kernel': 'sigmoid'}",0.45625,0.53125,0.625,0.5306122448979591,0.22857142857142854,0.47433673469387755,0.13403968665629265,1579
0.003705120086669922,0.0011642973677882505,0.0039080619812011715,0.0013175463918896923,1000.0,2000,balanced,10.0,sigmoid,"{'C': np.float64(1000.0), 'cache_size': 2000, 'class_weight': 'balanced', 'gamma': np.float64(10.0), 'kernel': 'sigmoid'}",0.43125,0.50625,0.65,0.5374149659863946,0.23571428571428568,0.47212585034013604,0.13757005659588198,1580
0.004107952117919922,0.0018283580316611715,0.003353118896484375,0.0005821296693364397,16.68100537200059,2000,"{1: 2, 0: 1}",10.0,sigmoid,"{'C': np.float64(16.68100537200059), 'cache_size': 2000, 'class_weight': {1: 2, 0: 1}, 'gamma': np.float64(10.0), 'kernel': 'sigmoid'}",0.45625,0.53125,0.625,0.5102040816326531,0.23571428571428568,0.4716836734693878,0.12996739230786683,1581
0.0028028964996337892,0.0005109466549450595,0.003007316589355469,0.0005428934095405357,46.41588833612777,2000,"{1: 2, 0: 1}",10.0,sigmoid,"{'C': np.float64(46.41588833612777), 'cache_size': 2000, 'class_weight': {1: 2, 0: 1}, 'gamma': np.float64(10.0), 'kernel': 'sigmoid'}",0.45625,0.53125,0.625,0.5170068027210885,0.22857142857142854,0.4716156462585034,0.1330037353159204,1582
0.0025020122528076174,0.00044819571508119063,0.004210901260375976,0.0008124334289634645,16.68100537200059,2000,"{1: 3.5, 0: 1}",10.0,sigmoid,"{'C': np.float64(16.68100537200059), 'cache_size': 2000, 'class_weight': {1: 3.5, 0: 1}, 'gamma': np.float64(10.0), 'kernel': 'sigmoid'}",0.4,0.5,0.64375,0.5850340136054422,0.22857142857142856,0.4714710884353742,0.14662797917334494,1583
0.0032076358795166014,0.000507450843076377,0.005412578582763672,0.0035777287404511575,359.38136638046257,2000,balanced,10.0,sigmoid,"{'C': np.float64(359.38136638046257), 'cache_size': 2000, 'class_weight': 'balanced', 'gamma': np.float64(10.0), 'kernel': 'sigmoid'}",0.43125,0.50625,0.65,0.5306122448979592,0.23571428571428568,0.470765306122449,0.1369498716192405,1584
0.0032070159912109377,0.0005109664795209445,0.0033105850219726563,0.0012146921596567807,129.15496650148827,2000,"{1: 3.5, 0: 1}",10.0,sigmoid,"{'C': np.float64(129.15496650148827), 'cache_size': 2000, 'class_weight': {1: 3.5, 0: 1}, 'gamma': np.float64(10.0), 'kernel': 'sigmoid'}",0.4,0.48750000000000004,0.64375,0.5850340136054422,0.22857142857142856,0.4689710884353742,0.1462262620688765,1585
0.003310394287109375,0.0014068314362246865,0.006508779525756836,0.0025510694441222845,359.38136638046257,2000,"{1: 3.5, 0: 1}",10.0,sigmoid,"{'C': np.float64(359.38136638046257), 'cache_size': 2000, 'class_weight': {1: 3.5, 0: 1}, 'gamma': np.float64(10.0), 'kernel': 'sigmoid'}",0.4,0.48750000000000004,0.64375,0.5850340136054422,0.22857142857142856,0.4689710884353742,0.1462262620688765,1585
0.002806282043457031,0.0005102166639302157,0.0026084423065185548,0.0010706784750672636,1000.0,2000,"{1: 3.5, 0: 1}",10.0,sigmoid,"{'C': np.float64(1000.0), 'cache_size': 2000, 'class_weight': {1: 3.5, 0: 1}, 'gamma': np.float64(10.0), 'kernel': 'sigmoid'}",0.4,0.48750000000000004,0.64375,0.5850340136054422,0.22857142857142856,0.4689710884353742,0.1462262620688765,1585
0.0027017116546630858,0.0006012306855559554,0.003410959243774414,0.0005930996645787092,46.41588833612777,2000,"{1: 3.5, 0: 1}",10.0,sigmoid,"{'C': np.float64(46.41588833612777), 'cache_size': 2000, 'class_weight': {1: 3.5, 0: 1}, 'gamma': np.float64(10.0), 'kernel': 'sigmoid'}",0.4,0.48750000000000004,0.64375,0.5850340136054422,0.22857142857142856,0.4689710884353742,0.1462262620688765,1585
0.002902698516845703,0.0004909442622824564,0.003429079055786133,0.00039178563036111814,129.15496650148827,2000,balanced,10.0,sigmoid,"{'C': np.float64(129.15496650148827), 'cache_size': 2000, 'class_weight': 'balanced', 'gamma': np.float64(10.0), 'kernel': 'sigmoid'}",0.43125,0.50625,0.65,0.5170068027210885,0.23571428571428568,0.4680442176870748,0.13586459067626777,1589
0.0037120819091796876,0.0006717329900131924,0.0029052734375,0.0004954043105140607,46.41588833612777,2000,balanced,10.0,sigmoid,"{'C': np.float64(46.41588833612777), 'cache_size': 2000, 'class_weight': 'balanced', 'gamma': np.float64(10.0), 'kernel': 'sigmoid'}",0.4375,0.50625,0.65,0.5102040816326531,0.23571428571428568,0.46793367346938775,0.13509635677666282,1590
0.003807210922241211,0.0011207774817436856,0.003553438186645508,0.0013281629937881797,16.68100537200059,2000,balanced,10.0,sigmoid,"{'C': np.float64(16.68100537200059), 'cache_size': 2000, 'class_weight': 'balanced', 'gamma': np.float64(10.0), 'kernel': 'sigmoid'}",0.4375,0.50625,0.65,0.5102040816326531,0.23571428571428568,0.46793367346938775,0.13509635677666282,1590
0.0031045913696289063,0.0008628031343811852,0.003109455108642578,0.00020801957493769735,5.994842503189409,2000,balanced,10.0,sigmoid,"{'C': np.float64(5.994842503189409), 'cache_size': 2000, 'class_weight': 'balanced', 'gamma': np.float64(10.0), 'kernel': 'sigmoid'}",0.4375,0.5125,0.6437500000000002,0.5102040816326531,0.23571428571428568,0.46793367346938775,0.13381806908757643,1590
0.002505636215209961,0.00031161100697719773,0.003906965255737305,0.0011103439460474192,5.994842503189409,2000,"{1: 2, 0: 1}",10.0,sigmoid,"{'C': np.float64(5.994842503189409), 'cache_size': 2000, 'class_weight': {1: 2, 0: 1}, 'gamma': np.float64(10.0), 'kernel': 'sigmoid'}",0.45625,0.5125,0.6312500000000001,0.5102040816326531,0.22857142857142854,0.46775510204081633,0.13257133962341192,1593
0.0025020599365234374,0.0006356178256211586,0.004708242416381836,0.0020175244918597154,2.1544346900318834,2000,"{1: 2, 0: 1}",10.0,sigmoid,"{'C': np.float64(2.1544346900318834), 'cache_size': 2000, 'class_weight': {1: 2, 0: 1}, 'gamma': np.float64(10.0), 'kernel': 'sigmoid'}",0.45625,0.5125,0.6375000000000001,0.5034013605442177,0.2,0.46193027210884363,0.1440427789547385,1594
0.0031215190887451173,0.00037961492821638636,0.004007291793823242,0.00031046938042903724,5.994842503189409,2000,"{1: 3, 0: 1}",10.0,sigmoid,"{'C': np.float64(5.994842503189409), 'cache_size': 2000, 'class_weight': {1: 3, 0: 1}, 'gamma': np.float64(10.0), 'kernel': 'sigmoid'}",0.42500000000000004,0.48125,0.65625,0.5102040816326531,0.23571428571428568,0.46168367346938777,0.13638253749177243,1595
0.003305959701538086,0.0004029809024658176,0.0030034065246582033,0.0003150868140804227,2.1544346900318834,2000,"{1: 3.5, 0: 1}",10.0,sigmoid,"{'C': np.float64(2.1544346900318834), 'cache_size': 2000, 'class_weight': {1: 3.5, 0: 1}, 'gamma': np.float64(10.0), 'kernel': 'sigmoid'}",0.41875,0.53125,0.65625,0.46258503401360546,0.22142857142857142,0.45805272108843537,0.1429658959022512,1596
0.002803945541381836,0.0002425777340343674,0.004109573364257812,0.0004892296353922426,0.774263682681127,2000,"{1: 3, 0: 1}",10.0,sigmoid,"{'C': np.float64(0.774263682681127), 'cache_size': 2000, 'class_weight': {1: 3, 0: 1}, 'gamma': np.float64(10.0), 'kernel': 'sigmoid'}",0.4625,0.5687500000000001,0.61875,0.44217687074829937,0.17857142857142858,0.45414965986394557,0.15256667221520678,1597
0.00280613899230957,0.0006756663977606582,0.0031022548675537108,0.0002020855566435622,2.1544346900318834,2000,"{1: 3, 0: 1}",10.0,sigmoid,"{'C': np.float64(2.1544346900318834), 'cache_size': 2000, 'class_weight': {1: 3, 0: 1}, 'gamma': np.float64(10.0), 'kernel': 'sigmoid'}",0.4375,0.46875,0.65625,0.48299319727891155,0.22142857142857142,0.4533843537414966,0.13879701349426143,1598
0.006512451171875,0.0052841985594854046,0.004204177856445312,0.002162207168495135,2.1544346900318834,2000,balanced,10.0,sigmoid,"{'C': np.float64(2.1544346900318834), 'cache_size': 2000, 'class_weight': 'balanced', 'gamma': np.float64(10.0), 'kernel': 'sigmoid'}",0.4375,0.49375,0.625,0.48299319727891155,0.17857142857142858,0.44356292517006796,0.14645828982519873,1599
0.002806425094604492,0.00023893500664348783,0.002806854248046875,0.0005088186163716698,0.774263682681127,2000,"{1: 3.5, 0: 1}",10.0,sigmoid,"{'C': np.float64(0.774263682681127), 'cache_size': 2000, 'class_weight': {1: 3.5, 0: 1}, 'gamma': np.float64(10.0), 'kernel': 'sigmoid'}",0.4,0.525,0.6312500000000001,0.35374149659863946,0.20714285714285713,0.4234268707482993,0.14538995689019688,1600
